FEATURE_ID,NAME_USED,SYNONYMS,INCHIKEY,CPDAT_SUPERCLASSES,CPDAT_HARMONIZED,DEEPSEEK_RAG,GPT_NO_RAG,GPT_RAG,SEARCH_GPT
33,Hydroxyethanoic acid,"('Glycolic acid', 'Hydroxyacetic acid', 'Glycollic acid', 'Hydroxyethanoic acid', 'Acetic acid, hydroxy-')",AEMRFAOFKBGASW-UHFFFAOYSA-N,"['Vehicle', 'Personal care', 'Construction and building materials', 'Home maintenance', 'Cleaning products and household care']","['PERSONAL CARE', 'INDUSTRIAL']","['PERSONAL CARE', 'FOOD', 'INDUSTRIAL']","['FOOD', 'PERSONAL CARE', 'INDUSTRIAL']","['FOOD', 'PERSONAL CARE', 'INDUSTRIAL']",['INFO']
37,Phytosphingosine,"('Phytosphingosine', '(2s,3s,4r)-2-aminooctadecane-1,3,4-triol', 'Ribo-phytosphingosine', 'N-dodecanoyl-nbd-phytosphingosine', 'D-ribo-phytosphingosine')",AERBNCYCJBRYDG-KSZLIROESA-N,['Personal care'],['PERSONAL CARE'],"['ENDOGENOUS', 'FOOD', 'MEDICAL']","['ENDOGENOUS', 'PERSONAL CARE', 'FOOD']",['INFO'],['INFO']
56,Isoleucine,"('Isoleucine', '(2s,3s)-2-amino-3-methylpentanoic acid', '(s)-isoleucine', '(s,s)-isoleucine', 'H-ile-oh')",AGPKZVBTJJNPAG-WHFBIAKZSA-N,['Personal care'],['PERSONAL CARE'],"['FOOD', 'ENDOGENOUS']",['FOOD'],['FOOD'],"['FOOD', 'PERSONAL CARE']"
81,Para-aminobenzoic acid,"('Vitamin bx', 'Vitamin h1', 'P-aminobenzoic acid', 'Para-aminobenzoic acid', 'P-carboxyaniline')",,['Personal care'],['PERSONAL CARE'],"['MEDICAL', 'FOOD', 'INDUSTRIAL', 'PERSONAL CARE']","['FOOD', 'PERSONAL CARE', 'INDUSTRIAL']","['MEDICAL', 'FOOD', 'PERSONAL CARE', 'INDUSTRIAL']","['FOOD', 'PERSONAL CARE', 'MEDICAL']"
158,Temovate,"('Clobetasol propionate', 'Clobetasol 17-propionate', 'Clobex', 'Dermovate', 'Temovate')",CBGUOGMQLZIXBE-XGQKBEPLSA-N,['Personal care'],['PERSONAL CARE'],['MEDICAL'],['MEDICAL'],"['MEDICAL', 'PERSONAL CARE']",['MEDICAL']
357,Triclocarban,"('Triclocarban', 'Solubacter', 'Cutisan', 'Procutene', 'Genoface')",ICUTUKXCWQYESQ-UHFFFAOYSA-N,['Personal care'],['PERSONAL CARE'],"['PERSONAL CARE', 'MEDICAL', 'INDUSTRIAL']","['PERSONAL CARE', 'INDUSTRIAL']","['INDUSTRIAL', 'PERSONAL CARE']",['PERSONAL CARE']
372,Cyclocort,"('Amcinonide', 'Cyclocort', 'Amcinonidum', 'Triamcinolonacetatcyclopentanonid', 'Visderm')",ILKJAFIWWBXGDU-MOGDOJJUSA-N,['Personal care'],['PERSONAL CARE'],['MEDICAL'],['MEDICAL'],['MEDICAL'],['MEDICAL']
387,Clarityn,"('Loratadine', 'Loratidine', 'Claritin', 'Alavert', 'Clarityn')",JCCNYMKQOSZNPW-UHFFFAOYSA-N,['Personal care'],['PERSONAL CARE'],['MEDICAL'],['MEDICAL'],['MEDICAL'],['INFO']
418,Dichloroethanoic acid,"('Sodium dichloroacetate', 'Dichloracetic acid', 'Acetic acid, dichloro-', 'Dichloroethanoic acid', 'Dichlorethanoic acid')",JXTHNDFMNIQAHM-UHFFFAOYSA-N,['Personal care'],['PERSONAL CARE'],"['MEDICAL', 'INDUSTRIAL']",['INDUSTRIAL'],"['INDUSTRIAL', 'FOOD']","['MEDICAL', 'INDUSTRIAL']"
514,Dichlorophene,"('Dichlorophen', 'Dichlorophene', 'Dichlorofen', 'Dichlorphen', 'Didroxane')",MDNWOSOZYLHTCG-UHFFFAOYSA-N,['Specialty occupational products'],['INDUSTRIAL'],"['MEDICAL', 'INDUSTRIAL']","['MEDICAL', 'PERSONAL CARE', 'INDUSTRIAL']",['INFO'],['INFO']
563,Demykon,"('Chlorphenesin', 'Chlorophenesin', 'Adermykon', 'Gecophen', 'Demykon')",,['Personal care'],['PERSONAL CARE'],"['MEDICAL', 'PERSONAL CARE']",['INFO'],"['MEDICAL', 'PERSONAL CARE']","['MEDICAL', 'PERSONAL CARE']"
564,Atrazine,"('Atrazine', 'Gesaprim', 'Oleogesaprim', 'Chromozin', 'Aktikon')",MXWJVTOOROXGIU-UHFFFAOYSA-N,"['Landscape/yard', 'Laboratory supplies']",['INDUSTRIAL'],['INDUSTRIAL'],['INDUSTRIAL'],['INDUSTRIAL'],['INDUSTRIAL']
626,Bifenthrin,"('Bifenthrin', 'Biphenthrin', 'Kappa-bifenthrin', 'Capture', 'Kappa-bifenthrine')",,"['Pesticides', 'Landscape/yard']",['INDUSTRIAL'],['INDUSTRIAL'],['INDUSTRIAL'],['INDUSTRIAL'],['INDUSTRIAL']
644,Baysan,"('Climbazole', 'Climbazol', 'Baypival', 'Baysan', 'Crinipan ad')",OWEGWHBOCFMBLP-UHFFFAOYSA-N,['Personal care'],['PERSONAL CARE'],['INFO'],['INFO'],['INFO'],['INFO']
715,Beta-cyfluthrin,"('Œ≤-cyfluthrin', 'Beta-cyfluthrin', '[(r)-cyano-(4-fluoro-3-phenoxyphenyl)methyl] (1s)-3-(2,2-dichloroethenyl)-2,2-dimethylcyclopropane-1-carboxylate', 'Beta-cyfluthrin 1000 microg/ml in hexane', 'Beta-cyfluthrin 100 microg/ml in n-hexane')",,['Pesticides'],['INDUSTRIAL'],['INDUSTRIAL'],['INDUSTRIAL'],['INDUSTRIAL'],['INDUSTRIAL']
747,Elimite,"('Permethrin', 'Transpermethrin', 'Ambush', 'Pounce', 'Elimite')",RLLPVAHGXHCWKJ-UHFFFAOYSA-N,"['Pet care', 'Pesticides', 'Personal care', 'Construction and building materials']","['PERSONAL CARE', 'INDUSTRIAL']","['MEDICAL', 'INDUSTRIAL']",['MEDICAL'],"['MEDICAL', 'INDUSTRIAL']",['MEDICAL']
822,Clindamycin phosphate,"('Clindamycin (phosphate)', 'Clindamycin 2-dihydrogen phosphate', 'Clindamycin 2-phosphate', 'Clindamycin phosphate', 'Cleocin t')",UFUVLHLTWXBHGZ-MGZQPHGTSA-N,['Personal care'],['PERSONAL CARE'],['MEDICAL'],['MEDICAL'],['MEDICAL'],['MEDICAL']
874,Clotrimazol,"('Clotrimazole', 'Lotrimin', 'Canesten', 'Mycelex', 'Clotrimazol')",VNFPBHJOKIVQEB-UHFFFAOYSA-N,['Personal care'],['PERSONAL CARE'],['MEDICAL'],['MEDICAL'],['MEDICAL'],['MEDICAL']
970,Panfungol,"('Ketoconazole', 'Ketoconazol', 'R 41400', 'Nizoral', 'Panfungol')",XMAYWYJOQHXEEK-OZXSUGGESA-N,"['Pet care', 'Personal care']","['PERSONAL CARE', 'INDUSTRIAL']","['INFO', 'MEDICAL']",['INFO'],"['MEDICAL', 'PERSONAL CARE']",['INFO']
1059,Fluocyanobenpyrazole,"('Fipronil', 'Termidor', 'Rm 1601', 'Mb 46030', 'Fluocyanobenpyrazole')",,"['Pet care', 'Pesticides']",['INDUSTRIAL'],['INDUSTRIAL'],['INFO'],['INDUSTRIAL'],['INFO']
1109,Antabus,"('Disulfiram', 'Tetraethylthiuram disulfide', 'Antabuse', 'Bis(diethylthiocarbamoyl) disulfide', 'Antabus')",AUZONCFQVSMFAP-UHFFFAOYSA-N,['Personal care'],['PERSONAL CARE'],['MEDICAL'],['MEDICAL'],"['MEDICAL', 'INDUSTRIAL']",['INFO']
1118,Isopropyl myristate,"('Isopropyl myristate', 'Isopropyl tetradecanoate', 'Tetradecanoic acid, 1-methylethyl ester', 'Bisomel', 'Isomyst')",,"['Cleaning products and household care', 'Pet care', 'Raw materials', 'Personal care']","['PERSONAL CARE', 'INDUSTRIAL']","['PERSONAL CARE', 'MEDICAL']","['PERSONAL CARE', 'INDUSTRIAL']",['PERSONAL CARE'],"['PERSONAL CARE', 'MEDICAL', 'INDUSTRIAL']"
1126,Threonin,"('Threonine', '(2s,3r)-2-amino-3-hydroxybutanoic acid', 'Threonin', '(s)-threonine', 'H-thr-oh')",AYFVYJQAPQTCCC-GBXIJSLDSA-N,['Personal care'],['PERSONAL CARE'],"['FOOD', 'ENDOGENOUS']",['FOOD'],['FOOD'],['FOOD']
1137,Splenda,"('Sucralose', 'Trichlorosucrose', 'Splenda', 'Aspasvit', 'Acucar light')",BAQAVOSOZGMPRM-QBMZZYIRSA-N,"['Raw materials', 'Personal care', 'Cleaning products and household care']","['PERSONAL CARE', 'INDUSTRIAL']",['FOOD'],['FOOD'],['FOOD'],['FOOD']
1147,Kojic acid,"('Kojic acid', 'Acido kojico', 'Pyran-4-one, 5-hydroxy-2-(hydroxymethyl)', 'Kojisaeure', 'Kojic acid solution')",,['Personal care'],['PERSONAL CARE'],"['FOOD', 'PERSONAL CARE', 'MEDICAL']","['PERSONAL CARE', 'FOOD', 'INDUSTRIAL']","['FOOD', 'PERSONAL CARE']","['PERSONAL CARE', 'FOOD']"
1148,Phenolsulfonphthalein,"('Phenol red (sodium salt)', 'Phenolsulfonephthalein sodium salt', 'Phenolsulfonphthalein', 'Fenolipuna', 'Sulfonphthal')",,"['Laboratory supplies', 'Personal care']","['PERSONAL CARE', 'INDUSTRIAL']",['INDUSTRIAL'],"['MEDICAL', 'INDUSTRIAL']",['INDUSTRIAL'],"['MEDICAL', 'PERSONAL CARE']"
1158,Tert-butylhydroquinone,"('Tert-butylhydroquinone', 'T-butylhydroquinone', 'T-butyl hydroquinone', 'Mono-tert-butylhydroquinone', 'Sustane')",,"['Pesticides', 'Personal care']","['PERSONAL CARE', 'INDUSTRIAL']","['FOOD', 'INDUSTRIAL', 'PERSONAL CARE']","['FOOD', 'INDUSTRIAL']","['FOOD', 'INDUSTRIAL', 'PERSONAL CARE']","['FOOD', 'PERSONAL CARE', 'INDUSTRIAL']"
1175,Lanolin,"('Lanolin', 'Stearyl palmitate', 'Octadecyl palmitate', 'Octadecyl hexadecanoate', 'Hexadecanoic acid, octadecyl ester')",,"['Home maintenance', 'Cleaning products and household care', 'Cons. electronics, mech. appliances, and machinery', 'Personal care', 'Manufactured formulations', 'Landscape/yard']","['PERSONAL CARE', 'INDUSTRIAL']","['PERSONAL CARE', 'INDUSTRIAL', 'MEDICAL']",['PERSONAL CARE'],"['PERSONAL CARE', 'MEDICAL', 'INDUSTRIAL']","['PERSONAL CARE', 'INDUSTRIAL']"
1178,Malic acid,"('(s)-malic acid', '(s)-hydroxybutanedioic acid', '(s)-e 296', 'Malic acid', '(s)-2-hydroxysuccinic acid')",BJEPYKJPYRNKOW-UHFFFAOYSA-N,"['Personal care', 'Cleaning products and household care']","['PERSONAL CARE', 'INDUSTRIAL']","['FOOD', 'ENDOGENOUS']","['ENDOGENOUS', 'FOOD']","['ENDOGENOUS', 'FOOD', 'INDUSTRIAL']","['FOOD', 'ENDOGENOUS', 'PERSONAL CARE']"
1179,Malate,"('Malic acid', 'Dmalic acid', '(r)-2-hydroxysuccinic acid', '(r)-malic acid', 'Malate')",BJEPYKJPYRNKOW-UHFFFAOYSA-N,"['Personal care', 'Cleaning products and household care']","['PERSONAL CARE', 'INDUSTRIAL']","['FOOD', 'ENDOGENOUS']","['ENDOGENOUS', 'FOOD']","['ENDOGENOUS', 'FOOD', 'INDUSTRIAL']","['ENDOGENOUS', 'FOOD']"
1184,Ursin,"('Arbutin', 'Œ≤-arbutin', 'Arbutoside', 'Ursin', 'Uvasol')",BJRNKVDFDLYUGJ-RMPHRYRLSA-N,['Personal care'],['PERSONAL CARE'],['INFO'],['INFO'],['INFO'],['INFO']
1185,Alpha-arbutin,"('Œ±-arbutin', 'Alpha-arbutin', 'Alpha arbutin', '(2r,3s,4s,5r,6r)-2-(hydroxymethyl)-6-(4-hydroxyphenoxy)oxane-3,4,5-triol', 'Alpha-d-glucopyranoside, 4-hydroxyphenyl')",BJRNKVDFDLYUGJ-ZIQFBCGOSA-N,['Personal care'],['PERSONAL CARE'],"['MEDICAL', 'PERSONAL CARE']",['PERSONAL CARE'],['PERSONAL CARE'],['PERSONAL CARE']
1191,Anaesthesin,"('Benzocaine', 'Ethyl 4-aminobenzoate', 'Ethyl aminobenzoate', 'Ethyl p-aminobenzoate', 'Anaesthesin')",BLFLLBZGZJTVJG-UHFFFAOYSA-N,"['Pet care', 'Personal care']","['PERSONAL CARE', 'INDUSTRIAL']","['MEDICAL', 'PERSONAL CARE']",['MEDICAL'],"['MEDICAL', 'PERSONAL CARE', 'INDUSTRIAL']",['MEDICAL']
1197,Ceramide 2,"('Ceramide 2', 'N-acetylsphingosine', 'N-acetyl-d-sphingosine', 'N-(acetyl)-sphing-4-enine', 'N-(acetyl)-ceramide')",,['Personal care'],['PERSONAL CARE'],"['MEDICAL', 'PERSONAL CARE', 'ENDOGENOUS']","['PERSONAL CARE', 'ENDOGENOUS']","['MEDICAL', 'ENDOGENOUS', 'PERSONAL CARE', 'FOOD']","['ENDOGENOUS', 'PERSONAL CARE']"
1220,N-oleoylethanolamide,"('Oleoylethanolamide', 'N-oleoylethanolamide', 'Oleamide mea', 'Oleic acid monoethanolamide', 'N-oleoylethanolamine')",BOWVQLFMWHZBEF-KTKRTIGZSA-N,['Personal care'],['PERSONAL CARE'],['ENDOGENOUS'],['ENDOGENOUS'],['ENDOGENOUS'],"['ENDOGENOUS', 'FOOD']"
1232,Rhodamine 6g,"('Rhodamine 6g', 'Basic red 1', 'C.i. pigment red 81', 'Pigment red 81', '[9-(2-ethoxycarbonylphenyl)-6-(ethylamino)-2,7-dimethylxanthen-3-ylidene]-ethylazanium')",,['Arts and crafts/office supplies'],['INDUSTRIAL'],"['INDUSTRIAL', 'MEDICAL']",['INDUSTRIAL'],['INFO'],['INDUSTRIAL']
1237,Acylpyrin,"('Aspirin', 'Acetylsalicylic acid', 'O-acetylsalicylic acid', 'O-acetoxybenzoic acid', 'Acylpyrin')",,['Personal care'],['PERSONAL CARE'],['MEDICAL'],['MEDICAL'],['MEDICAL'],['MEDICAL']
1239,Piperidinic acid,"('Œ≥-aminobutyric acid', 'Gamma-aminobutyric acid', 'Piperidic acid', 'Piperidinic acid', 'Aminalon')",,['Personal care'],['PERSONAL CARE'],"['INFO', 'ENDOGENOUS', 'FOOD']",['INFO'],"['ENDOGENOUS', 'FOOD', 'MEDICAL']",['INFO']
1257,Hexadecyl alcohol,"('Cetyl alcohol', 'Hexadecan-1-ol', 'Cetanol', 'Palmityl alcohol', 'Hexadecyl alcohol')",,"['Raw materials', 'Personal care']","['PERSONAL CARE', 'INDUSTRIAL']","['PERSONAL CARE', 'INDUSTRIAL']","['INDUSTRIAL', 'PERSONAL CARE']","['PERSONAL CARE', 'INDUSTRIAL']","['PERSONAL CARE', 'INDUSTRIAL']"
1260,Tetryzoline,"('Tetrahydrozoline (hydrochloride)', 'Tetryzoline (hydrochloride)', 'Tetrahydrozoline', 'Tetryzoline', 'Tetryzolin')",BYJAVTDNIXVSPW-UHFFFAOYSA-N,['Personal care'],['PERSONAL CARE'],['MEDICAL'],['MEDICAL'],['MEDICAL'],['MEDICAL']
1270,N-acetyl-l-tyrosine,"('N-acetyl-l-tyrosine', 'Ac-tyr-oh', 'N-acetyl-tyrosine', 'Acetyl tyrosine', 'Tyrosine, n-acetyl-')",CAHKINHBCWCHCF-JTQLQIEISA-N,['Personal care'],['PERSONAL CARE'],"['ENDOGENOUS', 'MEDICAL']",['INFO'],"['ENDOGENOUS', 'MEDICAL']",['INFO']
1280,Muco-inositol,"('Chiro-inositol', 'Myo-inositol', 'Inositol', 'Scyllo-inositol', 'Muco-inositol')",,"['Pet care', 'Personal care']","['PERSONAL CARE', 'INDUSTRIAL']",['INFO'],"['ENDOGENOUS', 'FOOD']",['INFO'],['INFO']
1297,Isoascorbic acid,"('Erythorbic acid', 'Isoascorbic acid', 'Araboascorbic acid', 'Isovitamin c', 'Erycorbin')",,['Personal care'],['PERSONAL CARE'],"['FOOD', 'INDUSTRIAL']","['FOOD', 'INDUSTRIAL']","['FOOD', 'INDUSTRIAL']","['FOOD', 'PERSONAL CARE', 'INDUSTRIAL']"
1298,Ascoltin,"('Ascorbic acid', 'Ascorbate', 'Vitamin c', 'Lascorbic acid', 'Ascoltin')",CIWBSHSKHKDKBQ-JLAZNSOCSA-N,"['Pet care', 'Personal care', 'Raw materials', 'Laboratory supplies']","['PERSONAL CARE', 'INDUSTRIAL']",['INFO'],['INFO'],"['MEDICAL', 'FOOD', 'PERSONAL CARE']",['INFO']
1306,Aspartate,"('Aspartic acid', '(r)-aspartic acid', '(r)-2-aminosuccinic acid', 'Aspartate', 'H-d-asp-oh')",,['Personal care'],['PERSONAL CARE'],"['ENDOGENOUS', 'FOOD']","['ENDOGENOUS', 'FOOD']","['ENDOGENOUS', 'FOOD', 'INDUSTRIAL']","['ENDOGENOUS', 'FOOD']"
1307,Asparagic acid,"('Aspartic acid (calcium)', 'Calcium l-aspartate', 'Aspartic acid', 'H-asp-oh', 'Asparagic acid')",CKLJMWTZIZZHCS-REOHCLBHSA-N,['Personal care'],['PERSONAL CARE'],"['ENDOGENOUS', 'FOOD']",['INFO'],"['ENDOGENOUS', 'FOOD', 'INDUSTRIAL']",['INFO']
1321,Phenylalanine,"('Phenylalanine', 'H-d-phe-oh', '(2r)-2-amino-3-phenylpropanoic acid', 'Sabiden', 'Phenylalanine d-form')",,['Personal care'],['PERSONAL CARE'],"['FOOD', 'ENDOGENOUS', 'MEDICAL']","['ENDOGENOUS', 'FOOD']","['FOOD', 'MEDICAL']",['FOOD']
1329,Carnosine,"('Carnosine', 'Beta-alanyl-l-histidine', 'Karnozin', 'Ignotine', 'Karnozzn')",,['Personal care'],['PERSONAL CARE'],"['ENDOGENOUS', 'FOOD', 'PERSONAL CARE']","['ENDOGENOUS', 'FOOD']","['ENDOGENOUS', 'FOOD', 'PERSONAL CARE']","['ENDOGENOUS', 'FOOD', 'PERSONAL CARE']"
1347,Saccharine,"('Saccharin', 'O-benzoic sulfimide', 'O-sulfobenzimide', 'Saccharine', 'Saccharimide')",CVHZOJJKTDOEJC-UHFFFAOYSA-N,"['Home maintenance', 'Personal care']","['PERSONAL CARE', 'INDUSTRIAL']","['FOOD', 'INDUSTRIAL']",['FOOD'],"['FOOD', 'INDUSTRIAL']",['FOOD']
1348,Krebiozon,"('Creatine', 'Creatin', 'Kreatin', 'N-amidinosarcosine', 'Krebiozon')",CVSVTCORWBXHQV-UHFFFAOYSA-N,['Personal care'],['PERSONAL CARE'],"['INFO', 'ENDOGENOUS', 'FOOD', 'MEDICAL']",['MEDICAL'],['INFO'],['INFO']
1358,Sungard,"('Sulisobenzone', 'Benzophenone-4', 'Sungard', 'Benzophenone 4', 'Uval')",CXVGEDCSTKKODG-UHFFFAOYSA-N,['Personal care'],['PERSONAL CARE'],['INDUSTRIAL'],['INFO'],['INFO'],['INDUSTRIAL']
1365,White sugar,"('Sucrose', 'Saccharose', 'Cane sugar', 'Table sugar', 'White sugar')",CZMRCDWAGMRECN-UGDNZRGBSA-N,"['Landscape/yard', 'Raw materials', 'Personal care', 'Pesticides', 'Cleaning products and household care']","['PERSONAL CARE', 'INDUSTRIAL']",['FOOD'],['FOOD'],['FOOD'],['FOOD']
1371,Theanine,"('Theanine', 'Glutamic acid œ≥-ethyl amide', 'Nœ≥-ethyl-l-glutamine', 'Theanin', 'Suntheanine')",DATAGRPVKZEWHA-YFKPBYRVSA-N,"['Pet care', 'Personal care']","['PERSONAL CARE', 'INDUSTRIAL']","['FOOD', 'MEDICAL']",['FOOD'],"['FOOD', 'PERSONAL CARE']",['FOOD']
1379,Etidronate,"('Etidronic acid', 'Etidronate', 'Etidronsaeure', 'Acetodiphosphonic acid', 'Hydroxyethanediphosphonic acid')",DBVJJBKOTRCVKF-UHFFFAOYSA-N,"['Landscape/yard', 'Personal care', 'Pet care', 'Cleaning products and household care']","['PERSONAL CARE', 'INDUSTRIAL']","['MEDICAL', 'INDUSTRIAL', 'PERSONAL CARE']",['MEDICAL'],"['MEDICAL', 'INDUSTRIAL', 'PERSONAL CARE']",['MEDICAL']
1393,Pyridine-3-carboxamide,"('Nicotinamide', 'Niacinamide', 'Nicotinic acid amide', 'Pyridine-3-carboxamide', 'Vitamin pp')",DFPAKSUCGFBDDF-UHFFFAOYSA-N,"['Pet care', 'Personal care']","['PERSONAL CARE', 'INDUSTRIAL']","['MEDICAL', 'FOOD', 'ENDOGENOUS']","['MEDICAL', 'FOOD']","['MEDICAL', 'ENDOGENOUS', 'FOOD', 'PERSONAL CARE']",['INFO']
1401,Aminoethanoic acid,"('Ferrous bisglycinate', 'Glycine', 'Aminoacetic acid', 'Glycocoll', 'Aminoethanoic acid')",DHMQDGOQFOQNFH-UHFFFAOYSA-N,"['Personal care', 'Cleaning products and household care']","['PERSONAL CARE', 'INDUSTRIAL']","['ENDOGENOUS', 'FOOD', 'INDUSTRIAL', 'MEDICAL']","['ENDOGENOUS', 'FOOD']","['ENDOGENOUS', 'FOOD', 'INDUSTRIAL']",['INFO']
1418,Acetic acid amide,"('Acetamide', 'Ethanamide', 'Acetic acid amide', 'Methanecarboxamide', 'Acetimidic acid')",,['Personal care'],['PERSONAL CARE'],['INDUSTRIAL'],['INFO'],['INDUSTRIAL'],"['INDUSTRIAL', 'FOOD']"
1424,Methylethylene glycol,"('(¬±)-1,2-propanediol', 'Propylene glycol', 'Propane-1,2-diol', 'Methylethyl glycol', 'Methylethylene glycol')",DNIAPMSPPWPWGF-UHFFFAOYSA-N,"['Raw materials', 'Vehicle', 'Personal care', 'Arts and crafts/office supplies', 'Cleaning products and household care']","['PERSONAL CARE', 'INDUSTRIAL']","['FOOD', 'INDUSTRIAL', 'MEDICAL', 'PERSONAL CARE']",['INFO'],"['FOOD', 'MEDICAL', 'PERSONAL CARE', 'INDUSTRIAL']",['INFO']
1433,Butyl phthalate,"('Dibutyl phthalate', 'Di-n-butyl phthalate', 'N-butyl phthalate', 'Butyl phthalate', 'Celluflex dpb')",DOIRQSBPFJWKBE-UHFFFAOYSA-N,"['Home maintenance', 'Personal care', 'Manufactured formulations']","['PERSONAL CARE', 'INDUSTRIAL']","['INDUSTRIAL', 'PERSONAL CARE']",['INDUSTRIAL'],['INDUSTRIAL'],"['INDUSTRIAL', 'PERSONAL CARE']"
1448,Circadin,"('Melatonin', 'N-acetyl-5-methoxytryptamine', 'Melatonine', 'N-[2-(5-methoxy-1h-indol-3-yl)ethyl]acetamide', 'Circadin')",DRLFMBDRBRZALE-UHFFFAOYSA-N,['Personal care'],['PERSONAL CARE'],"['MEDICAL', 'ENDOGENOUS', 'FOOD']",['MEDICAL'],"['MEDICAL', 'ENDOGENOUS', 'FOOD']","['MEDICAL', 'ENDOGENOUS']"
1456,Bornan-2-one,"('Camphor', '(1r)-camphor', '(r)-camphor', '(1r,4r)-1,7,7-trimethylbicyclo[2.2.1]heptan-2-one', 'Bornan-2-one')",,"['Cleaning products and household care', 'Electronics/small appliances', 'Pesticides', 'Personal care']","['PERSONAL CARE', 'INDUSTRIAL']","['MEDICAL', 'PERSONAL CARE', 'FOOD', 'INDUSTRIAL']",['INFO'],"['FOOD', 'PERSONAL CARE', 'INDUSTRIAL']","['FOOD', 'PERSONAL CARE', 'INDUSTRIAL']"
1458,Isoborneol,"('Borneol', 'Isoborneol', 'Camphol', '(1r,2s,4r)-1,7,7-trimethylbicyclo[2.2.1]heptan-2-ol', 'Bicyclo[2.2.1]heptan-2-ol, 1,7,7-trimethyl-, (1r,2s,4r)-')",,['Cleaning products and household care'],['INDUSTRIAL'],['INDUSTRIAL'],"['FOOD', 'INDUSTRIAL', 'PERSONAL CARE']",['INFO'],"['FOOD', 'PERSONAL CARE', 'INDUSTRIAL']"
1459,Linolenate,"('Œ±-linolenic acid', 'Linolenic acid', 'Alpha-linolenic acid', 'Linolenate', '(9z,12z,15z)-octadeca-9,12,15-trienoic acid')",DTOSIQBPPRVQHS-PDBXOOCHSA-N,['Personal care'],['PERSONAL CARE'],"['FOOD', 'ENDOGENOUS']","['ENDOGENOUS', 'FOOD']",['FOOD'],['FOOD']
1461,Phenylethanal,"('Phenylacetaldehyde', 'Benzeneacetaldehyde', 'Hyacinthin', 'Phenylethanal', 'Alpha-tolualdehyde')",,"['Cleaning products and household care', 'Vehicle']",['INDUSTRIAL'],"['INDUSTRIAL', 'FOOD', 'PERSONAL CARE', 'ENDOGENOUS']",['INFO'],"['ENDOGENOUS', 'FOOD', 'PERSONAL CARE', 'INDUSTRIAL']","['FOOD', 'PERSONAL CARE']"
1472,Benzophenone-3,"('Oxybenzone', 'Benzophenone 3', 'Benzophenone-3', '(2-hydroxy-4-methoxyphenyl)(phenyl)methanone', 'Oxybenzon')",DXGLGDHPHMLXJC-UHFFFAOYSA-N,"['Vehicle', 'Personal care', 'Construction and building materials']","['PERSONAL CARE', 'INDUSTRIAL']","['PERSONAL CARE', 'INDUSTRIAL']",['PERSONAL CARE'],"['PERSONAL CARE', 'INDUSTRIAL', 'FOOD']","['PERSONAL CARE', 'INDUSTRIAL']"
1492,Manna sugar,"('Mannitol', 'Mannite', 'Osmitrol', 'Manna sugar', 'Osmofundin')",,"['Cleaning products and household care', 'Personal care']","['PERSONAL CARE', 'INDUSTRIAL']","['MEDICAL', 'FOOD', 'INDUSTRIAL']",['INFO'],"['MEDICAL', 'FOOD', 'INDUSTRIAL']",['INFO']
1493,Glucitol,"('Sorbitol', 'Glucitol', 'Gulitol', 'Glucarine', 'Diakarmon')",,['Personal care'],['PERSONAL CARE'],"['FOOD', 'MEDICAL', 'PERSONAL CARE']",['FOOD'],"['MEDICAL', 'ENDOGENOUS', 'FOOD', 'PERSONAL CARE', 'INDUSTRIAL']",['INFO']
1500,Diethylamino hydroxybenzoyl hexyl benzoate,"('Diethylamino hydroxybenzoyl hexyl benzoate', 'Hexyl 2-(4-(diethylamino)-2-hydroxybenzoyl)benzoate', 'Uvinul a plus', 'Hexyl 2-[4-(diethylamino)-2-hydroxybenzoyl]benzoate', 'Benzoic acid, 2-[4-(diethylamino)-2-hydroxybenzoyl]-, hexyl ester')",FDATWRLUYRHCJE-UHFFFAOYSA-N,['Personal care'],['PERSONAL CARE'],['PERSONAL CARE'],['PERSONAL CARE'],['PERSONAL CARE'],['PERSONAL CARE']
1501,Sulphonamide,"('Sulfanilamide', 'Sulphanilamide', 'Sulfamine', 'P-aminobenzenesulfonamide', 'Sulphonamide')",FDDDEECHVMSUSB-UHFFFAOYSA-N,['Laboratory supplies'],['INDUSTRIAL'],"['MEDICAL', 'INDUSTRIAL']",['INFO'],['INFO'],['INFO']
1512,N-butyric acid,"('Sodium butyrate', 'Butanoic acid sodium salt', 'Butyric acid', 'Butanoic acid', 'N-butyric acid')",,"['Cleaning products and household care', 'Vehicle']",['INDUSTRIAL'],"['FOOD', 'INDUSTRIAL', 'ENDOGENOUS']","['FOOD', 'ENDOGENOUS', 'INDUSTRIAL']","['ENDOGENOUS', 'FOOD', 'INDUSTRIAL']","['ENDOGENOUS', 'FOOD', 'INDUSTRIAL']"
1530,Piperonylbutoxide,"('Piperonyl butoxide', 'Butacide', 'Piperonylbutoxide', 'Butocide', 'Ethanol butoxide')",FIPWRIJSWJWJAI-UHFFFAOYSA-N,"['Pet care', 'Pesticides', 'Personal care']","['PERSONAL CARE', 'INDUSTRIAL']",['INDUSTRIAL'],"['INDUSTRIAL', 'PERSONAL CARE']",['INDUSTRIAL'],"['MEDICAL', 'PERSONAL CARE', 'INDUSTRIAL']"
1547,Octocrilene,"('Octocrylene', 'Octocrilene', 'Octocrilene (inn)', 'Octocrilene [inn]', 'Parsol 340')",FMJSMJQBSVNSBF-UHFFFAOYSA-N,"['Home maintenance', 'Personal care']","['PERSONAL CARE', 'INDUSTRIAL']",['PERSONAL CARE'],['PERSONAL CARE'],['PERSONAL CARE'],['PERSONAL CARE']
1548,Ethyl hexyl salicylate,"('Octisalate', 'Octyl salicylate', 'Sunarome o', 'Ethyl hexyl salicylate', 'Sunarome wmo')",,['Personal care'],['PERSONAL CARE'],['PERSONAL CARE'],['PERSONAL CARE'],['PERSONAL CARE'],['PERSONAL CARE']
1567,Desenex,"('Undecylenic acid', 'Undec-10-enoic acid', 'Undecenoic acid', 'Desenex', 'Renselin')",FRPZMMHWLSIFAZ-UHFFFAOYSA-N,['Personal care'],['PERSONAL CARE'],['MEDICAL'],"['MEDICAL', 'PERSONAL CARE']","['MEDICAL', 'PERSONAL CARE', 'INDUSTRIAL']","['MEDICAL', 'PERSONAL CARE']"
1573,Cesol,"('Praziquantel', 'Biltricide', 'Droncit', 'Pyquiton', 'Cesol')",FSVJFNAIGNNGKK-UHFFFAOYSA-N,['Pet care'],['INDUSTRIAL'],['MEDICAL'],['INFO'],['MEDICAL'],['MEDICAL']
1582,Sporiline,"('Tolnaftate', 'Tinactin', 'Tonoftal', 'Tolnaphthate', 'Sporiline')",FUSNMLFNXJSCDI-UHFFFAOYSA-N,['Personal care'],['PERSONAL CARE'],"['MEDICAL', 'INDUSTRIAL']",['INFO'],"['MEDICAL', 'PERSONAL CARE']","['MEDICAL', 'PERSONAL CARE']"
1637,Pantothenic acid,"('Pantothenic acid (hemicalcium salt)', 'Calcium pantothenate', 'Calcium d-pantothenate', 'Vitamin b5 calcium salt', 'Pantothenic acid')",GHOKWGTUZJEAQD-ZETCQYMHSA-N,"['Pet care', 'Personal care']","['PERSONAL CARE', 'INDUSTRIAL']","['FOOD', 'ENDOGENOUS']",['FOOD'],['FOOD'],"['FOOD', 'PERSONAL CARE']"
1640,Decylic acid,"('Decanoic acid', 'N-decanoic acid', 'N-capric acid', 'Decoic acid', 'Decylic acid')",,"['Cleaning and safety', 'Personal care']","['PERSONAL CARE', 'INDUSTRIAL']","['FOOD', 'INDUSTRIAL', 'MEDICAL']","['FOOD', 'INDUSTRIAL']","['FOOD', 'INDUSTRIAL', 'MEDICAL']",['INFO']
1652,Octadecyl alcohol,"('Stearyl alcohol', 'Octadecan-1-ol', 'Octadecanol', 'Octadecyl alcohol', 'N-octadecanol')",,"['Cleaning products and household care', 'Personal care']","['PERSONAL CARE', 'INDUSTRIAL']","['PERSONAL CARE', 'INDUSTRIAL']","['INDUSTRIAL', 'PERSONAL CARE']","['PERSONAL CARE', 'INDUSTRIAL']","['PERSONAL CARE', 'INDUSTRIAL', 'FOOD']"
1658,Geraniol,"('Geraniol', 'Lemonol', 'Geranyl alcohol', 'Trans-geraniol', '(e)-geraniol')",GLZPCOQZEFWAFX-YFHOEESVSA-N,"['Vehicle', 'Pesticides', 'Cleaning products and household care']",['INDUSTRIAL'],"['PERSONAL CARE', 'FOOD', 'INDUSTRIAL']","['FOOD', 'PERSONAL CARE']","['FOOD', 'PERSONAL CARE']","['FOOD', 'PERSONAL CARE']"
1659,Nerol,"('Nerol', 'Cis-geraniol', 'Neryl alcohol', '(z)-3,7-dimethylocta-2,6-dien-1-ol', '(z)-geraniol')",GLZPCOQZEFWAFX-YFHOEESVSA-N,"['Vehicle', 'Pesticides', 'Cleaning products and household care']",['INDUSTRIAL'],"['PERSONAL CARE', 'FOOD']","['FOOD', 'PERSONAL CARE']","['FOOD', 'PERSONAL CARE']",['INFO']
1682,Alpha-pinene,"('Œ±-pinene', 'Alpha-pinene', '(1s)-alpha-pinene', '(1s,5s)-2,6,6-trimethylbicyclo[3.1.1]hept-2-ene', '|a-pinene')",GRWFGVWFFZKLTI-UHFFFAOYSA-N,"['Vehicle', 'Personal care', 'Pesticides', 'Cleaning products and household care']","['PERSONAL CARE', 'INDUSTRIAL']","['FOOD', 'INDUSTRIAL']",['FOOD'],"['FOOD', 'PERSONAL CARE', 'INDUSTRIAL']","['FOOD', 'PERSONAL CARE', 'INDUSTRIAL']"
1687,Trans-aconitate,"('Trans-aconitic acid', '(e)-prop-1-ene-1,2,3-tricarboxylic acid', 'Trans-aconitate', '(e)-1-propene-1,2,3-tricarboxylic acid', '(e)-aconitic acid')",,"['Cleaning products and household care', 'Pet care', 'Electronics/small appliances', 'Vehicle', 'Personal care']","['PERSONAL CARE', 'INDUSTRIAL']",['INFO'],['ENDOGENOUS'],['INFO'],['INFO']
1690,Lactose,"('Lactose', '.beta.-lactose', 'Beta-d-glucopyranose, 4-o-beta-d-galactopyranosyl-', 'Beta-d-lactose', 'Beta-lactose')",GUBGYTABKSRVRQ-DCSYEGIMSA-N,"['Personal care', 'Cleaning products and household care']","['PERSONAL CARE', 'INDUSTRIAL']","['FOOD', 'INDUSTRIAL', 'MEDICAL']",['FOOD'],"['FOOD', 'INDUSTRIAL', 'MEDICAL']","['FOOD', 'MEDICAL', 'PERSONAL CARE', 'INDUSTRIAL']"
1696,Alpha-tocopherol,"('Alpha-tocopherol', 'Œ±-tocopherol', 'Alpha-tochopherol', 'Tocopheroxy radical', 'Ephanyl')",,['Personal care'],['PERSONAL CARE'],"['FOOD', 'ENDOGENOUS', 'MEDICAL']","['ENDOGENOUS', 'FOOD', 'PERSONAL CARE']","['ENDOGENOUS', 'FOOD']","['FOOD', 'PERSONAL CARE', 'INDUSTRIAL']"
1736,Panacur,"('Fenbendazole', 'Panacur', 'Fenbendazol', 'Phenbendasol', 'Fenbendazolum')",HDDSHPAODJUKPD-UHFFFAOYSA-N,['Pet care'],['INDUSTRIAL'],['MEDICAL'],['MEDICAL'],['INFO'],['INFO']
1740,Trehalose,"('Trehalose', 'Œ±,œ±-trehalose', 'Alpha,alpha-trehalose', 'Mycose', 'Ergot sugar')",HDTRYLNUVZCQOY-LIZSDCNHSA-N,['Personal care'],['PERSONAL CARE'],"['FOOD', 'MEDICAL', 'PERSONAL CARE']",['FOOD'],"['FOOD', 'PERSONAL CARE', 'MEDICAL']","['FOOD', 'PERSONAL CARE', 'MEDICAL']"
1744,Xylite,"('Ribitol', 'Adonitol', 'Adonite', 'Xylitol', 'Xylite')",HEBKCHPVOIAQTA-UHFFFAOYSA-N,"['Raw materials', 'Personal care']","['PERSONAL CARE', 'INDUSTRIAL']","['FOOD', 'MEDICAL', 'PERSONAL CARE']",['INFO'],"['FOOD', 'PERSONAL CARE', 'INDUSTRIAL']","['FOOD', 'PERSONAL CARE']"
1745,Ibuprofen,"('(r)-ibuprofen', 'Levibuprofen', 'Ibuprofen', '(r)-2-(4-isobutylphenyl)propanoic acid', 'R-ibuprofen')",HEFNNWSXXWATRW-UHFFFAOYSA-N,['Personal care'],['PERSONAL CARE'],['MEDICAL'],['MEDICAL'],['MEDICAL'],['MEDICAL']
1747,Advil,"('Ibuprofen', '(¬±)-ibuprofen', 'Motrin', 'Brufen', 'Advil')",HEFNNWSXXWATRW-UHFFFAOYSA-N,['Personal care'],['PERSONAL CARE'],['MEDICAL'],['MEDICAL'],['MEDICAL'],['MEDICAL']
1748,Truvia,"('Rebaudioside a', 'Stevioside a3', 'Rebaudioside-a', 'Truvia', 'Sweetener 4g-s')",HELXLJCILKEWJH-NCGAPWICSA-N,['Personal care'],['PERSONAL CARE'],['FOOD'],['FOOD'],['FOOD'],['FOOD']
1758,Sulfonylbismethane,"('Dimethyl sulfone', 'Methyl sulfone', 'Methylsulfonylmethane', 'Dimethyl sulphone', 'Sulfonylbismethane')",,"['Pet care', 'Personal care']","['PERSONAL CARE', 'INDUSTRIAL']","['FOOD', 'PERSONAL CARE', 'MEDICAL']",['INFO'],"['FOOD', 'PERSONAL CARE', 'INDUSTRIAL']",['INFO']
1780,Neotame,"('Neotame', '(s)-3-((3,3-dimethylbutyl)amino)-4-(((s)-1-methoxy-1-oxo-3-phenylpropan-2-yl)amino)-4-oxobutanoic acid', 'Nc 00723', '(s)-3-((3,3-dimethylbutyl)amino)-4-(((s)-1-methoxy-1-oxo-3-phenylpropan-2-yl)amino)-4-oxobutanoic ac', 'Neotame [nf]')",HLIAVLHNDJUHFG-HOTGVXAUSA-N,['Personal care'],['PERSONAL CARE'],"['FOOD', 'INDUSTRIAL']",['FOOD'],"['FOOD', 'INDUSTRIAL']",['FOOD']
1789,Histidine,"('H-his-oh.hcl.h2o', 'Histidine', 'H-his-oh', 'Glyoxaline-5-alanine', 'Anti-rheuma')",HNDVDQJCIGZPNO-YFKPBYRVSA-N,['Personal care'],['PERSONAL CARE'],"['FOOD', 'ENDOGENOUS']",['FOOD'],['FOOD'],['FOOD']
1793,Colace,"('Docusate (sodium)', 'Dioctyl sulfosuccinate (sodium salt)', 'Docusate hydrogen', 'Spolion 8', 'Colace')",,"['Home maintenance', 'Pesticides', 'Construction and building materials', 'Cleaning and safety']",['INDUSTRIAL'],"['MEDICAL', 'FOOD']",['MEDICAL'],"['MEDICAL', 'FOOD', 'INDUSTRIAL']","['MEDICAL', 'FOOD', 'INDUSTRIAL']"
1824,Guaiphenesine,"('Guaifenesin', 'Guaiacol glyceryl ether', 'Guaiphenesin', 'Glycerol guaiacolate', 'Guaiphenesine')",HSRJKNPTNIJEKV-UHFFFAOYSA-N,['Personal care'],['PERSONAL CARE'],['MEDICAL'],['MEDICAL'],['MEDICAL'],['MEDICAL']
1843,Cholesterin,"('Cholesterol', 'Cholesterin', 'Cholesteryl alcohol', 'Cholest-5-en-3beta-ol', 'Cholestrin')",HVYWMOMLDIMFJA-DPAQBDIFSA-N,['Personal care'],['PERSONAL CARE'],"['ENDOGENOUS', 'FOOD']","['ENDOGENOUS', 'FOOD']",['ENDOGENOUS'],"['ENDOGENOUS', 'FOOD', 'PERSONAL CARE']"
1874,Aspartam,"('Aspartame', 'Nutrasweet', 'Asp-phe-ome', 'Asp-phe methyl ester', 'Aspartam')",IAOZJIPTCAWIRG-QWRGUYRKSA-N,['Personal care'],['PERSONAL CARE'],"['FOOD', 'INDUSTRIAL']",['FOOD'],['FOOD'],['FOOD']
1898,Bisphenol-a,"('Bisphenol a', 'Bisphenol', 'Diphenylolpropane', 'Diano', 'Bisphenol-a')",,"['Home maintenance', 'Construction and building materials', 'Furniture and furnishings']",['INDUSTRIAL'],['INDUSTRIAL'],['INDUSTRIAL'],['INDUSTRIAL'],['INDUSTRIAL']
1901,Metasilicic acid,"('Talc', 'Metasilicic acid', 'Dihydroxy(oxo)silane', 'Silicic acid (h2sio3)', 'Silica acid')",,['Cleaning products and household care'],['INDUSTRIAL'],['INFO'],['INFO'],['INFO'],['INFO']
1905,Phytomelin,"('Rutin', 'Rutoside', 'Quercetin 3-o-rutinoside', 'Phytomelin', 'Quercetin 3-rutinoside')",IKGXIBQEEMLURG-NVPNHPEKSA-N,['Personal care'],['PERSONAL CARE'],['INFO'],['INFO'],['INFO'],"['FOOD', 'PERSONAL CARE']"
1916,Inositol hexaphosphate,"('Phytic acid (dodecasodium salt hydrate)', 'Phytic acid', 'Fytic acid', 'Phytate', 'Inositol hexaphosphate')",,['Personal care'],['PERSONAL CARE'],"['FOOD', 'INDUSTRIAL']",['FOOD'],"['FOOD', 'INDUSTRIAL']","['FOOD', 'PERSONAL CARE']"
1928,Palmitate,"('Palmitic acid', 'Hexadecanoic acid', 'Cetylic acid', 'Palmitate', 'N-hexadecanoic acid')",IPCSVZSSVZVIGE-UHFFFAOYSA-N,"['Home maintenance', 'Personal care', 'Cleaning products and household care']","['PERSONAL CARE', 'INDUSTRIAL']","['FOOD', 'INDUSTRIAL', 'PERSONAL CARE', 'ENDOGENOUS']","['ENDOGENOUS', 'FOOD']","['ENDOGENOUS', 'FOOD', 'PERSONAL CARE', 'INDUSTRIAL']","['ENDOGENOUS', 'FOOD', 'PERSONAL CARE', 'INDUSTRIAL']"
1947,Desyl alcohol,"('Benzoin', 'Desyl alcohol', '(¬±)-2-hydroxy-2-phenylacetophenone', 'Benzoylphenylcarbinol', 'Ethanone, 2-hydroxy-1,2-diphenyl-')",ISAOCJYIOMOJEB-UHFFFAOYSA-N,"['Personal care', 'Furniture and furnishings']","['PERSONAL CARE', 'INDUSTRIAL']","['INDUSTRIAL', 'MEDICAL']",['INFO'],['INDUSTRIAL'],['INFO']
1992,Icosapentaenoic acid,"('Eicosapentaenoic acid', 'Timnodonic acid', 'Icosapent', 'Icosapentaenoic acid', 'Cis-5,8,11,14,17-eicosapentaenoic acid')",JAZBEHYOTPTENJ-JLNKQSITSA-N,['Pet care'],['INDUSTRIAL'],"['MEDICAL', 'ENDOGENOUS', 'FOOD']","['MEDICAL', 'ENDOGENOUS', 'FOOD']","['MEDICAL', 'ENDOGENOUS', 'FOOD']",['INFO']
2019,Octyl triazone,"('Ethylhexyl triazone', 'Octyl triazone', 'Ethylhexyl triazone(uv-t-150)', 'Uvinul t 150', ""Tris(2-ethylhexyl) 4,4',4''-((1,3,5-triazine-2,4,6-triyl)tris(azanediyl))tribenzoate"")",,['Personal care'],['PERSONAL CARE'],['PERSONAL CARE'],['PERSONAL CARE'],['PERSONAL CARE'],['PERSONAL CARE']
2052,Laevulinic acid,"('Levulinic acid', 'Laevulinic acid', 'Pentanoic acid, 4-oxo-', 'Levulic acid', 'Gamma-ketovaleric acid')",JOOXCMJARBKPKM-UHFFFAOYSA-N,"['Personal care', 'Cleaning products and household care']","['PERSONAL CARE', 'INDUSTRIAL']","['INDUSTRIAL', 'PERSONAL CARE']","['INDUSTRIAL', 'FOOD']","['INDUSTRIAL', 'PERSONAL CARE']",['INFO']
2055,Tosic acid,"('Bretylium (tosylate)', 'P-toluenesulfonic acid', 'P-toluenesulphonic acid', 'Toluene-4-sulfonic acid', 'Tosic acid')",,['Cleaning products and household care'],['INDUSTRIAL'],['INDUSTRIAL'],['INFO'],['INDUSTRIAL'],['INDUSTRIAL']
2056,Ethyl carbamate,"('Urethane', 'Ethyl carbamate', 'Carbamic acid ethyl ester', 'Ethylurethane', 'Urethan')",,"['Construction and building materials', 'Home maintenance']",['INDUSTRIAL'],"['INDUSTRIAL', 'FOOD', 'MEDICAL']","['FOOD', 'INDUSTRIAL']","['FOOD', 'INDUSTRIAL']","['FOOD', 'INDUSTRIAL']"
2069,Indolebutyric acid,"('Indole-3-butyric acid', 'Indolebutyric acid', 'Hormodin', 'Seradix', 'Indole-3-butanoic acid')",,['Landscape/yard'],['INDUSTRIAL'],"['INDUSTRIAL', 'FOOD']","['INDUSTRIAL', 'PERSONAL CARE']",['INFO'],['INFO']
2087,Lactic acid,"('Lactic acid', '(r)-2-hydroxypropionic acid', '(r)-lactic acid', '(r)-2-hydroxypropanoic acid', '(2r)-2-hydroxypropanoic acid')",JVTAAEKCZFNVCJ-REOHCLBHSA-N,['Cleaning products and household care'],['INDUSTRIAL'],"['FOOD', 'INDUSTRIAL', 'MEDICAL', 'ENDOGENOUS', 'PERSONAL CARE']","['ENDOGENOUS', 'FOOD', 'PERSONAL CARE', 'INDUSTRIAL']","['ENDOGENOUS', 'FOOD', 'PERSONAL CARE', 'MEDICAL', 'INDUSTRIAL']","['ENDOGENOUS', 'FOOD', 'PERSONAL CARE', 'INDUSTRIAL']"
2088,Milk acid,"('Lobaplatin', 'Lactic acid', 'Lactate', 'Milk acid', 'Tonsillosan')",JVTAAEKCZFNVCJ-REOHCLBHSA-N,['Cleaning products and household care'],['INDUSTRIAL'],"['FOOD', 'INDUSTRIAL', 'MEDICAL', 'ENDOGENOUS']",['INFO'],"['ENDOGENOUS', 'FOOD', 'PERSONAL CARE', 'MEDICAL', 'INDUSTRIAL']",['INFO']
2099,Hydrasson,"('Hydrocortisone', 'Cortisol', 'Acticort', 'Cetacort', 'Hydrasson')",JYGXADMDTFJGBT-VWUMJDOOSA-N,"['Pet care', 'Personal care']","['PERSONAL CARE', 'INDUSTRIAL']",['INFO'],['INFO'],"['ENDOGENOUS', 'MEDICAL']","['MEDICAL', 'ENDOGENOUS']"
2111,Capryl alcohol,"('Octanol', 'Octan-1-ol', 'N-octanol', 'Octyl alcohol', 'Capryl alcohol')",,"['Home maintenance', 'Vehicle']",['INDUSTRIAL'],"['INDUSTRIAL', 'PERSONAL CARE']","['INDUSTRIAL', 'PERSONAL CARE', 'FOOD']",['INFO'],['INFO']
2120,Ethylenediaminetetraacetic acid,"('Ethylenediaminetetraacetic acid (trisodium salt)', 'Trisodium edta', 'Edetic acid', 'Ethylenediaminetetraacetic acid', 'Edathamil')",KCXVZYZYPLLWCC-UHFFFAOYSA-N,"['Personal care', 'Manufactured formulations', 'Cleaning products and household care']","['PERSONAL CARE', 'INDUSTRIAL']","['INDUSTRIAL', 'FOOD', 'MEDICAL', 'PERSONAL CARE']","['MEDICAL', 'INDUSTRIAL', 'FOOD', 'PERSONAL CARE']","['INDUSTRIAL', 'FOOD', 'MEDICAL', 'PERSONAL CARE']","['MEDICAL', 'FOOD', 'PERSONAL CARE', 'INDUSTRIAL']"
2124,Lysine,"('Lysine', '(¬±)-2,6-diaminocaproic acid', 'H-dl-lys-oh', 'Lysine, dl-', 'Lysine base')",KDXKERNSBIXSRK-UHFFFAOYSA-N,['Personal care'],['PERSONAL CARE'],"['FOOD', 'ENDOGENOUS']",['FOOD'],"['FOOD', 'INDUSTRIAL']","['FOOD', 'PERSONAL CARE', 'MEDICAL']"
2125,Butanedioic acid,"('Disodium succinate', 'Succinic acid', 'Butanedioic acid', 'Amber acid', 'Asuccin')",KDYFGRWQOYBRFD-UHFFFAOYSA-N,"['Personal care', 'Cleaning products and household care', 'Laboratory supplies']","['PERSONAL CARE', 'INDUSTRIAL']","['ENDOGENOUS', 'FOOD', 'INDUSTRIAL', 'MEDICAL']","['FOOD', 'ENDOGENOUS', 'INDUSTRIAL']","['ENDOGENOUS', 'FOOD', 'INDUSTRIAL']","['ENDOGENOUS', 'FOOD', 'PERSONAL CARE', 'INDUSTRIAL']"
2135,Propan-2-ol,"('Indium(iii) isopropoxide', 'Isopropanol', 'Isopropyl alcohol', 'Propan-2-ol', 'Alkolave')",KFZMGEQAYNKOFK-UHFFFAOYSA-N,"['Pet care', 'Vehicle', 'Personal care', 'Furniture and furnishings', 'Home maintenance', 'Electronics/small appliances', 'Cleaning products and household care']","['PERSONAL CARE', 'INDUSTRIAL']","['MEDICAL', 'INDUSTRIAL', 'PERSONAL CARE']","['INDUSTRIAL', 'PERSONAL CARE', 'MEDICAL']","['INDUSTRIAL', 'PERSONAL CARE', 'MEDICAL']","['INDUSTRIAL', 'PERSONAL CARE', 'FOOD']"
2146,Espotabs,"('Phenolphthalein', 'Phthalimetten', 'Euchessina', 'Phthalin', 'Espotabs')",KJFMBFZCATUALV-UHFFFAOYSA-N,"['Landscape/yard', 'Arts and crafts/office supplies']",['INDUSTRIAL'],"['INDUSTRIAL', 'MEDICAL']",['INFO'],['INDUSTRIAL'],['INFO']
2151,Cinnamic aldehyde,"('Trans-cinnamaldehyde', 'Cinnamaldehyde', 'Cinnamic aldehyde', '(e)-cinnamaldehyde', 'Cinnamal')",KJPRLNWUNMBNBZ-UHFFFAOYSA-N,"['Cleaning and safety', 'Raw materials', 'Personal care', 'Arts and crafts/office supplies', 'Cleaning products and household care']","['PERSONAL CARE', 'INDUSTRIAL']","['FOOD', 'INDUSTRIAL']","['FOOD', 'INDUSTRIAL', 'PERSONAL CARE']","['FOOD', 'PERSONAL CARE', 'INDUSTRIAL']","['FOOD', 'PERSONAL CARE', 'INDUSTRIAL']"
2182,Citro,"('Anatabine (dicitrate)', 'Citric acid', 'Citric acid, anhydrous', 'Anhydrous citric acid', 'Citro')",KRKNYBCHXYNGOX-UHFFFAOYSA-N,"['Pet care', 'Personal care', 'Pesticides', 'Cleaning products and household care']","['PERSONAL CARE', 'INDUSTRIAL']",['INFO'],['INFO'],['INFO'],['INFO']
2204,Cystadane,"('Betaine (hydrochloride)', 'Betaine chloride', 'Cystadane', 'Carboxymethyl(trimethyl)azanium', 'Loramine amb-13')",,"['Cleaning products and household care', 'Pet care', 'Personal care']","['PERSONAL CARE', 'INDUSTRIAL']","['MEDICAL', 'FOOD', 'ENDOGENOUS']",['MEDICAL'],"['MEDICAL', 'ENDOGENOUS', 'FOOD']",['INFO']
2206,Phenyl methyl ketone,"('Acetophenone', 'Methyl phenyl ketone', 'Acetylbenzene', 'Phenyl methyl ketone', 'Ethanone, 1-phenyl-')",,"['Cleaning products and household care', 'Raw materials', 'Personal care']","['PERSONAL CARE', 'INDUSTRIAL']","['INDUSTRIAL', 'FOOD', 'MEDICAL']",['INDUSTRIAL'],"['FOOD', 'INDUSTRIAL', 'PERSONAL CARE']","['INDUSTRIAL', 'PERSONAL CARE']"
2221,Sitosterol,"('Beta-sitosterol (purity>75%)', 'Œ≤-sitosterol (purity>75%)', 'Sitosterol', 'Cupreol', 'Azuprostat')",,['Personal care'],['PERSONAL CARE'],"['FOOD', 'MEDICAL']",['FOOD'],"['FOOD', 'INDUSTRIAL']",['FOOD']
2222,Versulin,"('Apigenin', 'Apigenol', 'C.i. natural yellow 1', 'Chamomile', 'Versulin')",KZNIFHPLKGYRTM-UHFFFAOYSA-N,['Personal care'],['PERSONAL CARE'],"['INFO', 'FOOD']",['INFO'],['FOOD'],['INFO']
2223,Valine,"('Valine', 'H-d-val-oh', '(r)-valine', 'Valine, d-', '(2r)-2-amino-3-methylbutanoic acid')",,['Personal care'],['PERSONAL CARE'],"['FOOD', 'ENDOGENOUS']",['FOOD'],['FOOD'],['INFO']
2242,Urate,"('Uric acid', 'Urate', 'Lithic acid', 'Purine-2,6,8(1h,3h,9h)-trione', 'Trioxopurine')",,['Personal care'],['PERSONAL CARE'],"['ENDOGENOUS', 'MEDICAL']",['ENDOGENOUS'],['ENDOGENOUS'],"['ENDOGENOUS', 'FOOD']"
2244,Tham,"('Trometamol', 'Tromethamine', 'Tris(hydroxymethyl)aminomethane', 'Tris', 'Tham')",LENZDBCJOHFCAS-UHFFFAOYSA-N,"['Personal care', 'Cleaning products and household care']","['PERSONAL CARE', 'INDUSTRIAL']",['INFO'],['INFO'],['INFO'],"['MEDICAL', 'PERSONAL CARE']"
2247,Cystine,"('Cystine', 'Cystine d-form', ""(2s,2's)-3,3'-disulfanediylbis(2-aminopropanoic acid)"", 'Cystine, d-', '(2s)-2-amino-3-[[(2s)-2-amino-2-carboxyethyl]disulfanyl]propanoic acid')",,['Personal care'],['PERSONAL CARE'],"['FOOD', 'ENDOGENOUS']","['ENDOGENOUS', 'FOOD']","['ENDOGENOUS', 'FOOD']","['ENDOGENOUS', 'FOOD', 'PERSONAL CARE']"
2251,Gentian violet,"('Crystal violet', 'Basic violet 3', 'Gentian violet', 'Methyl violet 10b', 'Crystal violet ion(1)')",,"['Pet care', 'Personal care']","['PERSONAL CARE', 'INDUSTRIAL']","['MEDICAL', 'INDUSTRIAL']","['MEDICAL', 'INDUSTRIAL']","['MEDICAL', 'INDUSTRIAL', 'PERSONAL CARE']","['MEDICAL', 'INDUSTRIAL', 'PERSONAL CARE']"
2293,Glycyrrhizic acid,"('Ammonium glycyrrhizinate', 'Monoammonium glycyrrhizinate', 'Glycyrrhizic acid (ammonium salt)', 'Ammonium glycyrrhizate', 'Glycyrrhizic acid')",,['Personal care'],['PERSONAL CARE'],"['FOOD', 'PERSONAL CARE', 'MEDICAL']","['FOOD', 'MEDICAL']","['FOOD', 'PERSONAL CARE']","['FOOD', 'PERSONAL CARE', 'MEDICAL']"
2301,Lauryl alcohol,"('Dodecan-1-ol', 'Dodecanol', 'Dodecyl alcohol', 'Lauryl alcohol', 'N-dodecyl alcohol')",,"['Cleaning products and household care', 'Personal care']","['PERSONAL CARE', 'INDUSTRIAL']","['INDUSTRIAL', 'PERSONAL CARE']","['INDUSTRIAL', 'PERSONAL CARE', 'FOOD']","['INDUSTRIAL', 'PERSONAL CARE']","['PERSONAL CARE', 'INDUSTRIAL']"
2318,Trans-resveratrol,"('Resveratrol', 'Trans-resveratrol', '(e)-5-(4-hydroxystyryl)benzene-1,3-diol', '(e)-resveratrol', 'Resvida')",LUKBXSAWLPMMSZ-OWOJBTEDSA-N,['Personal care'],['PERSONAL CARE'],"['FOOD', 'INFO']",['FOOD'],"['FOOD', 'PERSONAL CARE']",['FOOD']
2322,Bronopol,"('Bronopol', 'Bronosol', 'Bronocot', 'Bronidiol', 'Bronopolu')",,"['Cleaning products and household care', 'Arts and crafts/office supplies', 'Personal care']","['PERSONAL CARE', 'INDUSTRIAL']","['INDUSTRIAL', 'PERSONAL CARE', 'MEDICAL']","['INDUSTRIAL', 'PERSONAL CARE']","['INDUSTRIAL', 'PERSONAL CARE']","['PERSONAL CARE', 'INDUSTRIAL']"
2329,Methyl parahydroxybenzoate,"('Methyl paraben', 'Methyl 4-hydroxybenzoate', 'Methyl p-hydroxybenzoate', 'Nipagin', 'Methyl parahydroxybenzoate')",,"['Raw materials', 'Cleaning products and household care', 'Pet care', 'Personal care', 'Arts and crafts/office supplies']","['PERSONAL CARE', 'INDUSTRIAL']","['PERSONAL CARE', 'FOOD']","['PERSONAL CARE', 'FOOD', 'INDUSTRIAL']","['FOOD', 'PERSONAL CARE', 'INDUSTRIAL']","['FOOD', 'PERSONAL CARE']"
2332,Gravidox,"('Metadoxine', 'Pyridoxine', 'Vitamin b6', 'Pyridoxol', 'Gravidox')",LXNHXLLTXMVWPM-UHFFFAOYSA-N,['Personal care'],['PERSONAL CARE'],"['MEDICAL', 'FOOD', 'ENDOGENOUS']",['INFO'],"['MEDICAL', 'FOOD']",['MEDICAL']
2353,Phytonadione,"('Vitamin k1', 'Phylloquinone', 'Phytomenadione', 'Phytonadione', 'Phytylmenadione')",,['Personal care'],['PERSONAL CARE'],"['MEDICAL', 'FOOD', 'ENDOGENOUS']","['MEDICAL', 'FOOD']","['MEDICAL', 'FOOD']","['MEDICAL', 'FOOD', 'PERSONAL CARE']"
2374,Thyme camphor,"('Thymol', 'Thyme camphor', 'Thymic acid', 'Phenol, 5-methyl-2-(1-methylethyl)-', 'Isopropyl cresol')",MGSRCZKZVOBKFT-UHFFFAOYSA-N,"['Personal care', 'Pesticides', 'Cleaning products and household care']","['PERSONAL CARE', 'INDUSTRIAL']","['FOOD', 'MEDICAL', 'PERSONAL CARE', 'INDUSTRIAL']","['FOOD', 'PERSONAL CARE']","['MEDICAL', 'FOOD', 'PERSONAL CARE', 'INDUSTRIAL']","['MEDICAL', 'FOOD', 'PERSONAL CARE']"
2379,Caryophyllin,"('Oleanolic acid', 'Oleanic acid', 'Caryophyllin', 'Astrantiagenin c', 'Giganteumgenin c')",,['Personal care'],['PERSONAL CARE'],"['FOOD', 'INFO']",['INFO'],"['FOOD', 'PERSONAL CARE']",['INFO']
2380,Bactroban,"('Mupirocin', 'Pseudomonic acid', 'Bactroban', 'Mupirocine', 'Pseudomonic acid a')",MINDHVHHQZYEEK-HBBNESRFSA-N,['Personal care'],['PERSONAL CARE'],['MEDICAL'],['MEDICAL'],['MEDICAL'],['MEDICAL']
2392,Ascorbyl glucoside,"('Ascorbyl glucoside', 'Ascorbic acid 2-glucoside', 'Ascorbic acid 2-o-glucoside', 'Ascorbic acid-2-glucoside', '(2r)-2-[(1s)-1,2-dihydroxyethyl]-3-hydroxy-4-[(2r,3r,4s,5s,6r)-3,4,5-trihydroxy-6-(hydroxymethyl)oxan-2-yl]oxy-2h-furan-5-one')",MLSJBGYKDYSOAE-DCWMUDTNSA-N,['Personal care'],['PERSONAL CARE'],"['PERSONAL CARE', 'FOOD']","['PERSONAL CARE', 'FOOD']",['PERSONAL CARE'],['PERSONAL CARE']
2395,Diethyl toluamide,"('Diethyltoluamide', 'N,n-diethyl-m-toluamide', 'N,n-diethyl-3-methylbenzamide', 'Diethyl toluamide', 'Dieltamid')",MMOXZBCLCQITDF-UHFFFAOYSA-N,"['Personal care', 'Pesticides']","['PERSONAL CARE', 'INDUSTRIAL']","['PERSONAL CARE', 'MEDICAL']","['PERSONAL CARE', 'INDUSTRIAL']","['PERSONAL CARE', 'INDUSTRIAL']",['PERSONAL CARE']
2419,Serine,"('(r)-serine', 'Serine', '(r)-2-amino-3-hydroxypropanoic acid', '(2r)-2-amino-3-hydroxypropanoic acid', 'Serine d-form')",,['Personal care'],['PERSONAL CARE'],"['ENDOGENOUS', 'FOOD', 'MEDICAL']","['ENDOGENOUS', 'FOOD']","['ENDOGENOUS', 'FOOD', 'MEDICAL']","['ENDOGENOUS', 'FOOD', 'PERSONAL CARE', 'MEDICAL']"
2424,Ethanedioic acid,"('Oxalic acid', 'Ethanedioic acid', 'Aktisal', 'Aquisal', 'Oxiric acid')",,"['Home maintenance', 'Raw materials', 'Cleaning products and household care', 'Cons. electronics, mech. appliances, and machinery', 'Batteries', 'Vehicle', 'Cleaning and safety']",['INDUSTRIAL'],"['FOOD', 'INDUSTRIAL']","['FOOD', 'INDUSTRIAL']","['FOOD', 'INDUSTRIAL', 'PERSONAL CARE']","['FOOD', 'INDUSTRIAL']"
2435,Vanillaldehyde,"('Vanillin', 'P-vanillin', 'M-methoxy-p-hydroxybenzaldehyde', 'P-hydroxy-m-methoxybenzaldehyde', 'Vanillaldehyde')",,"['Cleaning products and household care', 'Pesticides', 'Raw materials', 'Personal care']","['PERSONAL CARE', 'INDUSTRIAL']","['FOOD', 'INDUSTRIAL']","['FOOD', 'INDUSTRIAL']","['FOOD', 'PERSONAL CARE', 'INDUSTRIAL']","['FOOD', 'PERSONAL CARE']"
2469,Dianex,"('Methoprene', 'Diacon', 'Dianex', 'Juvemon', 'Pharoid')",,"['Pet care', 'Pesticides']",['INDUSTRIAL'],['INDUSTRIAL'],['INFO'],['INDUSTRIAL'],['INFO']
2470,Menthone,"('Menthone', 'P-menthan-3-one', 'Cyclohexanone, 5-methyl-2-(1-methylethyl)-', 'P-menthanone', '.alpha.-isomenthone')",,"['Cleaning products and household care', 'Pesticides', 'Vehicle']",['INDUSTRIAL'],"['FOOD', 'PERSONAL CARE']",['FOOD'],"['FOOD', 'PERSONAL CARE']","['FOOD', 'PERSONAL CARE']"
2485,Dimethyl phthalate,"('Dimethyl phthalate', 'Avolin', 'Fermine', 'Solvanom', 'Solvarone')",,['Pesticides'],['INDUSTRIAL'],"['INDUSTRIAL', 'PERSONAL CARE']",['INDUSTRIAL'],"['INDUSTRIAL', 'PERSONAL CARE']","['INDUSTRIAL', 'PERSONAL CARE']"
2498,Butylhydroxytoluene,"('Butylated hydroxytoluene', 'Butylhydroxytoluene', 'Ionol', 'Dibunol', 'Stavox')",,"['Cleaning products and household care', 'Electronics/small appliances', 'Personal care', 'Arts and crafts/office supplies', 'Pesticides']","['PERSONAL CARE', 'INDUSTRIAL']","['FOOD', 'INDUSTRIAL', 'PERSONAL CARE']","['FOOD', 'PERSONAL CARE', 'INDUSTRIAL']","['FOOD', 'INDUSTRIAL', 'PERSONAL CARE']","['FOOD', 'PERSONAL CARE', 'INDUSTRIAL']"
2503,Anestacon,"('Lidocaine', 'Lignocaine', 'Xylocaine', 'Lidoderm', 'Anestacon')",NNJVILVZKWQKPM-UHFFFAOYSA-N,['Personal care'],['PERSONAL CARE'],['MEDICAL'],['INFO'],['MEDICAL'],['INFO']
2514,Chromium picolinate,"('Chromium picolinate', 'Chromium (iii) picolinate', 'Cr(pic)3')",,['Personal care'],['PERSONAL CARE'],"['FOOD', 'MEDICAL']","['MEDICAL', 'FOOD', 'INDUSTRIAL']","['FOOD', 'PERSONAL CARE', 'INDUSTRIAL']","['FOOD', 'PERSONAL CARE']"
2518,Ferrous bisglycinate,"('Ferrous bisglycinate',)",DHMQDGOQFOQNFH-UHFFFAOYSA-N,"['Personal care', 'Cleaning products and household care']","['PERSONAL CARE', 'INDUSTRIAL']",['MEDICAL'],"['MEDICAL', 'FOOD']",['MEDICAL'],"['MEDICAL', 'FOOD']"
2524,Lobaplatin,"('Lobaplatin',)",JVTAAEKCZFNVCJ-REOHCLBHSA-N,['Cleaning products and household care'],['INDUSTRIAL'],['MEDICAL'],['MEDICAL'],['MEDICAL'],['MEDICAL']
2530,Sodium nitroprusside dihydrate,"('Nitroprusside (disodium dihydrate)', 'Sodium nitroprusside dihydrate', 'Sodium nitroferricyanide(iii) dihydrate')",,['Laboratory supplies'],['INDUSTRIAL'],['MEDICAL'],"['MEDICAL', 'INDUSTRIAL']","['MEDICAL', 'INDUSTRIAL']","['MEDICAL', 'INDUSTRIAL']"
2533,Sodium copper chlorophyllin a,"('Sodium copper chlorophyllin a',)",,['Personal care'],['PERSONAL CARE'],"['FOOD', 'MEDICAL']","['MEDICAL', 'FOOD']","['FOOD', 'MEDICAL']","['FOOD', 'PERSONAL CARE', 'MEDICAL']"
2541,Peppermint camphor,"('Menthol', 'Levomenthol', 'Menthomenthol', 'Menthacamphor', 'Peppermint camphor')",NOOLISFMXDJSKH-KXUCPTDWSA-N,"['Pet care', 'Personal care', 'Pesticides', 'Cleaning products and household care']","['PERSONAL CARE', 'INDUSTRIAL']","['FOOD', 'MEDICAL', 'PERSONAL CARE']",['INFO'],"['FOOD', 'PERSONAL CARE', 'MEDICAL']",['INFO']
2542,Hexahydrothymol,"('Menthol', 'Cyclohexanol, 5-methyl-2-(1-methylethyl)-', 'P-menthan-3-ol', 'Racementhol', 'Hexahydrothymol')",NOOLISFMXDJSKH-KXUCPTDWSA-N,"['Pet care', 'Personal care', 'Pesticides', 'Cleaning products and household care']","['PERSONAL CARE', 'INDUSTRIAL']",['INFO'],['INFO'],['INFO'],['INFO']
2568,Ethyl p-hydroxybenzoate,"('Ethylparaben', 'Ethyl parahydroxybenzoate', 'Ethyl 4-hydroxybenzoate', 'Ethyl paraben', 'Ethyl p-hydroxybenzoate')",,"['Vehicle', 'Personal care']","['PERSONAL CARE', 'INDUSTRIAL']","['FOOD', 'PERSONAL CARE']","['PERSONAL CARE', 'FOOD', 'INDUSTRIAL']","['FOOD', 'PERSONAL CARE']","['FOOD', 'PERSONAL CARE']"
2600,Pyroglutamic acid,"('(r)-5-oxopyrrolidine-2-carboxylic acid', 'Pyroglutamic acid', 'Pyr-oh', '(2r)-5-oxopyrrolidine-2-carboxylic acid', 'Proline, 5-oxo-')",,['Personal care'],['PERSONAL CARE'],"['ENDOGENOUS', 'PERSONAL CARE', 'FOOD', 'MEDICAL']","['ENDOGENOUS', 'FOOD']","['ENDOGENOUS', 'PERSONAL CARE', 'FOOD']","['ENDOGENOUS', 'FOOD', 'PERSONAL CARE']"
2601,Pidolic acid,"('Metadoxine', 'Pyroglutamic acid', 'Pidolic acid', 'H-pyr-oh', '(2s)-5-oxopyrrolidine-2-carboxylic acid')",LXNHXLLTXMVWPM-UHFFFAOYSA-N,['Personal care'],['PERSONAL CARE'],"['ENDOGENOUS', 'PERSONAL CARE', 'FOOD']","['ENDOGENOUS', 'FOOD']","['ENDOGENOUS', 'FOOD', 'PERSONAL CARE', 'MEDICAL']","['ENDOGENOUS', 'FOOD', 'PERSONAL CARE']"
2602,Arginin,"('Arginine', 'H-dl-arg-oh', 'Arginine, free base', 'Arginin', 'Arginine, dl-')",,['Personal care'],['PERSONAL CARE'],"['FOOD', 'ENDOGENOUS', 'MEDICAL']","['ENDOGENOUS', 'FOOD']","['ENDOGENOUS', 'FOOD']",['INFO']
2603,Arginine,"('Arginine', '(s)-arginine', 'Larginine', 'Arg', '(s)-2-amino-5-guanidinopentanoic acid')",,"['Pet care', 'Personal care']","['PERSONAL CARE', 'INDUSTRIAL']","['ENDOGENOUS', 'FOOD']","['ENDOGENOUS', 'FOOD']","['ENDOGENOUS', 'FOOD']","['ENDOGENOUS', 'FOOD', 'PERSONAL CARE', 'MEDICAL']"
2610,Beta carotene,"('Œ≤-carotene', 'Provitamin a', 'Beta-carotene', 'Beta carotene', 'Beta,beta-carotene')",,['Personal care'],['PERSONAL CARE'],"['FOOD', 'MEDICAL', 'INDUSTRIAL']",['FOOD'],"['FOOD', 'MEDICAL', 'INDUSTRIAL']","['FOOD', 'MEDICAL', 'PERSONAL CARE']"
2614,Choline,"('Choline (chloride)', 'Choline', 'Choline ion', 'Bilineurine', 'Cholinum')",OEYIOHPDSNJKLS-UHFFFAOYSA-N,['Personal care'],['PERSONAL CARE'],"['FOOD', 'ENDOGENOUS']","['ENDOGENOUS', 'FOOD']","['ENDOGENOUS', 'FOOD', 'MEDICAL', 'INDUSTRIAL']","['ENDOGENOUS', 'FOOD', 'MEDICAL']"
2637,Adenoscan,"('Adenosine', 'Adenine riboside', 'Adenocard', 'Adenoscan', 'Beta-d-adenosine')",OIRDTQYFTABQOQ-KQYNXXCUSA-N,['Personal care'],['PERSONAL CARE'],"['MEDICAL', 'ENDOGENOUS']",['MEDICAL'],"['MEDICAL', 'ENDOGENOUS']",['MEDICAL']
2645,Vanillylacetone,"('Zingerone', 'Vanillylacetone', 'Gingerone', 'Zingiberone', 'Zingherone')",OJYLAHXKWMRDGS-UHFFFAOYSA-N,['Cleaning products and household care'],['INDUSTRIAL'],"['FOOD', 'PERSONAL CARE']",['FOOD'],"['FOOD', 'PERSONAL CARE']",['INFO']
2659,Polidocanol,"('Nonaethylene glycol monododecyl ether', 'Nonaoxyethylene monododecyl ether', 'Polidocanol', 'Laureth-9', 'Polyoxyethylene (9) lauryl ether')",ONJQDTZCDSESIW-UHFFFAOYSA-N,"['Personal care', 'Cleaning products and household care']","['PERSONAL CARE', 'INDUSTRIAL']","['MEDICAL', 'PERSONAL CARE']","['MEDICAL', 'PERSONAL CARE']","['MEDICAL', 'PERSONAL CARE']","['MEDICAL', 'PERSONAL CARE']"
2663,Cinnamic alcohol,"('Cinnamyl alcohol', 'Cinnamic alcohol', '(e)-3-phenylprop-2-en-1-ol', '(e)-cinnamyl alcohol', 'Zimtalcohol')",OOCCDEMITAIZTP-UHFFFAOYSA-N,"['Vehicle', 'Personal care', 'Cleaning products and household care']","['PERSONAL CARE', 'INDUSTRIAL']","['PERSONAL CARE', 'INDUSTRIAL']","['FOOD', 'INDUSTRIAL', 'PERSONAL CARE']","['FOOD', 'PERSONAL CARE', 'INDUSTRIAL']","['FOOD', 'PERSONAL CARE', 'INDUSTRIAL']"
2684,Dettol,"('Chloroxylenol', 'Dettol', 'Benzytol', 'P-chloro-m-xylenol', 'Ottasept')",OSDLLIBGSJNGJE-UHFFFAOYSA-N,"['Pet care', 'Personal care', 'Cleaning products and household care']","['PERSONAL CARE', 'INDUSTRIAL']","['PERSONAL CARE', 'MEDICAL']","['PERSONAL CARE', 'INDUSTRIAL']",['INFO'],"['PERSONAL CARE', 'INDUSTRIAL']"
2686,Betula oil,"('Methyl salicylate', 'Wintergreen oil', 'Methyl 2-hydroxybenzoate', 'Gaultheria oil', 'Betula oil')",OSWPMRLSEDHDFF-UHFFFAOYSA-N,"['Personal care', 'Manufactured formulations', 'Cleaning products and household care']","['PERSONAL CARE', 'INDUSTRIAL']","['MEDICAL', 'FOOD', 'INDUSTRIAL', 'PERSONAL CARE']","['FOOD', 'PERSONAL CARE']","['FOOD', 'PERSONAL CARE', 'INDUSTRIAL', 'MEDICAL']",['INFO']
2693,Vitamin b9,"('Folic acid', 'Vitamin b9', 'Vitamin m')",,"['Cleaning products and household care', 'Pet care', 'Personal care']","['PERSONAL CARE', 'INDUSTRIAL']","['FOOD', 'MEDICAL']","['FOOD', 'MEDICAL']","['MEDICAL', 'FOOD']","['FOOD', 'MEDICAL']"
2703,Decamethrin,"('Deltamethrin', 'Decamethrin', 'Decamethrine', 'Decis', 'K-othrin')",,"['Pet care', 'Pesticides']",['INDUSTRIAL'],['INDUSTRIAL'],['INDUSTRIAL'],['INDUSTRIAL'],['INFO']
2704,Linolic acid,"('Linoleic acid', 'Linolic acid', '(9z,12z)-octadeca-9,12-dienoic acid', 'Telfairic acid', 'Cis,cis-linoleic acid')",,"['Arts and crafts/office supplies', 'Personal care']","['PERSONAL CARE', 'INDUSTRIAL']","['FOOD', 'ENDOGENOUS', 'PERSONAL CARE']","['FOOD', 'ENDOGENOUS']","['FOOD', 'PERSONAL CARE', 'INDUSTRIAL']","['FOOD', 'PERSONAL CARE']"
2740,Trihydroxypropane,"('Glycerol', 'Glycerin', 'Glycerine', 'Glycyl alcohol', 'Trihydroxypropane')",PEDCQBHIVMGVHV-UHFFFAOYSA-N,"['Vehicle', 'Personal care', 'Arts and crafts/office supplies', 'Home maintenance', 'Cleaning products and household care']","['PERSONAL CARE', 'INDUSTRIAL']","['FOOD', 'MEDICAL', 'PERSONAL CARE', 'INDUSTRIAL']",['INFO'],"['ENDOGENOUS', 'FOOD', 'PERSONAL CARE', 'MEDICAL', 'INDUSTRIAL']","['ENDOGENOUS', 'FOOD', 'PERSONAL CARE', 'INDUSTRIAL']"
2756,Carnitor,"('Carnitine', 'Levocarnitine', '(r)-carnitine', 'Vitamin bt', 'Carnitor')",PHIQHXFUZVPYII-ZCFIWIBFSA-N,"['Personal care', 'Electronics/small appliances']","['PERSONAL CARE', 'INDUSTRIAL']","['MEDICAL', 'ENDOGENOUS', 'FOOD']",['MEDICAL'],"['MEDICAL', 'ENDOGENOUS', 'FOOD']",['INFO']
2758,Glucono delta-lactone,"('Glucono-1,5-lactone', 'Gluconic acid lactone', 'Gluconolactone', 'Delta-gluconolactone', 'Glucono delta-lactone')",,['Personal care'],['PERSONAL CARE'],"['FOOD', 'INDUSTRIAL']","['FOOD', 'INDUSTRIAL']",['FOOD'],['FOOD']
2761,Trioleoylglycerol,"('Triolein', 'Glycerol trioleate', 'Oleic triglyceride', 'Olein', 'Trioleoylglycerol')",,['Personal care'],['PERSONAL CARE'],"['FOOD', 'MEDICAL']",['FOOD'],['FOOD'],['INFO']
2789,Glyoxyldiureide,"('Allantoin', 'Glyoxyldiureide', 'Allantol', 'Cordianine', 'Glyoxyldiureid')",POJWUDADGALRAB-UHFFFAOYSA-N,"['Personal care', 'Cleaning products and household care']","['PERSONAL CARE', 'INDUSTRIAL']","['INDUSTRIAL', 'PERSONAL CARE', 'MEDICAL']",['INFO'],"['PERSONAL CARE', 'MEDICAL']",['PERSONAL CARE']
2790,Laurostearic acid,"('Lauric acid', 'N-dodecanoic acid', 'Dodecylic acid', 'Vulvic acid', 'Laurostearic acid')",POULHZVOKOAJMA-UHFFFAOYSA-N,"['Raw materials', 'Personal care']","['PERSONAL CARE', 'INDUSTRIAL']","['FOOD', 'PERSONAL CARE', 'INDUSTRIAL']",['INFO'],"['FOOD', 'PERSONAL CARE', 'INDUSTRIAL']",['INFO']
2821,Wampocap,"('Niacin', 'Nicotinic acid', 'Vitamin b3', 'Pyridine-3-carboxylic acid', 'Wampocap')",PVNIIMVLHYAWGP-UHFFFAOYSA-N,"['Home maintenance', 'Personal care']","['PERSONAL CARE', 'INDUSTRIAL']",['INFO'],['INFO'],"['MEDICAL', 'ENDOGENOUS', 'FOOD', 'INDUSTRIAL']",['INFO']
2847,Dihydrogen sulfate,"('S-methylisothiourea (sulfate)', 'Sulphuric acid', 'Oil of vitriol', 'Dihydrogen sulfate', 'Mattling acid')",,"['Home maintenance', 'Sports equipment', 'Cleaning products and household care', 'Batteries', 'Construction and building materials', 'Vehicle', 'Cleaning and safety', 'Arts and crafts/office supplies']",['INDUSTRIAL'],['INDUSTRIAL'],['INDUSTRIAL'],['INDUSTRIAL'],['INFO']
2866,Propyl p-hydroxybenzoate,"('Propylparaben', 'Propyl parahydroxybenzoate', 'Propyl 4-hydroxybenzoate', 'Propyl paraben', 'Propyl p-hydroxybenzoate')",QELSKZZBTMNZEB-UHFFFAOYSA-N,"['Pet care', 'Personal care', 'Arts and crafts/office supplies']","['PERSONAL CARE', 'INDUSTRIAL']","['FOOD', 'PERSONAL CARE', 'MEDICAL']","['PERSONAL CARE', 'FOOD']","['FOOD', 'PERSONAL CARE', 'MEDICAL']","['FOOD', 'PERSONAL CARE']"
2867,Radicut,"('Edaravone', 'Radicut', 'Norphenazone', 'Developer z', 'Methylphenylpyrazolone')",QELUYTUMUWHWMC-UHFFFAOYSA-N,['Personal care'],['PERSONAL CARE'],['MEDICAL'],['MEDICAL'],['MEDICAL'],['MEDICAL']
2872,Butyl p-hydroxybenzoate,"('Butylparaben', 'Butyl parahydroxybenzoate', 'Butyl paraben', 'Butyl 4-hydroxybenzoate', 'Butyl p-hydroxybenzoate')",,"['Cleaning products and household care', 'Arts and crafts/office supplies', 'Personal care']","['PERSONAL CARE', 'INDUSTRIAL']","['MEDICAL', 'FOOD', 'PERSONAL CARE']","['PERSONAL CARE', 'FOOD', 'INDUSTRIAL']","['FOOD', 'PERSONAL CARE', 'MEDICAL', 'INDUSTRIAL']","['FOOD', 'PERSONAL CARE']"
2877,Retinol acetate,"('Retinyl acetate', 'Retinol acetate', 'Vitamin a acetate', 'Retinol, acetate', 'All-trans-retinyl acetate')",QGNJRVVDBSJHIZ-QHLGVNSISA-N,"['Pet care', 'Personal care']","['PERSONAL CARE', 'INDUSTRIAL']","['FOOD', 'MEDICAL']","['PERSONAL CARE', 'FOOD']","['MEDICAL', 'FOOD']","['MEDICAL', 'FOOD', 'PERSONAL CARE']"
2887,Cetylacetic acid,"('Stearic acid', 'Octadecanoic acid', 'Stearophanic acid', 'N-octadecanoic acid', 'Cetylacetic acid')",QIQXTHQIDYTFRH-UHFFFAOYSA-N,"['Pet care', 'Personal care', 'Furniture and furnishings', 'Arts and crafts/office supplies', 'Electronics/small appliances', 'Cleaning products and household care']","['PERSONAL CARE', 'INDUSTRIAL']","['FOOD', 'PERSONAL CARE', 'INDUSTRIAL']",['INFO'],"['FOOD', 'PERSONAL CARE', 'INDUSTRIAL']",['INFO']
2900,Icaridin,"('Picaridin', 'Lcaridin', 'Icaridin', 'Pikaridin', 'Propidine')",QLHULAHOXSSASE-UHFFFAOYSA-N,['Pesticides'],['INDUSTRIAL'],"['PERSONAL CARE', 'INDUSTRIAL']",['PERSONAL CARE'],"['PERSONAL CARE', 'INDUSTRIAL']",['PERSONAL CARE']
2909,Diethylenetriaminepentaacetic acid,"('Gadopentetate (dimeglumine)', 'Sh-l-451a', 'Gadopentetic acid dimeglumine salt', 'Pentetic acid', 'Diethylenetriaminepentaacetic acid')",,"['Cleaning products and household care', 'Pet care']",['INDUSTRIAL'],"['MEDICAL', 'INDUSTRIAL', 'PERSONAL CARE']","['MEDICAL', 'INDUSTRIAL']","['MEDICAL', 'PERSONAL CARE', 'INDUSTRIAL']","['MEDICAL', 'INDUSTRIAL', 'PERSONAL CARE']"
2923,Acetic acid,"('Chromium(iii) acetate', 'Chromium acetate', 'Chromic acetate', 'Chromium triacetate', 'Acetic acid')",QTBSBXVTEAMEQO-UHFFFAOYSA-N,"['Pet care', 'Pesticides', 'Arts and crafts/office supplies', 'Home maintenance', 'Cleaning products and household care', 'Laboratory supplies']",['INDUSTRIAL'],"['FOOD', 'INDUSTRIAL', 'MEDICAL']","['FOOD', 'INDUSTRIAL', 'ENDOGENOUS']","['FOOD', 'INDUSTRIAL', 'MEDICAL', 'PERSONAL CARE']","['FOOD', 'MEDICAL', 'PERSONAL CARE', 'INDUSTRIAL']"
2933,Hesperetin 7-rutinoside,"('Hesperidin', 'Hesperetin 7-rutinoside', 'Cirantin', 'Hesperidoside', 'Hesper bitabs')",QUQPHWDTPGMPEX-QJBIFVCTSA-N,['Personal care'],['PERSONAL CARE'],['FOOD'],['FOOD'],['FOOD'],['FOOD']
2977,Carvacrol,"('Carvacrol', 'Isopropyl-o-cresol', 'O-thymol', 'Karvakrol', 'Antioxine')",,['Cleaning products and household care'],['INDUSTRIAL'],"['FOOD', 'INDUSTRIAL']",['FOOD'],"['FOOD', 'PERSONAL CARE', 'INDUSTRIAL']","['FOOD', 'PERSONAL CARE']"
2978,Xanthaurine,"('Quercetin', 'Meletin', 'Sophoretin', 'Quercetine', 'Xanthaurine')",REFJWTPEDVJJIY-UHFFFAOYSA-N,['Personal care'],['PERSONAL CARE'],"['INFO', 'FOOD']",['INFO'],"['INFO', 'FOOD']",['INFO']
2985,Ethylene glycol monostearate,"('Polyoxyethylene stearate', 'Glycol stearate', 'Ethylene glycol monostearate', 'Polyoxyl 40 stearate', 'Cremophor a')",,['Personal care'],['PERSONAL CARE'],['PERSONAL CARE'],"['PERSONAL CARE', 'INDUSTRIAL', 'FOOD']",['PERSONAL CARE'],"['FOOD', 'PERSONAL CARE', 'INDUSTRIAL']"
2988,Dextronic acid,"('Gluconic acid', 'Dextronic acid', 'Maltonic acid', 'Glycogenic acid', '(2r,3s,4r,5r)-2,3,4,5,6-pentahydroxyhexanoic acid')",RGHNJXZEOKUKBD-SQOUGZDYSA-N,"['Home maintenance', 'Raw materials', 'Personal care', 'Cleaning products and household care']","['PERSONAL CARE', 'INDUSTRIAL']","['FOOD', 'INDUSTRIAL', 'MEDICAL']",['INFO'],"['MEDICAL', 'ENDOGENOUS', 'FOOD', 'INDUSTRIAL']",['INFO']
2996,Citrulline,"('Citrulline', 'H-cit-oh', 'Delta-ureidonorvaline', 'Sitrulline', '(s)-2-amino-5-ureidopentanoic acid')",,['Personal care'],['PERSONAL CARE'],"['ENDOGENOUS', 'FOOD', 'MEDICAL']","['ENDOGENOUS', 'FOOD']","['ENDOGENOUS', 'FOOD', 'PERSONAL CARE']","['ENDOGENOUS', 'FOOD', 'PERSONAL CARE']"
3017,Cetrimonium,"('Cetrimonium (bromide)', 'Cetyltrimethylammonium (bromide)', 'Hexadecyltrimethylammonium (bromide)', 'Cetrimonium', 'Cetyltrimethylammonium')",RLGQACBPNDBWTB-UHFFFAOYSA-N,['Personal care'],['PERSONAL CARE'],"['MEDICAL', 'PERSONAL CARE']",['PERSONAL CARE'],['MEDICAL'],['INFO']
3034,Caryophyllic acid,"('Eugenol', 'Eugenic acid', 'Allylguaiacol', 'Caryophyllic acid', 'P-allylguaiacol')",RRAFCDWBNXTKKO-UHFFFAOYSA-N,"['Pet care', 'Personal care', 'Cleaning products and household care']","['PERSONAL CARE', 'INDUSTRIAL']","['FOOD', 'PERSONAL CARE', 'MEDICAL']",['INFO'],['INFO'],['INFO']
3039,Abamectin,"('Avermectin b1', 'Abamectin', 'Avermectin b1a-avermectin b1b mixt.', 'Abamectin component b1a', 'Abamectin b1a')",RRZXIRBKKLTSOM-XPNPUAGNSA-N,['Pesticides'],['INDUSTRIAL'],"['INDUSTRIAL', 'MEDICAL']",['INDUSTRIAL'],"['MEDICAL', 'INDUSTRIAL']",['INDUSTRIAL']
3053,Trans-anethole,"('Anethole', 'Anise camphor', 'P-propenylanisole', 'Isoestragole', 'Trans-anethole')",RUVINXPYWBROJD-ONEGZZNKSA-N,"['Vehicle', 'Personal care', 'Cleaning products and household care']","['PERSONAL CARE', 'INDUSTRIAL']","['FOOD', 'INDUSTRIAL']","['FOOD', 'INDUSTRIAL']","['FOOD', 'PERSONAL CARE', 'INDUSTRIAL']","['FOOD', 'PERSONAL CARE', 'INDUSTRIAL']"
3061,Benzoylbenzene,"('Benzophenone', 'Diphenylmethanone', 'Diphenyl ketone', 'Methanone, diphenyl-', 'Benzoylbenzene')",,"['Cleaning products and household care', 'Personal care']","['PERSONAL CARE', 'INDUSTRIAL']","['INDUSTRIAL', 'FOOD', 'PERSONAL CARE']",['INFO'],"['FOOD', 'PERSONAL CARE', 'INDUSTRIAL']","['INDUSTRIAL', 'PERSONAL CARE', 'FOOD']"
3082,Pibutin,"('Phenothrin', 'Sumithrin', 'Phenoxythrin', 'Phenothrine', 'Pibutin')",SBNFWQZLDJGRLK-UHFFFAOYSA-N,"['Pet care', 'Pesticides']",['INDUSTRIAL'],"['INFO', 'INDUSTRIAL']",['INFO'],['INDUSTRIAL'],['INFO']
3099,Isomalt,"('Isomalt', 'Palatinitol', '(3r,4r,5r)-6-[(2s,3r,4s,5s,6r)-3,4,5-trihydroxy-6-(hydroxymethyl)oxan-2-yl]oxyhexane-1,2,3,4,5-pentol', '(3r,4r,5r)-6-(((2s,3r,4s,5s,6r)-3,4,5-trihydroxy-6-(hydroxymethyl)tetrahydro-2h-pyran-2-yl)oxy)hexane-1,2,3,4,5-pentaol', 'Hydrogenated isomaltulose')",SERLAGPUMNYUCK-BLEZHGCXSA-N,['Personal care'],['PERSONAL CARE'],['FOOD'],['FOOD'],"['FOOD', 'INDUSTRIAL']","['FOOD', 'PERSONAL CARE', 'INDUSTRIAL']"
3100,Benylate,"('Benzyl benzoate', 'Benzoic acid benzyl ester', 'Ascabiol', 'Benzoic acid, phenylmethyl ester', 'Benylate')",SESFRYSPDFLNCH-UHFFFAOYSA-N,"['Personal care', 'Pesticides', 'Cleaning products and household care']","['PERSONAL CARE', 'INDUSTRIAL']","['MEDICAL', 'INDUSTRIAL', 'FOOD']",['INDUSTRIAL'],"['MEDICAL', 'PERSONAL CARE', 'INDUSTRIAL', 'FOOD']",['INFO']
3125,Ketole,"('Indole', 'Indol', 'Ketole', 'Benzopyrrole', 'Caswell no. 498b')",,"['Cleaning products and household care', 'Vehicle', 'Personal care']","['PERSONAL CARE', 'INDUSTRIAL']","['INDUSTRIAL', 'ENDOGENOUS', 'FOOD', 'PERSONAL CARE', 'MEDICAL']",['INFO'],['INFO'],['INFO']
3155,Pantothenol,"('Panthenol', 'Pantothenol', 'Pantothenyl alcohol', 'Butanamide, 2,4-dihydroxy-n-(3-hydroxypropyl)-3,3-dimethyl-', 'Panthenol, racemic')",SNPLKNRPJHDVJA-UHFFFAOYSA-N,['Personal care'],['PERSONAL CARE'],"['MEDICAL', 'PERSONAL CARE', 'FOOD']","['PERSONAL CARE', 'FOOD']","['MEDICAL', 'PERSONAL CARE']",['PERSONAL CARE']
3159,Diazolidinylurea,"('Diazolidinyl urea', 'Diazolidinylurea', ""N,n'-bis(hydroxymethyl) urea"", ""N-(1,3-bis(hydroxymethyl)-2,5-dioxo-4-imidazolidinyl)-n,n'-bis(hydroxymethyl)urea"", ""N-[1,3-bis(hydroxymethyl)-2,5-dioxo-4-imidazolidinyl]-n,n'-bis(hydroxymethyl)urea"")",,"['Pet care', 'Raw materials', 'Personal care']","['PERSONAL CARE', 'INDUSTRIAL']","['PERSONAL CARE', 'INDUSTRIAL']","['PERSONAL CARE', 'INDUSTRIAL']","['PERSONAL CARE', 'INDUSTRIAL']",['PERSONAL CARE']
3186,Isol,"('Hexylene glycol', 'Diolane', 'Isol', 'Pinakon', 'Hexyleneglycol')",,"['Cleaning products and household care', 'Manufactured formulations', 'Personal care', 'Pesticides', 'Landscape/yard']","['PERSONAL CARE', 'INDUSTRIAL']",['INFO'],['INFO'],['INFO'],['INFO']
3202,Tetradecanoic acid,"('Myristic acid', 'Tetradecanoic acid', 'N-tetradecanoic acid', 'Crodacid', 'N-tetradecoic acid')",,['Personal care'],['PERSONAL CARE'],"['FOOD', 'INDUSTRIAL']","['ENDOGENOUS', 'FOOD']","['FOOD', 'ENDOGENOUS']","['FOOD', 'PERSONAL CARE']"
3209,Carbendazole,"('Carbendazim', 'Carbendazole', 'Bavistin', 'Mecarzole', 'Carbendazime')",,['Home maintenance'],['INDUSTRIAL'],['INDUSTRIAL'],['INDUSTRIAL'],['INDUSTRIAL'],['INFO']
3235,Beta alanine,"('Œ≤-alanine', 'Beta-alanine', 'Abufene', 'Beta alanine', 'H-beta-ala-oh')",,['Cleaning products and household care'],['INDUSTRIAL'],"['FOOD', 'ENDOGENOUS', 'MEDICAL']","['ENDOGENOUS', 'FOOD', 'PERSONAL CARE']","['ENDOGENOUS', 'FOOD', 'PERSONAL CARE', 'INDUSTRIAL']","['ENDOGENOUS', 'FOOD', 'PERSONAL CARE']"
3280,Erythrite,"('Meso-erythritol', 'Phycitol', 'Erythrit', 'Mesoerythritol', 'Erythrite')",,['Personal care'],['PERSONAL CARE'],['INDUSTRIAL'],['INFO'],['INFO'],['INFO']
3293,Glycerin triacetate,"('Triacetin', 'Glyceryl triacetate', 'Glycerol triacetate', 'Glycerin triacetate', 'Enzactin')",URAYPUMNDPQOKB-UHFFFAOYSA-N,"['Raw materials', 'Personal care', 'Cleaning products and household care']","['PERSONAL CARE', 'INDUSTRIAL']","['FOOD', 'MEDICAL', 'INDUSTRIAL']","['INDUSTRIAL', 'FOOD', 'PERSONAL CARE']","['FOOD', 'MEDICAL', 'INDUSTRIAL']","['FOOD', 'PERSONAL CARE', 'INDUSTRIAL']"
3308,Phenylbenzimidazole sulfonic acid,"('Ensulizole', 'Phenylbenzimidazole sulfonic acid', 'Ultraviolet absorbent uv-t', 'Ensulizole [usan:usp:inn]', 'Ensulizole (usp/inn)')",,['Personal care'],['PERSONAL CARE'],['PERSONAL CARE'],['PERSONAL CARE'],['PERSONAL CARE'],['PERSONAL CARE']
3327,Nio,"('Nio (dihydrochloride)', 'Nio', 'N5-iminoethyl-l-ornithine', 'N(g)-iminoethylornithine', '(2s)-2-amino-5-(1-aminoethylideneamino)pentanoic acid')",,"['Home maintenance', 'Personal care']","['PERSONAL CARE', 'INDUSTRIAL']",['INDUSTRIAL'],['INFO'],['INDUSTRIAL'],['INFO']
3345,Chlorohydric acid,"('Hydroxyamine (hydrochloride)', 'Hydrochloric acid', 'Hydrogen chloride', 'Muriatic acid', 'Chlorohydric acid')",,"['Home maintenance', 'Cleaning products and household care', 'Landscape/yard', 'Personal care']","['PERSONAL CARE', 'INDUSTRIAL']","['INDUSTRIAL', 'ENDOGENOUS', 'FOOD']",['INDUSTRIAL'],"['ENDOGENOUS', 'INDUSTRIAL', 'FOOD']","['INDUSTRIAL', 'FOOD', 'PERSONAL CARE']"
3347,Turmeric,"('Curcumin', 'Diferuloylmethane', 'Natural yellow 3', 'Turmeric yellow', 'Turmeric')",,"['Pet care', 'Personal care']","['PERSONAL CARE', 'INDUSTRIAL']",['FOOD'],['FOOD'],['FOOD'],"['FOOD', 'PERSONAL CARE']"
3377,Tricaprylin,"('Tricaprilin', 'Trioctanoin', 'Glyceryl trioctanoate', 'Tricaprylin', 'Glycerol trioctanoate')",VLPFTAMPNXLGLX-UHFFFAOYSA-N,['Personal care'],['PERSONAL CARE'],"['FOOD', 'MEDICAL']","['FOOD', 'INDUSTRIAL', 'PERSONAL CARE']",['FOOD'],"['MEDICAL', 'PERSONAL CARE', 'FOOD']"
3391,Dihydrofolliculin,"('Estradiol', 'Œ≤-estradiol', 'Beta-estradiol', 'Oestradiol', 'Dihydrofolliculin')",VOXZDWNPVJITMN-ZBRFXRBCSA-N,['Personal care'],['PERSONAL CARE'],['INFO'],['INFO'],"['ENDOGENOUS', 'MEDICAL']","['ENDOGENOUS', 'MEDICAL']"
3396,Importal,"('Lactitol (monohydrate)', 'Lactitol', 'Importal', 'Lactitolum', 'Lacitol')",,['Personal care'],['PERSONAL CARE'],"['MEDICAL', 'FOOD']",['INFO'],"['MEDICAL', 'FOOD']","['MEDICAL', 'FOOD']"
3397,Maltit,"('Maltitol', 'Maltisorb', 'Malbit', 'Maltit', 'Amalti syrup')",,['Personal care'],['PERSONAL CARE'],['INFO'],['INFO'],['INFO'],['INFO']
3436,Trans-butenedioic acid,"('Di-œ≤-aminopropionitrile fumarate', 'Œ≤-aminopropionitrile fumarate', 'Œ≤-ammoniumpropionitrile hemifumarate', 'Fumaric acid', 'Trans-butenedioic acid')",VZCYOOQTPOCHFL-OWOJBTEDSA-N,"['Cleaning and safety', 'Raw materials']",['INDUSTRIAL'],"['FOOD', 'MEDICAL', 'ENDOGENOUS']","['FOOD', 'INDUSTRIAL']","['ENDOGENOUS', 'FOOD', 'MEDICAL', 'INDUSTRIAL']","['FOOD', 'MEDICAL', 'ENDOGENOUS', 'PERSONAL CARE', 'INDUSTRIAL']"
3437,Cis-butenedioic acid,"('Maleic acid', 'Cis-butenedioic acid', 'Toxilic acid', 'Maleinic acid', 'Malenic acid')",,"['Cleaning products and household care', 'Personal care']","['PERSONAL CARE', 'INDUSTRIAL']","['INDUSTRIAL', 'MEDICAL']","['FOOD', 'INDUSTRIAL']",['INDUSTRIAL'],['INDUSTRIAL']
3464,Betadex,"('Œ≤-cyclodextrin', 'Beta-cyclodextrin', 'Betadex', 'Cycloheptaamylose', 'Cyclomaltoheptaose')",WHGYBXFWUBPSRW-FOUAGVGXSA-N,"['Personal care', 'Cleaning products and household care']","['PERSONAL CARE', 'INDUSTRIAL']","['MEDICAL', 'FOOD', 'INDUSTRIAL']","['MEDICAL', 'FOOD']","['MEDICAL', 'FOOD', 'INDUSTRIAL']",['INFO']
3466,Povidone,"('Povidone iodine', 'N-vinyl-2-pyrrolidone', 'N-vinylpyrrolidone', 'N-vinyl-2-pyrrolidinone', 'Povidone')",,"['Construction and building materials', 'Home maintenance']",['INDUSTRIAL'],"['MEDICAL', 'PERSONAL CARE', 'FOOD', 'INDUSTRIAL']","['INDUSTRIAL', 'MEDICAL', 'PERSONAL CARE']","['MEDICAL', 'PERSONAL CARE', 'FOOD', 'INDUSTRIAL']","['MEDICAL', 'PERSONAL CARE', 'INDUSTRIAL']"
3474,Omnizole,"('Thiabendazole', 'Tiabendazole', 'Mintezol', 'Equizole', 'Omnizole')",,['Arts and crafts/office supplies'],['INDUSTRIAL'],"['MEDICAL', 'FOOD', 'INDUSTRIAL']",['INFO'],"['MEDICAL', 'FOOD', 'INDUSTRIAL']",['INFO']
3479,Salicylanilide,"('Salicylanilide', 'N-phenylsalicylamide', 'Salinide', 'Salinidol', 'Benzamide, 2-hydroxy-n-phenyl-')",WKEDVNSFRWHDNR-UHFFFAOYSA-N,['Home maintenance'],['INDUSTRIAL'],"['MEDICAL', 'INDUSTRIAL']",['INDUSTRIAL'],['INFO'],"['INDUSTRIAL', 'MEDICAL']"
3494,Adipinic acid,"('Adipic acid', 'Hexanedioic acid', 'Adipinic acid', 'Adilactetten', 'Acifloctin')",,"['Raw materials', 'Personal care']","['PERSONAL CARE', 'INDUSTRIAL']","['INDUSTRIAL', 'FOOD', 'MEDICAL']",['INDUSTRIAL'],"['INDUSTRIAL', 'FOOD']",['INFO']
3506,Carboxybenzene,"('Benzoic acid', 'Dracylic acid', 'Benzenecarboxylic acid', 'Carboxybenzene', 'Benzeneformic acid')",WPYMKLBDIGXBTP-UHFFFAOYSA-N,"['Batteries', 'Personal care', 'Laboratory supplies', 'Cleaning products and household care']","['PERSONAL CARE', 'INDUSTRIAL']","['FOOD', 'INDUSTRIAL', 'MEDICAL']",['INFO'],"['FOOD', 'INDUSTRIAL', 'MEDICAL']",['INFO']
3508,Dithioglycerol,"('Dimercaprol', 'Dithioglycerol', 'Dithioglycerine', 'Dicaptol', 'Sulfactin')",WQABCVAJNWAXTE-UHFFFAOYSA-N,['Cleaning products and household care'],['INDUSTRIAL'],['MEDICAL'],['INFO'],['MEDICAL'],['MEDICAL']
3516,Minalin,"('Pyrrole-2-carboxylic acid', 'Minaline', 'Minalin', 'Pyrrole-2-carboxylicacid', 'Pyrrole-2-carboxylate')",,['Personal care'],['PERSONAL CARE'],['INFO'],['INFO'],['INFO'],['INFO']
3517,Phenylethanol,"('Phenylethyl alcohol', 'Phenethyl alcohol', 'Benzyl carbinol', 'Benzeneethanol', 'Phenylethanol')",,"['Cleaning products and household care', 'Pesticides', 'Personal care']","['PERSONAL CARE', 'INDUSTRIAL']",['INFO'],"['FOOD', 'INDUSTRIAL', 'PERSONAL CARE']",['INFO'],['INFO']
3520,Terpinen-4-ol,"('Terpinen-4-ol', 'P-menth-1-en-4-ol', 'Terpinenol-4', 'Terpene-4-ol', 'Terpinine-4-ol')",,"['Cleaning products and household care', 'Vehicle']",['INDUSTRIAL'],"['FOOD', 'PERSONAL CARE', 'INFO']","['FOOD', 'PERSONAL CARE']","['FOOD', 'PERSONAL CARE']",['INFO']
3522,Coppertone,"('Homosalate', 'Homomenthyl salicylate', 'Coppertone', 'Heliopan', 'Heliophan')",WSSJONWNBBTCMG-UHFFFAOYSA-N,['Personal care'],['PERSONAL CARE'],['PERSONAL CARE'],['PERSONAL CARE'],['PERSONAL CARE'],['PERSONAL CARE']
3524,B-pinene,"('Œ≤-pinene', 'Beta-pinene', 'Nopinene', 'B-pinene', '(1s)-beta-pinene')",,['Cleaning products and household care'],['INDUSTRIAL'],"['FOOD', 'INDUSTRIAL']",['FOOD'],"['FOOD', 'PERSONAL CARE']","['FOOD', 'PERSONAL CARE', 'INDUSTRIAL']"
3530,P-menth-1-en-8-ol,"('Œ±-terpineol', 'Alpha-terpineol', 'Terpineol', 'P-menth-1-en-8-ol', 'Terpineol 350')",,"['Home maintenance', 'Cleaning products and household care', 'Vehicle', 'Cleaning and safety', 'Arts and crafts/office supplies']",['INDUSTRIAL'],"['PERSONAL CARE', 'FOOD']",['FOOD'],"['FOOD', 'PERSONAL CARE']","['FOOD', 'PERSONAL CARE']"
3534,Phenylcarbinol,"('Benzyl alcohol', 'Benzenemethanol', 'Phenylmethanol', 'Phenylcarbinol', 'Benzoyl alcohol')",,"['Home maintenance', 'Raw materials', 'Cleaning products and household care', 'Personal care', 'Arts and crafts/office supplies']","['PERSONAL CARE', 'INDUSTRIAL']","['INDUSTRIAL', 'PERSONAL CARE', 'MEDICAL', 'FOOD']",['INFO'],"['MEDICAL', 'FOOD', 'PERSONAL CARE', 'INDUSTRIAL']","['MEDICAL', 'FOOD', 'PERSONAL CARE', 'INDUSTRIAL']"
3544,Octylic acid,"('Octanoic acid', 'Caprylic acid', 'N-octanoic acid', 'Octylic acid', 'N-caprylic acid')",WWZKQHOCKIZLMA-UHFFFAOYSA-N,"['Personal care', 'Cleaning products and household care']","['PERSONAL CARE', 'INDUSTRIAL']","['FOOD', 'INDUSTRIAL', 'MEDICAL']","['FOOD', 'INDUSTRIAL']","['FOOD', 'ENDOGENOUS', 'INDUSTRIAL', 'MEDICAL']",['INFO']
3567,Glyphosphate,"('Glyphosate', 'N-(phosphonomethyl)glycine', 'N-phosphonomethyl-glycine', 'Roundup', 'Glyphosphate')",,['Landscape/yard'],['INDUSTRIAL'],['INDUSTRIAL'],['INDUSTRIAL'],['INDUSTRIAL'],['INDUSTRIAL']
3579,Triclosan,"('Triclosan', 'Cloxifenolum', 'Irgasan', 'Triclosanum', 'Irgasan dp300')",XEFQLINVKFYRCS-UHFFFAOYSA-N,['Personal care'],['PERSONAL CARE'],"['MEDICAL', 'PERSONAL CARE', 'INDUSTRIAL']","['PERSONAL CARE', 'INDUSTRIAL']","['INDUSTRIAL', 'PERSONAL CARE', 'MEDICAL', 'FOOD']","['PERSONAL CARE', 'INDUSTRIAL']"
3610,Limonene,"('Limonene', '(s)-limonene', '(s)-1-methyl-4-(prop-1-en-2-yl)cyclohex-1-ene', '(4s)-limonene', 'S-limonene')",XMGQYMWWDOXHJM-JTQLQIEISA-N,"['Vehicle', 'Personal care', 'Pesticides', 'Manufactured formulations', 'Arts and crafts/office supplies', 'Home maintenance', 'Cleaning products and household care']","['PERSONAL CARE', 'INDUSTRIAL']","['FOOD', 'PERSONAL CARE', 'INDUSTRIAL']","['FOOD', 'PERSONAL CARE', 'INDUSTRIAL']","['FOOD', 'PERSONAL CARE', 'INDUSTRIAL']","['FOOD', 'PERSONAL CARE', 'INDUSTRIAL']"
3617,Eusolex 9020,"('Avobenzone', 'Parsol 1789', 'Butyl methoxydibenzoylmethane', 'Escalol 517', 'Eusolex 9020')",XNEFYCZVKIDDMS-UHFFFAOYSA-N,['Personal care'],['PERSONAL CARE'],['PERSONAL CARE'],['PERSONAL CARE'],['PERSONAL CARE'],['PERSONAL CARE']
3618,"Benzene-1,2-dicarboxylic acid","('Phthalic acid', 'Benzene-1,2-dicarboxylic acid', 'O-phthalic acid', 'Pathalic acid', 'O-dicarboxybenzene')",,['Cleaning products and household care'],['INDUSTRIAL'],['INDUSTRIAL'],['INDUSTRIAL'],['INDUSTRIAL'],['INDUSTRIAL']
3624,Taurine,"('Taurine', 'Ethanesulfonic acid, 2-amino-', 'Tauphon', 'O-due', 'Taufon')",XOAAWQZATWQOTB-UHFFFAOYSA-N,"['Raw materials', 'Personal care', 'Pet care']","['PERSONAL CARE', 'INDUSTRIAL']","['ENDOGENOUS', 'FOOD', 'INDUSTRIAL']","['ENDOGENOUS', 'FOOD']","['ENDOGENOUS', 'FOOD', 'PERSONAL CARE', 'INDUSTRIAL']","['ENDOGENOUS', 'FOOD']"
3629,Talmon,"('Maltol', 'Larixinic acid', 'Palatone', 'Talmon', 'Larixic acid')",,"['Cleaning products and household care', 'Raw materials', 'Personal care']","['PERSONAL CARE', 'INDUSTRIAL']",['INFO'],['INFO'],['INFO'],['INFO']
3646,Carbonyldiamide,"('Urea', 'Carbamide', 'Carbonyldiamide', 'Isourea', 'Ureophil')",XSQUKJJJFZCRTK-UHFFFAOYSA-N,"['Landscape/yard', 'Raw materials', 'Personal care', 'Furniture and furnishings', 'Manufactured formulations', 'Cleaning products and household care']","['PERSONAL CARE', 'INDUSTRIAL']","['ENDOGENOUS', 'INDUSTRIAL', 'MEDICAL', 'FOOD', 'PERSONAL CARE']",['INFO'],"['ENDOGENOUS', 'MEDICAL', 'PERSONAL CARE', 'INDUSTRIAL']",['INFO']
3652,Cystein,"('Cysteine', 'Cystein', '(s)-2-amino-3-mercaptopropanoic acid', '(2s)-2-amino-3-sulfanylpropanoic acid', 'Zystein')",,['Personal care'],['PERSONAL CARE'],"['FOOD', 'ENDOGENOUS', 'INDUSTRIAL', 'PERSONAL CARE', 'MEDICAL']",['INFO'],"['ENDOGENOUS', 'FOOD', 'PERSONAL CARE', 'INDUSTRIAL']","['ENDOGENOUS', 'FOOD', 'MEDICAL', 'PERSONAL CARE']"
3704,Acesulfame potassium,"('Acesulfame (potassium)', 'Acetosulfam', 'Acesulfamum', 'Acesulfamo', 'Acesulfame potassium')",YGCFIWIQZPHFLU-UHFFFAOYSA-N,['Personal care'],['PERSONAL CARE'],"['FOOD', 'INDUSTRIAL']",['FOOD'],['FOOD'],['FOOD']
3709,Salonil,"('Salicylic acid', 'O-hydroxybenzoic acid', 'O-carboxyphenol', 'Rutranex', 'Salonil')",YGSDEFSMJLZEOE-UHFFFAOYSA-N,"['Personal care', 'Cleaning products and household care']","['PERSONAL CARE', 'INDUSTRIAL']","['MEDICAL', 'FOOD', 'PERSONAL CARE', 'INDUSTRIAL']",['INFO'],"['MEDICAL', 'ENDOGENOUS', 'FOOD', 'PERSONAL CARE', 'INDUSTRIAL']",['INFO']
3726,Qutenza,"('Capsaicin', '(e)-capsaicin', 'Zostrix', 'Qutenza', 'Styptysat')",,['Pesticides'],['INDUSTRIAL'],"['MEDICAL', 'FOOD']",['MEDICAL'],"['MEDICAL', 'FOOD']",['MEDICAL']
3738,Methyl nicotinate,"('Methyl nicotinate', 'Methyl pyridine-3-carboxylate', 'Nikomet', 'Methylnicotinate', 'Methyl-nicotinate')",YNBADRVTZLEFNH-UHFFFAOYSA-N,['Personal care'],['PERSONAL CARE'],"['MEDICAL', 'PERSONAL CARE']","['MEDICAL', 'PERSONAL CARE']","['MEDICAL', 'PERSONAL CARE']","['MEDICAL', 'PERSONAL CARE', 'FOOD']"
3796,Alpha-tocopheryl acetate,"('Œ±-tocopherol acetate', 'Vitamin e acetate', 'Alpha-tocopherol acetate', 'Tocopherol acetate', 'Alpha-tocopheryl acetate')",,"['Pet care', 'Personal care']","['PERSONAL CARE', 'INDUSTRIAL']","['MEDICAL', 'PERSONAL CARE', 'FOOD', 'INDUSTRIAL']","['FOOD', 'PERSONAL CARE']","['FOOD', 'PERSONAL CARE', 'INDUSTRIAL']","['PERSONAL CARE', 'FOOD']"
3811,Germall 115,"('Imidazolidinyl urea', 'Germall 115', 'Imidurea [nf]', ""Methanebis(n,n'-(5-ureido-2,4-diketotetrahydroimidazole)-n,n-dimethylol)"", 'Imidurea (nf)')",,['Personal care'],['PERSONAL CARE'],['PERSONAL CARE'],"['INDUSTRIAL', 'PERSONAL CARE']","['PERSONAL CARE', 'INDUSTRIAL']",['PERSONAL CARE']
3817,Glutamine,"('Glutamine', 'H-d-gln-oh', '(r)-2,5-diamino-5-oxopentanoic acid', '(2r)-2-amino-4-carbamoylbutanoic acid', '(2r)-2,5-diamino-5-oxopentanoic acid')",,['Raw materials'],['INDUSTRIAL'],"['ENDOGENOUS', 'FOOD', 'MEDICAL']","['ENDOGENOUS', 'FOOD']","['ENDOGENOUS', 'FOOD', 'MEDICAL']","['ENDOGENOUS', 'FOOD', 'MEDICAL', 'PERSONAL CARE']"
3819,Levoglutamide,"('Glutamine', 'Glutamic acid 5-amide', 'Levoglutamide', 'Glutamic acid amide', 'H-gln-oh')",,['Raw materials'],['INDUSTRIAL'],['INFO'],['INFO'],"['ENDOGENOUS', 'FOOD', 'MEDICAL']","['ENDOGENOUS', 'FOOD', 'MEDICAL']"
3826,Draconic acid,"('P-anisic acid', 'Draconic acid', 'P-methoxybenzoic acid', 'Benzoic acid, 4-methoxy-', 'Para-anisic acid')",,['Personal care'],['PERSONAL CARE'],"['FOOD', 'INDUSTRIAL']",['INFO'],"['FOOD', 'PERSONAL CARE', 'INDUSTRIAL']","['FOOD', 'PERSONAL CARE', 'INDUSTRIAL']"
3829,Minoximen,"('Minoxidil', 'Rogaine', 'Loniten', 'Regaine', 'Minoximen')",ZIMGGGWCDYVHOY-UHFFFAOYSA-N,['Personal care'],['PERSONAL CARE'],['MEDICAL'],['INFO'],"['MEDICAL', 'PERSONAL CARE']","['MEDICAL', 'PERSONAL CARE']"
3873,Elaidic acid,"('Elaidic acid', 'Trans-oleic acid', 'Trans-9-octadecenoic acid', '(e)-octadec-9-enoic acid', '(e)-oleic acid')",,['Arts and crafts/office supplies'],['INDUSTRIAL'],"['FOOD', 'INDUSTRIAL']",['FOOD'],"['FOOD', 'INDUSTRIAL']",['FOOD']
3874,Oleate,"('Oleic acid', 'Cis-9-octadecenoic acid', '(z)-octadec-9-enoic acid', 'Oleate', 'Elaidoic acid')",ZQPPMHVWECSIRJ-MDZDMXLPSA-N,['Arts and crafts/office supplies'],['INDUSTRIAL'],"['FOOD', 'ENDOGENOUS', 'INDUSTRIAL']","['ENDOGENOUS', 'FOOD']","['ENDOGENOUS', 'FOOD', 'PERSONAL CARE', 'INDUSTRIAL']","['ENDOGENOUS', 'FOOD', 'PERSONAL CARE', 'INDUSTRIAL']"
3888,N-propyl gallate,"('Propyl gallate', 'Propyl 3,4,5-trihydroxybenzoate', 'N-propyl gallate', 'Tenox pg', 'Progallin p')",ZTHYODDOHIVTJV-UHFFFAOYSA-N,['Personal care'],['PERSONAL CARE'],"['FOOD', 'PERSONAL CARE', 'INDUSTRIAL']","['FOOD', 'INDUSTRIAL', 'PERSONAL CARE']","['FOOD', 'PERSONAL CARE', 'INDUSTRIAL']","['FOOD', 'PERSONAL CARE', 'INDUSTRIAL']"
3909,Cumarin,"('Coumarin', 'Cumarin', 'Chromen-2-one', 'Rattex', 'Tonka bean camphor')",ZYGHJZDHTFUPRJ-UHFFFAOYSA-N,"['Vehicle', 'Personal care', 'Pesticides']","['PERSONAL CARE', 'INDUSTRIAL']","['FOOD', 'INDUSTRIAL', 'PERSONAL CARE']","['FOOD', 'INDUSTRIAL']","['FOOD', 'PERSONAL CARE', 'INDUSTRIAL']",['INFO']
3918,Alledryl,"('Dimenhydrinate', 'Diphenhydramine', 'Benadryl', 'Benzhydramine', 'Alledryl')",ZZVUWRFHKOJYTH-UHFFFAOYSA-N,['Personal care'],['PERSONAL CARE'],['MEDICAL'],['INFO'],['MEDICAL'],['MEDICAL']
3923,Phisohex,"('Hexachlorophene', 'Hexachlorofen', 'Hexachlorophen', 'Nabac', 'Phisohex')",ACGUYXCXAPNIKK-UHFFFAOYSA-N,['Arts and crafts/office supplies'],['INDUSTRIAL'],"['MEDICAL', 'PERSONAL CARE']","['MEDICAL', 'PERSONAL CARE']","['MEDICAL', 'INDUSTRIAL']","['MEDICAL', 'PERSONAL CARE']"
3926,Coq10,"('Coenzyme q10', 'Ubidecarenone', 'Ubiquinone-10', 'Coq10', 'Ubiquinone 50')",,['Personal care'],['PERSONAL CARE'],"['ENDOGENOUS', 'FOOD']","['ENDOGENOUS', 'MEDICAL', 'FOOD']","['ENDOGENOUS', 'FOOD', 'PERSONAL CARE']","['ENDOGENOUS', 'FOOD', 'PERSONAL CARE']"
3933,Altax,"('Thiofide', 'Altax', 'Dibenzothiazyl disulfide', 'Benzothiazyl disulfide', 'Benzothiazole disulfide')",,['Construction and building materials'],['INDUSTRIAL'],['INFO'],['INFO'],['INFO'],['INDUSTRIAL']
3963,Lactoflavin,"('Riboflavin', 'Vitamin b2', 'Lactoflavin', 'Riboflavine', 'Vitamin g')",AUNGANRZJHBGPY-SCRDCRAPSA-N,"['Pet care', 'Personal care', 'Raw materials']","['PERSONAL CARE', 'INDUSTRIAL']","['FOOD', 'MEDICAL', 'INDUSTRIAL']",['FOOD'],"['MEDICAL', 'FOOD', 'INDUSTRIAL']",['INFO']
3964,Ribocrisina,"('Hyflavin', 'Dermadram', 'Fiboflavin', 'Aqua-flave', 'Ribocrisina')",AUNGANRZJHBGPY-SCRDCRAPSA-N,"['Pet care', 'Personal care', 'Raw materials']","['PERSONAL CARE', 'INDUSTRIAL']",['INFO'],['INFO'],"['MEDICAL', 'ENDOGENOUS', 'FOOD', 'INDUSTRIAL']",['INFO']
3971,Threonine,"('Threonine', 'H-dl-thr-oh', 'H-dl-allo-thr-oh', 'Threonine, dl-', 'Allothreonine, d-')",AYFVYJQAPQTCCC-GBXIJSLDSA-N,['Personal care'],['PERSONAL CARE'],"['FOOD', 'ENDOGENOUS']",['FOOD'],['FOOD'],['INFO']
3978,N-propyl alcohol,"('Propanol', 'Propan-1-ol', 'Propyl alcohol', 'N-propanol', 'N-propyl alcohol')",,"['Home maintenance', 'Specialty occupational products', 'Cleaning products and household care', 'Electronics/small appliances', 'Pet care', 'Personal care', 'Arts and crafts/office supplies', 'Pesticides']","['PERSONAL CARE', 'INDUSTRIAL']","['INDUSTRIAL', 'FOOD']","['INDUSTRIAL', 'FOOD']","['FOOD', 'INDUSTRIAL']","['INDUSTRIAL', 'PERSONAL CARE']"
3983,Apple acid,"('Malate', 'Malate dianion', 'Malate(2-)', 'Apple acid', 'Hydroxybutanedioate')",BJEPYKJPYRNKOW-UHFFFAOYSA-N,"['Personal care', 'Cleaning products and household care']","['PERSONAL CARE', 'INDUSTRIAL']","['FOOD', 'ENDOGENOUS']",['INFO'],"['ENDOGENOUS', 'FOOD', 'INDUSTRIAL']",['INFO']
3985,".beta.-d-glucopyranoside, 4-hydroxyphenyl","('P-hydroxyphenyl .beta.-d-glucoside', 'Hydroquinone .beta.-d-glucopyranoside', 'P-hydroxyphenyl .beta.-d-glucopyranoside', 'Hydroquinone-beta-d-glucopyranoside', '.beta.-d-glucopyranoside, 4-hydroxyphenyl')",BJRNKVDFDLYUGJ-RMPHRYRLSA-N,['Personal care'],['PERSONAL CARE'],['INFO'],['INFO'],['INFO'],"['FOOD', 'PERSONAL CARE']"
4016,Dyclothane,"('Dyclonine hydrochloride', 'Dyclonine hcl', 'Dyclone', 'Dyclocaine hydrochloride', 'Dyclothane')",,['Personal care'],['PERSONAL CARE'],['MEDICAL'],['INFO'],"['MEDICAL', 'PERSONAL CARE']",['MEDICAL']
4017,N-acetyltyrosine,"('N-acetyltyrosine', 'N-acetyl-dl-tyrosine', 'N-acetyl-4-hydroxyphenylalanine', 'Tyrosine, n-acetyl-', 'Tyrosine, n-acetyl-, l-')",CAHKINHBCWCHCF-JTQLQIEISA-N,['Personal care'],['PERSONAL CARE'],"['FOOD', 'MEDICAL']",['FOOD'],"['MEDICAL', 'FOOD']","['MEDICAL', 'PERSONAL CARE']"
4023,Indigotindisulfonate sodium,"('Indigo carmine', 'Acid blue 74', 'Indigocarmine', 'Indigotindisulfonate sodium', 'C.i. acid blue 74')",,['Personal care'],['PERSONAL CARE'],"['MEDICAL', 'FOOD', 'PERSONAL CARE']","['MEDICAL', 'INDUSTRIAL']","['MEDICAL', 'FOOD', 'PERSONAL CARE']",['INFO']
4026,Celin,"('Ascorbic acid', 'Erythro-hex-2-enonic acid, gamma-lactone', 'Erycorbin', 'Celin', 'Neo-cebicure')",CIWBSHSKHKDKBQ-JLAZNSOCSA-N,"['Pet care', 'Personal care', 'Raw materials', 'Laboratory supplies']","['PERSONAL CARE', 'INDUSTRIAL']",['INFO'],['INFO'],['INFO'],['INFO']
4045,Carbaril,"('Carbaril', 'Sevin', 'Naphthalen-1-yl methylcarbamate', 'Arilat', 'Caprolin')",CVXBEEMKQHEXEN-UHFFFAOYSA-N,"['Pet care', 'Pesticides']",['INDUSTRIAL'],"['INDUSTRIAL', 'MEDICAL']",['INDUSTRIAL'],['INDUSTRIAL'],"['INDUSTRIAL', 'PERSONAL CARE']"
4049,Sugar,"('Hex-2-ulofuranosyl hexopyranoside', 'Sugar', '.alpha.-d-glucopyranoside, .beta.-d-fructofuranosyl', 'Alpha-d-glucopyranoside, beta-d-fructofuranosyl', 'Zucker')",CZMRCDWAGMRECN-UGDNZRGBSA-N,"['Landscape/yard', 'Raw materials', 'Personal care', 'Pesticides', 'Cleaning products and household care']","['PERSONAL CARE', 'INDUSTRIAL']",['FOOD'],['FOOD'],['FOOD'],"['FOOD', 'PERSONAL CARE', 'MEDICAL', 'INDUSTRIAL']"
4060,Chloromethylisothiazolinone,"('Methylchloroisothiazolinone', 'Chloromethylisothiazolinone', 'Kathon cg 5243', 'Bioace', 'Kathon ixe')",,"['Home maintenance', 'Cleaning and safety', 'Cleaning products and household care', 'Pet care', 'Vehicle', 'Personal care', 'Arts and crafts/office supplies']","['PERSONAL CARE', 'INDUSTRIAL']","['PERSONAL CARE', 'INDUSTRIAL']","['INDUSTRIAL', 'PERSONAL CARE']","['INDUSTRIAL', 'PERSONAL CARE']","['PERSONAL CARE', 'INDUSTRIAL']"
4102,Tartaric acid,"('L-tartaric acid', 'Tartaric acid', 'Ltartaric acid', '(2r,3r)-2,3-dihydroxysuccinic acid', '(2r,3r)-2,3-dihydroxybutanedioic acid')",,"['Pet care', 'Laboratory supplies', 'Personal care', 'Arts and crafts/office supplies']","['PERSONAL CARE', 'INDUSTRIAL']","['FOOD', 'INDUSTRIAL']","['FOOD', 'INDUSTRIAL']","['FOOD', 'INDUSTRIAL', 'PERSONAL CARE', 'MEDICAL']","['FOOD', 'INDUSTRIAL']"
4105,Threaric acid,"('Tartaric acid', '(2s,3s)-2,3-dihydroxysuccinic acid', 'Dtartaric acid', '(2s,3s)-2,3-dihydroxybutanedioic acid', 'Threaric acid')",,"['Pet care', 'Laboratory supplies', 'Personal care', 'Arts and crafts/office supplies']","['PERSONAL CARE', 'INDUSTRIAL']","['FOOD', 'INDUSTRIAL']",['INFO'],"['FOOD', 'INDUSTRIAL', 'PERSONAL CARE', 'MEDICAL']","['FOOD', 'PERSONAL CARE']"
4120,Alphalin,"('Retinol', 'Vitamin a', 'All-trans-retinol', 'Vitamin a1', 'Alphalin')",,['Personal care'],['PERSONAL CARE'],"['MEDICAL', 'FOOD', 'PERSONAL CARE']",['INFO'],"['MEDICAL', 'ENDOGENOUS', 'FOOD', 'PERSONAL CARE', 'INDUSTRIAL']","['MEDICAL', 'FOOD']"
4158,Tris(2-hydroxyethyl)amine,"('Trolamine', 'Sterolamide', 'Tris(2-hydroxyethyl)amine', 'Daltogen', 'Nitrilotriethanol')",,"['Specialty occupational products', 'Cleaning products and household care', 'Cleaning and safety', 'Personal care', 'Arts and crafts/office supplies']","['PERSONAL CARE', 'INDUSTRIAL']","['INDUSTRIAL', 'PERSONAL CARE', 'MEDICAL']",['INDUSTRIAL'],"['INDUSTRIAL', 'PERSONAL CARE', 'MEDICAL']","['INDUSTRIAL', 'PERSONAL CARE']"
4166,Doxylamine succinate,"('Doxylamine succinate', 'Decapryn', 'Doxylamine (succinate)', 'Doxylamine succinate salt', 'Gittalun')",,['Personal care'],['PERSONAL CARE'],['MEDICAL'],['MEDICAL'],['MEDICAL'],['MEDICAL']
4172,Pentitol,"('Pentitol', 'Pentane-1,2,3,4,5-pentol', 'Arabitol(d)', 'Arabinitol, d-', 'Adonitol;adonite')",HEBKCHPVOIAQTA-UHFFFAOYSA-N,"['Raw materials', 'Personal care']","['PERSONAL CARE', 'INDUSTRIAL']","['FOOD', 'ENDOGENOUS']",['INFO'],['INFO'],['INFO']
4183,(s)-guaiphenesin,"('Guaifensin', '(s)-guaiphenesin', '(s)-guaifenesin', 'Glycero-guaiacol ether', '3-(o-methoxyphenoxy)-1,2-propanediol')",HSRJKNPTNIJEKV-UHFFFAOYSA-N,['Personal care'],['PERSONAL CARE'],['MEDICAL'],['MEDICAL'],['MEDICAL'],['MEDICAL']
4192,Cholest-5-en-3-ol,"('Cholest-5-en-3-ol', 'Cholest-5-en-3-ol #')",HVYWMOMLDIMFJA-DPAQBDIFSA-N,['Personal care'],['PERSONAL CARE'],['INFO'],['ENDOGENOUS'],['INFO'],"['ENDOGENOUS', 'FOOD', 'PERSONAL CARE']"
4201,Dimethyl sulphoxide,"('Dimethyl sulfoxide', 'Methyl sulfoxide', 'Methylsulfinylmethane', 'Dimethylsulfoxide', 'Dimethyl sulphoxide')",IAZDPXIOMUYVGZ-UHFFFAOYSA-N,"['Pet care', 'Personal care', 'Laboratory supplies']","['PERSONAL CARE', 'INDUSTRIAL']","['INDUSTRIAL', 'MEDICAL']","['MEDICAL', 'INDUSTRIAL']","['INDUSTRIAL', 'MEDICAL']","['MEDICAL', 'INDUSTRIAL']"
4217,Sophorin,"('Vitamin p', 'Quercetin-3-o-rutinose', 'Osyritin', 'Rutin', 'Sophorin')",IKGXIBQEEMLURG-NVPNHPEKSA-N,['Personal care'],['PERSONAL CARE'],"['FOOD', 'ENDOGENOUS']",['INFO'],['FOOD'],['INFO']
4229,Phenic acid,"('Phenol', 'Carbolic acid', 'Hydroxybenzene', 'Phenic acid', 'Oxybenzene')",ISWSIDIOOBJBQZ-UHFFFAOYSA-N,"['Personal care', 'Cleaning products and household care', 'Home maintenance', 'Electronics/small appliances', 'Laboratory supplies']","['PERSONAL CARE', 'INDUSTRIAL']","['INDUSTRIAL', 'MEDICAL']",['INFO'],"['INDUSTRIAL', 'MEDICAL', 'FOOD', 'ENDOGENOUS']",['INFO']
4234,Sumisorb 340,"('Sumisorb 340', 'Cyasorb 5411', 'Cyasorb uv 5411', 'Seesorb 709', 'Tinuvin 329')",,['Cleaning products and household care'],['INDUSTRIAL'],['INFO'],['INFO'],['INFO'],['INFO']
4246,Zeaxanthin,"('Zeaxanthin', 'Anchovyxanthin', 'All-trans-zeaxanthin', ""Beta,beta-carotene-3,3'-diol"", 'Zeaxanthol')",,['Personal care'],['PERSONAL CARE'],"['FOOD', 'ENDOGENOUS']",['FOOD'],"['FOOD', 'PERSONAL CARE']",['FOOD']
4269,Karbofos,"('Malathion', 'Carbophos', 'Carbofos', 'Mercaptothion', 'Karbofos')",JXSJBGJIGXNWCI-UHFFFAOYSA-N,['Pesticides'],['INDUSTRIAL'],"['INDUSTRIAL', 'MEDICAL']",['INDUSTRIAL'],"['MEDICAL', 'INDUSTRIAL']",['INFO']
4270,Cortisol?,"('Cortisol?', 'Hydrocortisone impurity m', 'Pregn-4-ene-3,20-dione, 11,17,21-trihydroxy-', '(1s,2r,10s,11s,14r,15s,17s)-14,17-dihydroxy-14-(2-hydroxyacetyl)-2,15-dimethyltetracyclo[8.7.0.0^{2')",,"['Pet care', 'Personal care']","['PERSONAL CARE', 'INDUSTRIAL']",['ENDOGENOUS'],"['ENDOGENOUS', 'MEDICAL']",['ENDOGENOUS'],"['ENDOGENOUS', 'MEDICAL']"
4275,Lutein,"('Lutein', 'Bo-xan', 'Vegetable lutein', 'Vegetable luteol', 'All-trans-lutein')",,['Personal care'],['PERSONAL CARE'],"['FOOD', 'MEDICAL']",['FOOD'],"['FOOD', 'PERSONAL CARE', 'INDUSTRIAL']","['FOOD', 'PERSONAL CARE']"
4298,Thiuram,"('Thiram', 'Tetramethylthiuram disulfide', 'Thiuram', 'Pomarsol', 'Rezifilm')",KUAZQDVKQLNFPE-UHFFFAOYSA-N,"['Landscape/yard', 'Construction and building materials', 'Pesticides']",['INDUSTRIAL'],"['INDUSTRIAL', 'MEDICAL']",['INDUSTRIAL'],"['INDUSTRIAL', 'MEDICAL']","['INDUSTRIAL', 'MEDICAL', 'PERSONAL CARE']"
4305,Trimethylglycine,"('Betaine', 'Glycine betaine', 'Oxyneurine', 'Lycine', 'Trimethylglycine')",,"['Cleaning products and household care', 'Pet care', 'Personal care']","['PERSONAL CARE', 'INDUSTRIAL']","['MEDICAL', 'FOOD', 'ENDOGENOUS']","['ENDOGENOUS', 'FOOD']","['MEDICAL', 'ENDOGENOUS', 'FOOD', 'INDUSTRIAL']","['MEDICAL', 'FOOD']"
4309,.beta.-sitosterol,"('Stigmast-5-en-3beta-ol', '.beta.-sitosterin', '.beta.-sitosterol', '.alpha.-phytosterol', 'Sitosterol, .beta.')",,['Personal care'],['PERSONAL CARE'],['INFO'],['FOOD'],"['MEDICAL', 'FOOD']","['FOOD', 'PERSONAL CARE']"
4310,Valina,"('Valine', 'H-dl-val-oh', 'Valine, dl-', 'Valina', '.alpha.-aminoisovaleric acid')",,['Personal care'],['PERSONAL CARE'],['INFO'],['INFO'],['INFO'],['INFO']
4311,Epoxide a,"('Epoxide a', 'Epophen el 5', 'Dian diglycidyl ether', 'Diglycidyl bisphenol a', 'Epi-rez 510')",LCFVJGUPQDGYKZ-UHFFFAOYSA-N,"['Home maintenance', 'Arts and crafts/office supplies']",['INDUSTRIAL'],"['INFO', 'INFO', 'INFO']",['INFO'],['INFO'],['INFO']
4331,Dipotassium glycyrrhizinate,"('Dipotassium glycyrrhizinate',)",,['Personal care'],['PERSONAL CARE'],"['MEDICAL', 'FOOD']","['FOOD', 'PERSONAL CARE']",['INFO'],"['PERSONAL CARE', 'FOOD']"
4352,Ergorone,"('Ergocalciferol', 'Calciferol', 'Viosterol', 'Ercalciol', 'Ergorone')",MECHNRXZTMCUDQ-RKHKHRCZSA-N,['Personal care'],['PERSONAL CARE'],"['MEDICAL', 'FOOD']",['INFO'],"['MEDICAL', 'FOOD']",['INFO']
4390,Sonac,"('Phosphoric acid', 'O-phosphoric acid', 'Sonac', 'Wc-reiniger', 'Acidum phosphoricum')",NBIIXXVUZAFLBC-UHFFFAOYSA-N,"['Cleaning and safety', 'Raw materials', 'Vehicle', 'Personal care', 'Construction and building materials', 'Home maintenance', 'Cleaning products and household care']","['PERSONAL CARE', 'INDUSTRIAL']",['INFO'],['INFO'],['INFO'],['INFO']
4395,Trichlorphon,"('Metrifonate', 'Chlorophos', 'Trichlorphon', 'Metriphonate', 'Methyl chlorophos')",NFACJZMKEDPNKN-UHFFFAOYSA-N,['Pesticides'],['INDUSTRIAL'],['INDUSTRIAL'],['INDUSTRIAL'],['INDUSTRIAL'],['INDUSTRIAL']
4403,Behenyl alcohol,"('Docosan-1-ol', 'Docosanol', 'Behenyl alcohol', 'Behenic alcohol', 'N-docosanol')",,"['Raw materials', 'Personal care']","['PERSONAL CARE', 'INDUSTRIAL']","['MEDICAL', 'PERSONAL CARE']","['PERSONAL CARE', 'INDUSTRIAL', 'FOOD']","['MEDICAL', 'PERSONAL CARE']",['INFO']
4415,"Psi,psi-carotene","('Psi,psi-carotene', 'All-trans-lycopene', 'Trans-lycopene', 'Lycopene 7', 'Lycored')",,['Personal care'],['PERSONAL CARE'],"['INDUSTRIAL', 'MEDICAL']",['FOOD'],['INFO'],['INFO']
4436,Phenylallyl alcohol,"('Trans-cinnamic alcohol', 'Styryl carbinol', 'Phenylallyl alcohol', 'Phenyl-2-propen-1-ol', 'Gamma-phenylallyl alcohol')",OOCCDEMITAIZTP-UHFFFAOYSA-N,"['Vehicle', 'Personal care', 'Cleaning products and household care']","['PERSONAL CARE', 'INDUSTRIAL']","['FOOD', 'PERSONAL CARE', 'INDUSTRIAL']",['INFO'],"['FOOD', 'PERSONAL CARE', 'INDUSTRIAL']","['FOOD', 'PERSONAL CARE']"
4442,Folacin,"('Folic acid', 'Folate', 'Pteroylglutamic acid', 'Vitamin m', 'Folacin')",,"['Cleaning products and household care', 'Pet care', 'Personal care']","['PERSONAL CARE', 'INDUSTRIAL']","['FOOD', 'MEDICAL']","['FOOD', 'MEDICAL']","['MEDICAL', 'FOOD']","['FOOD', 'MEDICAL']"
4443,Folsaure,"('Folcidin', 'Folsaure', 'Vitamin b11', 'Usaf cb-13', 'Pteglu;vitamin m;pteroyl-l-glutamic acid')",,"['Cleaning products and household care', 'Pet care', 'Personal care']","['PERSONAL CARE', 'INDUSTRIAL']","['FOOD', 'MEDICAL']","['FOOD', 'MEDICAL']","['MEDICAL', 'FOOD']",['INFO']
4445,N-acetylglucosamine,"('Acetylglucosamine', 'N-acetyl-beta-d-glucosamine', 'N-acetylglucosamine', 'Beta-n-acetylglucosamine', 'Betaglcnac')",,['Personal care'],['PERSONAL CARE'],"['MEDICAL', 'ENDOGENOUS']","['ENDOGENOUS', 'FOOD', 'PERSONAL CARE']","['MEDICAL', 'ENDOGENOUS', 'FOOD']","['ENDOGENOUS', 'FOOD', 'PERSONAL CARE', 'MEDICAL']"
4450,Diphenylguanidine,"('Diphenylguanidine', ""N,n'-diphenylguanidine"", 'Vulkazit', 'Accelerator d', 'Melaniline')",,['Home maintenance'],['INDUSTRIAL'],['INDUSTRIAL'],['INDUSTRIAL'],['INDUSTRIAL'],['INDUSTRIAL']
4453,Alpha-linoleic acid,"('Octadeca-9,12-dienoic acid', 'Alpha-linoleic acid', '(9e,12z)-octadeca-9,12-dienoic acid', 'Cis-9-cis-12-octadecadienoic acid', 'Kbiogr_000094')",,"['Arts and crafts/office supplies', 'Personal care']","['PERSONAL CARE', 'INDUSTRIAL']","['FOOD', 'ENDOGENOUS']",['FOOD'],['FOOD'],['INFO']
4471,Carnitine,"('Carnitine', '(s)-3-hydroxy-4-(trimethylammonio)butanoate', '(s)-carnitine', 'Carnitine d-form', 'Dcarnitine')",PHIQHXFUZVPYII-ZCFIWIBFSA-N,"['Personal care', 'Electronics/small appliances']","['PERSONAL CARE', 'INDUSTRIAL']","['ENDOGENOUS', 'FOOD', 'MEDICAL']","['ENDOGENOUS', 'MEDICAL', 'FOOD']","['ENDOGENOUS', 'FOOD', 'MEDICAL']","['ENDOGENOUS', 'FOOD', 'MEDICAL', 'PERSONAL CARE']"
4474,Glucono-delta-lactone,"('Gluconic acid, delta-lactone', 'Gluconic acid, .delta.-lactone, d-', 'Glucono-delta-lactone', 'Gluconic acid, .delta.-lactone', '.delta.-gluconolactone')",,['Personal care'],['PERSONAL CARE'],['FOOD'],"['FOOD', 'INDUSTRIAL']",['FOOD'],"['FOOD', 'PERSONAL CARE']"
4485,Coumafen,"('Warfarin', 'Coumadin', 'Coumafene', 'Prothromadin', 'Coumafen')",,['Pesticides'],['INDUSTRIAL'],"['MEDICAL', 'INDUSTRIAL']",['INDUSTRIAL'],"['MEDICAL', 'INDUSTRIAL']",['INFO']
4495,Allantoin,"('Allantoin,', 'Allantoin', '(r)-allantoin', 'Urea, n-((4r)-2,5-dioxo-4-imidazolidinyl)-', '(r)-1-(2,5-dioxoimidazolidin-4-yl)urea')",POJWUDADGALRAB-UHFFFAOYSA-N,"['Personal care', 'Cleaning products and household care']","['PERSONAL CARE', 'INDUSTRIAL']","['INDUSTRIAL', 'PERSONAL CARE', 'MEDICAL']","['PERSONAL CARE', 'MEDICAL']","['PERSONAL CARE', 'MEDICAL']","['ENDOGENOUS', 'PERSONAL CARE', 'MEDICAL']"
4513,P-benzenediol,"('Hydroquinone', 'Benzene-1,4-diol', 'Quinol', 'P-benzenediol', 'P-hydroquinone')",QIGBRXMKCJKVMJ-UHFFFAOYSA-N,"['Personal care', 'Cons. electronics, mech. appliances, and machinery', 'Electronics/small appliances', 'Cleaning products and household care']","['PERSONAL CARE', 'INDUSTRIAL']","['MEDICAL', 'INDUSTRIAL']",['INFO'],"['MEDICAL', 'PERSONAL CARE', 'INDUSTRIAL', 'FOOD']",['INFO']
4522,Hesperetin 7-o-rutinoside,"('Hesperetin 7-o-rutinoside',)",QUQPHWDTPGMPEX-QJBIFVCTSA-N,['Personal care'],['PERSONAL CARE'],"['FOOD', 'MEDICAL']",['FOOD'],['FOOD'],"['FOOD', 'PERSONAL CARE']"
4523,Hesperidine,"('Hesperetin 7-rhamnoglucoside', 'Hesperetin-7-rutinoside', 'Hesperidin, (2s)-', 'Hesperidin, (s)-', 'Hesperidine')",QUQPHWDTPGMPEX-QJBIFVCTSA-N,['Personal care'],['PERSONAL CARE'],"['FOOD', 'ENDOGENOUS']",['FOOD'],['FOOD'],"['FOOD', 'MEDICAL', 'PERSONAL CARE']"
4530,Colecalciferol,"('Vitamin d3', 'Cholecalciferol', 'Calciol', 'Colecalciferol', 'Oleovitamin d3')",,['Personal care'],['PERSONAL CARE'],"['MEDICAL', 'ENDOGENOUS', 'FOOD']","['MEDICAL', 'ENDOGENOUS', 'FOOD']","['MEDICAL', 'ENDOGENOUS', 'FOOD', 'INDUSTRIAL']","['MEDICAL', 'FOOD']"
4547,Sodium d-gluconate,"('Sodium d-gluconate', 'Gluconic acid, monosodium salt', 'Gluconic acid sodium salt', 'Monosodium gluconate', 'Gluconate sodium')",,"['Cleaning products and household care', 'Raw materials', 'Personal care']","['PERSONAL CARE', 'INDUSTRIAL']","['INDUSTRIAL', 'FOOD', 'MEDICAL']","['FOOD', 'INDUSTRIAL']","['FOOD', 'INDUSTRIAL', 'MEDICAL']","['FOOD', 'INDUSTRIAL']"
4550,Bisabolol,"('Alpha-bisabolol', 'Bisabolol', '(2r)-6-methyl-2-[(1r)-4-methylcyclohex-3-en-1-yl]hept-5-en-2-ol', '.alpha.-bisabolol', ""(1'r,2r)-alpha-bisabolol"")",,['Personal care'],['PERSONAL CARE'],"['PERSONAL CARE', 'FOOD', 'MEDICAL']","['FOOD', 'PERSONAL CARE']","['FOOD', 'PERSONAL CARE', 'MEDICAL']","['PERSONAL CARE', 'FOOD']"
4551,Diethion,"('Ethion', 'Diethion', 'Ethanox', 'Ethopaz', 'Nialate')",,['Pesticides'],['INDUSTRIAL'],['INDUSTRIAL'],['INFO'],['INDUSTRIAL'],['INFO']
4570,Cis-anethole,"('Cis-anethole', '(z)-anethole', '(z)-1-methoxy-4-(prop-1-en-1-yl)benzene', 'Cis-p-propenylanisole', 'Cis-anethol')",RUVINXPYWBROJD-ONEGZZNKSA-N,"['Vehicle', 'Personal care', 'Cleaning products and household care']","['PERSONAL CARE', 'INDUSTRIAL']",['INFO'],['FOOD'],['INFO'],['INFO']
4573,Glutathione (reduced),"('Gamma-glutamylcysteinylglycine', 'Glutathione (reduced)', 'Glycine, n-(n-dl-gamma-glutamyl-dl-cysteinyl)-', 'Glutathionate ion', 'Glutathionate')",RWSXRVCMGQZWBV-WDSKDSINSA-N,['Personal care'],['PERSONAL CARE'],"['ENDOGENOUS', 'MEDICAL']","['ENDOGENOUS', 'MEDICAL', 'FOOD']",['ENDOGENOUS'],"['ENDOGENOUS', 'FOOD', 'PERSONAL CARE']"
4574,Tathion,"('Glutathione', 'Glutathion', 'Isethion', 'Tathion', 'Glutathione reduced')",RWSXRVCMGQZWBV-WDSKDSINSA-N,['Personal care'],['PERSONAL CARE'],"['ENDOGENOUS', 'FOOD']",['INFO'],"['ENDOGENOUS', 'FOOD', 'INDUSTRIAL']","['ENDOGENOUS', 'MEDICAL']"
4578,Methyltheobromine,"('Caffeine', 'Guaranine', 'Thein', 'Methyltheobromine', 'Cafeina')",RYYVLZVUVIJVGH-UHFFFAOYSA-N,"['Raw materials', 'Personal care']","['PERSONAL CARE', 'INDUSTRIAL']",['INFO'],['INFO'],"['MEDICAL', 'ENDOGENOUS', 'FOOD']","['MEDICAL', 'FOOD', 'PERSONAL CARE']"
4579,Panadol,"('Acetaminophen', 'Paracetamol', 'N-(4-hydroxyphenyl)acetamide', 'Tylenol', 'Panadol')",RZVAJINKPMORJF-UHFFFAOYSA-N,['Personal care'],['PERSONAL CARE'],['MEDICAL'],['MEDICAL'],['MEDICAL'],['MEDICAL']
4598,Nicoderm,"('Nicotine', '(s)-nicotine', '(s)-3-(1-methylpyrrolidin-2-yl)pyridine', 'Habitrol', 'Nicoderm')",SNICXCGAKADSCV-JTQLQIEISA-N,['Personal care'],['PERSONAL CARE'],['MEDICAL'],['MEDICAL'],['MEDICAL'],['MEDICAL']
4599,Black leaf,"('Nicotine', 'Nikotin', '(r,s)-nicotine', 'Black leaf', 'Pyridine, 3-(1-methyl-2-pyrrolidinyl)-')",SNICXCGAKADSCV-JTQLQIEISA-N,['Personal care'],['PERSONAL CARE'],['INFO'],['INFO'],['INFO'],['INFO']
4669,"N,n'-diphenyl-p-phenylenediamine","(""N,n'-diphenyl-p-phenylenediamine"", ""N,n'-diphenyl-1,4-phenylenediamine"", 'Flexamine g', 'Agerite dppd', 'Diphenyl-p-phenylenediamine')",,['Arts and crafts/office supplies'],['INDUSTRIAL'],"['INDUSTRIAL', 'INFO']",['INDUSTRIAL'],['INDUSTRIAL'],['INDUSTRIAL']
4675,Guanin,"('Guanine', 'Guanin', 'Mearlmaid', 'Pearl essence', 'Guanine enol')",,"['Home maintenance', 'Personal care']","['PERSONAL CARE', 'INDUSTRIAL']",['INDUSTRIAL'],['INFO'],['INFO'],"['ENDOGENOUS', 'FOOD', 'PERSONAL CARE']"
4691,Triethylene tetramine,"('Trientine', 'Trien', 'Tecza', 'Triethylene tetramine', 'Araldite hardener hy 951')",,"['Home maintenance', 'Sports equipment', 'Construction and building materials', 'Vehicle', 'Manufactured formulations']",['INDUSTRIAL'],"['MEDICAL', 'INDUSTRIAL']","['MEDICAL', 'INDUSTRIAL']","['MEDICAL', 'INDUSTRIAL']","['MEDICAL', 'INDUSTRIAL']"
4693,Aminoform,"('Methenamine', 'Hexamethylenetetramine', 'Hexamine', 'Urotropine', 'Aminoform')",VKYKSIONXSXAKP-UHFFFAOYSA-N,"['Vehicle', 'Personal care', 'Pesticides', 'Cleaning products and household care']","['PERSONAL CARE', 'INDUSTRIAL']",['MEDICAL'],['INFO'],"['MEDICAL', 'PERSONAL CARE']",['INFO']
4703,.alpha.-estradiol,"('.alpha.-estradiol', 'Estra-1,3,5(10)-triene-3,17-diol, (17.alpha.)-', 'Estra-1,3,5(10)-triene-3,17.alpha.-diol', 'Oestra-1,3,5(10)-triene-3,17.alpha.-diol')",VOXZDWNPVJITMN-ZBRFXRBCSA-N,['Personal care'],['PERSONAL CARE'],"['ENDOGENOUS', 'MEDICAL']","['ENDOGENOUS', 'MEDICAL']",['ENDOGENOUS'],"['ENDOGENOUS', 'MEDICAL', 'PERSONAL CARE']"
4707,Lacty,"('Lactitol (monohydrate)', 'Glucitol, 4-o-.beta.-d-galactopyranosyl-', 'Amalty', 'Lacty')",,['Personal care'],['PERSONAL CARE'],"['FOOD', 'MEDICAL']",['INFO'],"['MEDICAL', 'FOOD']",['INFO']
4733,Cajeputol,"('Eucalyptol', 'Cineole', 'Cajeputol', 'Zineol', 'Eucalyptole')",WEEGYLXZBRQIMU-UHFFFAOYSA-N,"['Vehicle', 'Personal care', 'Pesticides', 'Cleaning products and household care']","['PERSONAL CARE', 'INDUSTRIAL']","['FOOD', 'PERSONAL CARE', 'INDUSTRIAL']","['FOOD', 'PERSONAL CARE']","['FOOD', 'PERSONAL CARE', 'INDUSTRIAL']",['INFO']
4736,Chloramphenicol,"('Dextramycine', 'Dextramycin', 'Threo-chloramphenicol', 'Chloramphenicol', 'Threo-chloroamphenicol')",WIIZWVCIJKGZOK-RKDXNWHRSA-N,['Personal care'],['PERSONAL CARE'],['MEDICAL'],['MEDICAL'],['MEDICAL'],['MEDICAL']
4737,Levomycetin,"('Chloramphenicol', 'Chloromycetin', 'Chlornitromycin', 'Levomycetin', 'Chloroamphenicol')",WIIZWVCIJKGZOK-RKDXNWHRSA-N,['Personal care'],['PERSONAL CARE'],['MEDICAL'],['MEDICAL'],['MEDICAL'],['MEDICAL']
4738,Ak-chlor,"('Tyfomycine', 'Cloramfen', 'Ak-chlor', 'Gloveticol', 'Mycochlorin')",WIIZWVCIJKGZOK-RKDXNWHRSA-N,['Personal care'],['PERSONAL CARE'],['MEDICAL'],['MEDICAL'],['MEDICAL'],['INFO']
4775,Escalol 507,"('Padimate o', 'Escalol 507', 'Padimate-o', 'Octyl dimethyl paba', 'Eusolex 6007')",,['Personal care'],['PERSONAL CARE'],"['PERSONAL CARE', 'INFO']",['PERSONAL CARE'],['PERSONAL CARE'],['PERSONAL CARE']
4780,Carboxyethane,"('Propionic acid', 'Propanoic acid', 'Ethylformic acid', 'Methylacetic acid', 'Carboxyethane')",XBDQKXXYIPTUBI-UHFFFAOYSA-N,['Pet care'],['INDUSTRIAL'],"['FOOD', 'INDUSTRIAL']",['INFO'],"['FOOD', 'INDUSTRIAL']",['INFO']
4793,Vitamin b12,"('Cyanocobalamin', 'Vitamin b12')",,"['Raw materials', 'Personal care']","['PERSONAL CARE', 'INDUSTRIAL']","['FOOD', 'MEDICAL', 'ENDOGENOUS']","['FOOD', 'MEDICAL']","['MEDICAL', 'FOOD', 'INDUSTRIAL']","['FOOD', 'MEDICAL']"
4842,Benzothiazole-2-thiol,"('Captax', 'Benzo[d]thiazole-2(3h)-thione', 'Benzo[d]thiazole-2-thiol', 'Benzothiazolethiol', 'Benzothiazole-2-thiol')",,"['Home maintenance', 'Vehicle', 'Construction and building materials']",['INDUSTRIAL'],['INDUSTRIAL'],['INDUSTRIAL'],['INDUSTRIAL'],['INDUSTRIAL']
4847,Tocopheryl acetate,"('Alpha-tocopherol acetate', 'Alpha-tochopheryl acetate', 'Tocopheryl acetate', 'E-vicotrat', 'Syntopherol acetate')",,"['Pet care', 'Personal care']","['PERSONAL CARE', 'INDUSTRIAL']","['PERSONAL CARE', 'FOOD', 'MEDICAL']","['PERSONAL CARE', 'FOOD']","['FOOD', 'PERSONAL CARE', 'INDUSTRIAL']","['PERSONAL CARE', 'FOOD']"
4880,Mangrove,"('Octadec-9-enoic acid', 'Odorless', 'Mangrove', 'N-octadec-9-ensaure', 'Oleic acid_gurudeebansatyavani')",ZQPPMHVWECSIRJ-MDZDMXLPSA-N,['Arts and crafts/office supplies'],['INDUSTRIAL'],['INFO'],['INFO'],['INFO'],['INFO']
4891,Allergival,"('Diphenhydramine hcl', 'Dimedrol', 'Allergival', 'Carphenamine', 'Bendylate')",,['Personal care'],['PERSONAL CARE'],['MEDICAL'],['INFO'],['MEDICAL'],['MEDICAL']
4904,Astaxanthine,"('Astaxanthin', 'Ovoester', 'Astaxanthine', 'All-trans-astaxanthin', 'Astareal')",MQZIGYBFDRPAKN-UWFIBFSHSA-N,['Personal care'],['PERSONAL CARE'],"['FOOD', 'INDUSTRIAL']",['FOOD'],"['FOOD', 'INDUSTRIAL']","['FOOD', 'PERSONAL CARE']"
4913,Santheose,"('Theobromine', 'Diurobromine', 'Theosalvose', 'Teobromin', 'Santheose')",YAPQBXQYLJRXSA-UHFFFAOYSA-N,['Personal care'],['PERSONAL CARE'],"['FOOD', 'PERSONAL CARE', 'ENDOGENOUS', 'MEDICAL']",['INFO'],"['FOOD', 'PERSONAL CARE', 'ENDOGENOUS', 'MEDICAL']",['INFO']
4914,Iminodiethanol,"('Diolamine', 'Iminodiethanol', 'Bis(2-hydroxyethyl)amine', 'Diethylolamine', 'N,n-diethanolamine')",ZBCBWPMODOFKDW-UHFFFAOYSA-N,"['Raw materials', 'Vehicle', 'Personal care', 'Furniture and furnishings', 'Manufactured formulations', 'Home maintenance', 'Cleaning products and household care']","['PERSONAL CARE', 'INDUSTRIAL']","['INDUSTRIAL', 'PERSONAL CARE']",['INDUSTRIAL'],"['INDUSTRIAL', 'PERSONAL CARE']",['INFO']
4915,Lipocurc,"('(1e,4z,6e)-5-hydroxy-1,7-bis(4-hydroxy-3-methoxyphenyl)hepta-1,4,6-trien-3-one', 'Jianghuangsu', 'Lipocurc', 'Kurkum', 'Nanocurc')",,['Personal care'],['PERSONAL CARE'],['MEDICAL'],['INFO'],['MEDICAL'],['MEDICAL']
4926,Lipid crimson,"('Sudan iv', 'Scarlet red', 'Solvent red 24', 'C.i. solvent red 24', 'Lipid crimson')",,['Personal care'],['PERSONAL CARE'],"['INDUSTRIAL', 'INFO']",['INFO'],['INDUSTRIAL'],['INFO']
4931,Iodopropynyl butylcarbamate,"('Iodopropynyl butylcarbamate', 'Iodocarb', 'Ipbc', 'Woodlife', 'Carbamic acid, butyl-, 3-iodo-2-propynyl ester')",,"['Pet care', 'Arts and crafts/office supplies', 'Personal care']","['PERSONAL CARE', 'INDUSTRIAL']","['INDUSTRIAL', 'PERSONAL CARE']","['PERSONAL CARE', 'INDUSTRIAL']","['INDUSTRIAL', 'PERSONAL CARE']","['PERSONAL CARE', 'INDUSTRIAL']"
4936,Pin-2(3)-ene,"('Acintene a', '.alpha.-pinene', 'Pin-2(3)-ene', 'Sylvapine a', '2-pinene')",GRWFGVWFFZKLTI-UHFFFAOYSA-N,"['Vehicle', 'Personal care', 'Pesticides', 'Cleaning products and household care']","['PERSONAL CARE', 'INDUSTRIAL']","['FOOD', 'INDUSTRIAL']",['INFO'],"['FOOD', 'PERSONAL CARE', 'INDUSTRIAL']","['FOOD', 'PERSONAL CARE', 'INDUSTRIAL']"
4944,Methylpyrrolidone,"('N-methylpyrrolidone', 'N-methyl-2-pyrrolidone', 'Methylpyrrolidone', 'N-methyl-2-pyrrolidinone', 'M-pyrol')",,"['Home maintenance', 'Sports equipment', 'Cleaning products and household care', 'Electronics/small appliances', 'Manufactured formulations', 'Personal care', 'Other vehicles/mass transit', 'Landscape/yard']","['PERSONAL CARE', 'INDUSTRIAL']",['INDUSTRIAL'],['INDUSTRIAL'],['INDUSTRIAL'],"['INDUSTRIAL', 'PERSONAL CARE', 'MEDICAL']"
4945,B-myrcene,"('Beta-myrcene', '.beta.-myrcene', 'Beta-geraniolene', 'B-myrcene', '.beta.-geraniolene')",UAHWPYUMFXYFJY-UHFFFAOYSA-N,"['Cleaning and safety', 'Vehicle', 'Personal care', 'Pesticides', 'Manufactured formulations', 'Cleaning products and household care']","['PERSONAL CARE', 'INDUSTRIAL']","['FOOD', 'INDUSTRIAL', 'PERSONAL CARE']",['FOOD'],"['FOOD', 'PERSONAL CARE', 'INDUSTRIAL']","['FOOD', 'PERSONAL CARE', 'INDUSTRIAL']"
