FEATURE_ID,SOURCE,DEEPSEEK_RAG,GPT_NO_RAG,GPT_RAG,SEARCH_GPT
0,PUBMED,['MEDICAL'],['MEDICAL'],['MEDICAL'],['INFO']
1,PUBMED,['MEDICAL'],['MEDICAL'],['MEDICAL'],['MEDICAL']
2,PUBMED,['MEDICAL'],['MEDICAL'],['MEDICAL'],['INFO']
3,PUBMED,['MEDICAL'],['MEDICAL'],['MEDICAL'],['INFO']
4,WIKIPEDIA,['MEDICAL'],['MEDICAL'],['MEDICAL'],['MEDICAL']
5,PUBMED,['MEDICAL'],['INFO'],"['MEDICAL', 'INDUSTRIAL']",['INFO']
6,WIKIPEDIA,['MEDICAL'],['MEDICAL'],['MEDICAL'],['INFO']
7,WIKIPEDIA,['MEDICAL'],['MEDICAL'],['MEDICAL'],['MEDICAL']
8,PUBMED,['INFO'],['INFO'],['INFO'],['INFO']
9,PUBMED,['MEDICAL'],['MEDICAL'],['MEDICAL'],['INFO']
10,WIKIPEDIA,['MEDICAL'],['MEDICAL'],['MEDICAL'],['MEDICAL']
11,PUBMED,['INFO'],['MEDICAL'],['INFO'],['MEDICAL']
12,WIKIPEDIA,['ENDOGENOUS'],['ENDOGENOUS'],['ENDOGENOUS'],['ENDOGENOUS']
13,WIKIPEDIA,['MEDICAL'],['MEDICAL'],['MEDICAL'],['MEDICAL']
14,WIKIPEDIA,['INFO'],['INDUSTRIAL'],['INFO'],['INFO']
15,WIKIPEDIA,['MEDICAL'],['MEDICAL'],['MEDICAL'],['MEDICAL']
16,WIKIPEDIA,['MEDICAL'],['MEDICAL'],['MEDICAL'],['MEDICAL']
17,WIKIPEDIA,['MEDICAL'],['MEDICAL'],['MEDICAL'],['INFO']
18,WIKIPEDIA,['MEDICAL'],['MEDICAL'],['MEDICAL'],['MEDICAL']
19,WIKIPEDIA,['MEDICAL'],['MEDICAL'],['MEDICAL'],['MEDICAL']
20,WIKIPEDIA,['MEDICAL'],['MEDICAL'],['MEDICAL'],['MEDICAL']
21,PUBMED,['MEDICAL'],['MEDICAL'],['MEDICAL'],['INFO']
22,WIKIPEDIA,['MEDICAL'],['MEDICAL'],['MEDICAL'],['MEDICAL']
23,WIKIPEDIA,['MEDICAL'],['MEDICAL'],['MEDICAL'],['MEDICAL']
24,WIKIPEDIA,"['ENDOGENOUS', 'FOOD', 'MEDICAL', 'PERSONAL CARE']",['FOOD'],"['FOOD', 'PERSONAL CARE', 'MEDICAL']",['INFO']
25,WIKIPEDIA,"['FOOD', 'ENDOGENOUS', 'MEDICAL', 'PERSONAL CARE']","['ENDOGENOUS', 'FOOD']","['ENDOGENOUS', 'FOOD', 'PERSONAL CARE', 'MEDICAL']",['INFO']
26,WIKIPEDIA,['MEDICAL'],['MEDICAL'],['MEDICAL'],['MEDICAL']
27,PUBMED,['MEDICAL'],['MEDICAL'],['MEDICAL'],['INFO']
28,WIKIPEDIA,['ENDOGENOUS'],['ENDOGENOUS'],['ENDOGENOUS'],['ENDOGENOUS']
29,WIKIPEDIA,['FOOD'],['INFO'],['INFO'],['INFO']
30,WIKIPEDIA,['MEDICAL'],['MEDICAL'],['MEDICAL'],['INFO']
31,WIKIPEDIA,['MEDICAL'],['MEDICAL'],['MEDICAL'],['MEDICAL']
32,WIKIPEDIA,['MEDICAL'],['MEDICAL'],['MEDICAL'],['MEDICAL']
33,WIKIPEDIA,"['PERSONAL CARE', 'FOOD', 'INDUSTRIAL']","['FOOD', 'PERSONAL CARE', 'INDUSTRIAL']","['FOOD', 'PERSONAL CARE', 'INDUSTRIAL']",['INFO']
34,WIKIPEDIA,['MEDICAL'],['MEDICAL'],['MEDICAL'],['MEDICAL']
35,WIKIPEDIA,"['MEDICAL', 'FOOD']",['INFO'],"['MEDICAL', 'FOOD']","['MEDICAL', 'FOOD']"
36,WIKIPEDIA,"['MEDICAL', 'FOOD']",['MEDICAL'],"['MEDICAL', 'FOOD']",['INFO']
37,WIKIPEDIA,"['ENDOGENOUS', 'FOOD', 'MEDICAL']","['ENDOGENOUS', 'PERSONAL CARE', 'FOOD']",['INFO'],['INFO']
38,WIKIPEDIA,['MEDICAL'],['MEDICAL'],['MEDICAL'],['MEDICAL']
39,WIKIPEDIA,['MEDICAL'],['MEDICAL'],['MEDICAL'],['MEDICAL']
40,WIKIPEDIA,['MEDICAL'],['MEDICAL'],['MEDICAL'],['MEDICAL']
41,PUBMED,['MEDICAL'],['INFO'],['MEDICAL'],['INFO']
42,WIKIPEDIA,"['MEDICAL', 'FOOD']",['FOOD'],"['FOOD', 'PERSONAL CARE', 'INDUSTRIAL']",['INFO']
43,WIKIPEDIA,"['MEDICAL', 'FOOD', 'INFO']","['FOOD', 'INDUSTRIAL']","['FOOD', 'PERSONAL CARE', 'INDUSTRIAL']","['FOOD', 'PERSONAL CARE']"
44,PUBMED,['MEDICAL'],['MEDICAL'],['MEDICAL'],['INFO']
45,WIKIPEDIA,['INFO'],['INFO'],['INFO'],['INFO']
46,WIKIPEDIA,['MEDICAL'],['MEDICAL'],['MEDICAL'],['MEDICAL']
47,WIKIPEDIA,['MEDICAL'],['MEDICAL'],['MEDICAL'],['MEDICAL']
48,WIKIPEDIA,"['FOOD', 'ENDOGENOUS']",['FOOD'],['FOOD'],"['FOOD', 'PERSONAL CARE']"
49,PUBMED,['MEDICAL'],['MEDICAL'],['MEDICAL'],['INFO']
50,WIKIPEDIA,['MEDICAL'],['MEDICAL'],['MEDICAL'],['MEDICAL']
51,WIKIPEDIA,"['MEDICAL', 'ENDOGENOUS', 'FOOD']","['MEDICAL', 'FOOD']","['ENDOGENOUS', 'FOOD', 'MEDICAL']","['ENDOGENOUS', 'FOOD', 'MEDICAL', 'PERSONAL CARE']"
52,,['INFO'],['MEDICAL'],['INFO'],['INFO']
53,WIKIPEDIA,['MEDICAL'],['MEDICAL'],['MEDICAL'],['INFO']
54,WIKIPEDIA,['MEDICAL'],['MEDICAL'],['MEDICAL'],['INFO']
55,WIKIPEDIA,"['ENDOGENOUS', 'FOOD']","['ENDOGENOUS', 'FOOD']",['INFO'],['ENDOGENOUS']
56,WIKIPEDIA,"['FOOD', 'ENDOGENOUS']",['FOOD'],['FOOD'],"['FOOD', 'PERSONAL CARE']"
57,WIKIPEDIA,['MEDICAL'],['MEDICAL'],['MEDICAL'],['INFO']
58,WIKIPEDIA,['MEDICAL'],['MEDICAL'],['MEDICAL'],['MEDICAL']
59,PUBMED,['MEDICAL'],['MEDICAL'],['MEDICAL'],['MEDICAL']
60,WIKIPEDIA,['INFO'],['MEDICAL'],['INFO'],['MEDICAL']
61,WIKIPEDIA,"['ENDOGENOUS', 'FOOD', 'MEDICAL']","['ENDOGENOUS', 'FOOD']","['ENDOGENOUS', 'MEDICAL']","['ENDOGENOUS', 'FOOD', 'PERSONAL CARE']"
62,WIKIPEDIA,"['MEDICAL', 'INDUSTRIAL']",['INFO'],['INDUSTRIAL'],['INFO']
63,WIKIPEDIA,['MEDICAL'],['MEDICAL'],['MEDICAL'],['MEDICAL']
64,WIKIPEDIA,['MEDICAL'],['MEDICAL'],['MEDICAL'],['MEDICAL']
65,WIKIPEDIA,"['FOOD', 'INFO']",['FOOD'],['FOOD'],['INFO']
66,WIKIPEDIA,['MEDICAL'],['MEDICAL'],['MEDICAL'],['INFO']
67,WIKIPEDIA,"['MEDICAL', 'ENDOGENOUS']",['MEDICAL'],['MEDICAL'],['MEDICAL']
68,WIKIPEDIA,"['MEDICAL', 'INDUSTRIAL']","['MEDICAL', 'FOOD']",['MEDICAL'],['INFO']
69,WIKIPEDIA,['MEDICAL'],['MEDICAL'],['MEDICAL'],['MEDICAL']
70,WIKIPEDIA,['MEDICAL'],['MEDICAL'],['MEDICAL'],['MEDICAL']
71,WIKIPEDIA,"['MEDICAL', 'FOOD']","['MEDICAL', 'FOOD']",['MEDICAL'],['MEDICAL']
72,WIKIPEDIA,['MEDICAL'],['MEDICAL'],['MEDICAL'],['MEDICAL']
73,PUBMED,['MEDICAL'],['MEDICAL'],['MEDICAL'],['INFO']
74,WIKIPEDIA,['MEDICAL'],['MEDICAL'],['MEDICAL'],['MEDICAL']
75,WIKIPEDIA,"['MEDICAL', 'ENDOGENOUS']",['MEDICAL'],"['MEDICAL', 'ENDOGENOUS']",['MEDICAL']
76,PUBMED,['MEDICAL'],['MEDICAL'],['MEDICAL'],['MEDICAL']
77,PUBMED,['INFO'],['INFO'],['INFO'],['INFO']
78,WIKIPEDIA,['MEDICAL'],['MEDICAL'],['MEDICAL'],['INFO']
79,WIKIPEDIA,['MEDICAL'],['MEDICAL'],['MEDICAL'],['MEDICAL']
80,PUBMED,['MEDICAL'],['MEDICAL'],['MEDICAL'],['MEDICAL']
81,WIKIPEDIA,"['MEDICAL', 'FOOD', 'INDUSTRIAL', 'PERSONAL CARE']","['FOOD', 'PERSONAL CARE', 'INDUSTRIAL']","['MEDICAL', 'FOOD', 'PERSONAL CARE', 'INDUSTRIAL']","['FOOD', 'PERSONAL CARE', 'MEDICAL']"
82,WIKIPEDIA,['MEDICAL'],['MEDICAL'],['MEDICAL'],['MEDICAL']
83,WIKIPEDIA,['MEDICAL'],['MEDICAL'],['MEDICAL'],['MEDICAL']
84,WIKIPEDIA,"['MEDICAL', 'INDUSTRIAL']",['MEDICAL'],['INFO'],['INFO']
85,WIKIPEDIA,['MEDICAL'],['MEDICAL'],['MEDICAL'],['MEDICAL']
86,WIKIPEDIA,['MEDICAL'],['MEDICAL'],['MEDICAL'],['INFO']
87,PUBMED,"['MEDICAL', 'FOOD']",['INFO'],"['MEDICAL', 'FOOD']",['FOOD']
88,WIKIPEDIA,['MEDICAL'],['MEDICAL'],['INFO'],['INFO']
89,WIKIPEDIA,['MEDICAL'],['INFO'],['MEDICAL'],['INFO']
90,WIKIPEDIA,['MEDICAL'],['MEDICAL'],['MEDICAL'],['INFO']
91,WIKIPEDIA,"['MEDICAL', 'FOOD']",['INFO'],"['MEDICAL', 'FOOD', 'INDUSTRIAL']",['MEDICAL']
92,WIKIPEDIA,['MEDICAL'],['MEDICAL'],['MEDICAL'],['MEDICAL']
93,PUBMED,['MEDICAL'],['MEDICAL'],['MEDICAL'],['MEDICAL']
94,WIKIPEDIA,['MEDICAL'],['MEDICAL'],['MEDICAL'],['MEDICAL']
95,WIKIPEDIA,"['MEDICAL', 'PERSONAL CARE']","['MEDICAL', 'PERSONAL CARE']","['MEDICAL', 'PERSONAL CARE']","['MEDICAL', 'PERSONAL CARE']"
96,WIKIPEDIA,['MEDICAL'],['MEDICAL'],['MEDICAL'],['MEDICAL']
97,WIKIPEDIA,['MEDICAL'],['MEDICAL'],['MEDICAL'],['MEDICAL']
98,WIKIPEDIA,['MEDICAL'],['MEDICAL'],['MEDICAL'],['MEDICAL']
99,WIKIPEDIA,['MEDICAL'],['MEDICAL'],['MEDICAL'],['MEDICAL']
100,PUBMED,['MEDICAL'],['MEDICAL'],['MEDICAL'],['MEDICAL']
101,WIKIPEDIA,['MEDICAL'],['INDUSTRIAL'],['INFO'],['INFO']
102,WIKIPEDIA,"['ENDOGENOUS', 'MEDICAL']","['ENDOGENOUS', 'FOOD']","['ENDOGENOUS', 'FOOD']",['ENDOGENOUS']
103,WIKIPEDIA,['MEDICAL'],['MEDICAL'],['MEDICAL'],['INFO']
104,WIKIPEDIA,['MEDICAL'],['MEDICAL'],['MEDICAL'],['MEDICAL']
105,PUBMED,['MEDICAL'],['MEDICAL'],['MEDICAL'],['INFO']
106,WIKIPEDIA,['MEDICAL'],['INFO'],['MEDICAL'],['INFO']
107,,['INFO'],['MEDICAL'],['INFO'],['MEDICAL']
108,PUBMED,['INFO'],['INFO'],['INFO'],['INFO']
109,WIKIPEDIA,['MEDICAL'],['INFO'],['MEDICAL'],['INFO']
110,WIKIPEDIA,['MEDICAL'],['INDUSTRIAL'],"['MEDICAL', 'INDUSTRIAL']",['INFO']
111,WIKIPEDIA,['MEDICAL'],['MEDICAL'],['INFO'],['INFO']
112,WIKIPEDIA,['MEDICAL'],['MEDICAL'],['MEDICAL'],['MEDICAL']
113,WIKIPEDIA,['MEDICAL'],['MEDICAL'],['INFO'],['MEDICAL']
114,WIKIPEDIA,['MEDICAL'],['MEDICAL'],['MEDICAL'],['MEDICAL']
115,WIKIPEDIA,"['MEDICAL', 'INDUSTRIAL']",['MEDICAL'],['INFO'],['INFO']
116,WIKIPEDIA,['MEDICAL'],['INFO'],['MEDICAL'],['INFO']
117,PUBMED,['MEDICAL'],['MEDICAL'],['MEDICAL'],['INFO']
118,WIKIPEDIA,"['INDUSTRIAL', 'MEDICAL']","['MEDICAL', 'INDUSTRIAL']",['INFO'],['INDUSTRIAL']
119,PUBMED,['MEDICAL'],['MEDICAL'],['MEDICAL'],['INFO']
120,WIKIPEDIA,['MEDICAL'],['MEDICAL'],['MEDICAL'],['INFO']
121,PUBMED,['MEDICAL'],['INFO'],['MEDICAL'],['INFO']
122,PUBMED,['MEDICAL'],['MEDICAL'],['MEDICAL'],['INFO']
123,WIKIPEDIA,['MEDICAL'],['MEDICAL'],['MEDICAL'],['MEDICAL']
124,WIKIPEDIA,['MEDICAL'],['MEDICAL'],['MEDICAL'],['MEDICAL']
125,WIKIPEDIA,['MEDICAL'],['MEDICAL'],['MEDICAL'],['MEDICAL']
126,PUBMED,['MEDICAL'],['MEDICAL'],['MEDICAL'],['INFO']
127,WIKIPEDIA,['MEDICAL'],['MEDICAL'],['MEDICAL'],['MEDICAL']
128,WIKIPEDIA,['MEDICAL'],['MEDICAL'],['MEDICAL'],['INFO']
129,WIKIPEDIA,['MEDICAL'],['MEDICAL'],['MEDICAL'],['MEDICAL']
130,WIKIPEDIA,['MEDICAL'],['MEDICAL'],['MEDICAL'],['INFO']
131,WIKIPEDIA,['MEDICAL'],['MEDICAL'],['MEDICAL'],['INFO']
132,WIKIPEDIA,['MEDICAL'],['MEDICAL'],['MEDICAL'],['MEDICAL']
133,PUBMED,['MEDICAL'],['MEDICAL'],['MEDICAL'],['MEDICAL']
134,PUBMED,['MEDICAL'],['MEDICAL'],['MEDICAL'],['MEDICAL']
135,PUBMED,['MEDICAL'],['MEDICAL'],['MEDICAL'],['INFO']
136,WIKIPEDIA,['MEDICAL'],['MEDICAL'],['MEDICAL'],['MEDICAL']
137,WIKIPEDIA,['MEDICAL'],['INFO'],['MEDICAL'],['INFO']
138,PUBMED,['MEDICAL'],['INFO'],['MEDICAL'],['INFO']
139,PUBMED,['MEDICAL'],['MEDICAL'],['MEDICAL'],['MEDICAL']
140,WIKIPEDIA,['MEDICAL'],['MEDICAL'],['MEDICAL'],['INFO']
141,WIKIPEDIA,['MEDICAL'],['MEDICAL'],['MEDICAL'],['MEDICAL']
142,WIKIPEDIA,['MEDICAL'],['MEDICAL'],['MEDICAL'],['MEDICAL']
143,WIKIPEDIA,['MEDICAL'],['MEDICAL'],['MEDICAL'],['MEDICAL']
144,WIKIPEDIA,['MEDICAL'],['MEDICAL'],['MEDICAL'],['MEDICAL']
145,,['INFO'],['MEDICAL'],['INFO'],['INFO']
146,PUBMED,['MEDICAL'],['INFO'],['MEDICAL'],['INFO']
147,WIKIPEDIA,['MEDICAL'],['MEDICAL'],['MEDICAL'],['MEDICAL']
148,WIKIPEDIA,"['MEDICAL', 'INDUSTRIAL']",['MEDICAL'],['INFO'],['INFO']
149,WIKIPEDIA,['MEDICAL'],['MEDICAL'],['MEDICAL'],['INFO']
150,WIKIPEDIA,['MEDICAL'],['MEDICAL'],['MEDICAL'],['MEDICAL']
151,WIKIPEDIA,['MEDICAL'],['MEDICAL'],['INFO'],['INFO']
152,WIKIPEDIA,['MEDICAL'],['MEDICAL'],['MEDICAL'],['MEDICAL']
153,WIKIPEDIA,['MEDICAL'],['MEDICAL'],['MEDICAL'],['INFO']
154,WIKIPEDIA,['MEDICAL'],['MEDICAL'],"['MEDICAL', 'PERSONAL CARE', 'INDUSTRIAL']",['MEDICAL']
155,PUBMED,['MEDICAL'],['INFO'],['MEDICAL'],['INFO']
156,WIKIPEDIA,['MEDICAL'],['MEDICAL'],['MEDICAL'],['INFO']
157,WIKIPEDIA,['MEDICAL'],['MEDICAL'],['MEDICAL'],['INFO']
158,WIKIPEDIA,['MEDICAL'],['MEDICAL'],"['MEDICAL', 'PERSONAL CARE']",['MEDICAL']
159,PUBMED,['MEDICAL'],['INFO'],['MEDICAL'],['INFO']
160,PUBMED,"['MEDICAL', 'INDUSTRIAL']",['INDUSTRIAL'],"['MEDICAL', 'INDUSTRIAL']",['INFO']
161,WIKIPEDIA,['MEDICAL'],['MEDICAL'],['MEDICAL'],['MEDICAL']
162,WIKIPEDIA,['MEDICAL'],['INFO'],['MEDICAL'],['INFO']
163,WIKIPEDIA,"['MEDICAL', 'INDUSTRIAL']",['MEDICAL'],"['INDUSTRIAL', 'PERSONAL CARE']",['INFO']
164,PUBMED,['MEDICAL'],['MEDICAL'],['MEDICAL'],['INFO']
165,WIKIPEDIA,['MEDICAL'],['MEDICAL'],['INFO'],['INFO']
166,WIKIPEDIA,['MEDICAL'],['MEDICAL'],['MEDICAL'],['MEDICAL']
167,PUBMED,['MEDICAL'],['MEDICAL'],['MEDICAL'],['INFO']
168,WIKIPEDIA,['MEDICAL'],['MEDICAL'],['MEDICAL'],['MEDICAL']
169,WIKIPEDIA,['INFO'],['INFO'],['INFO'],['INFO']
170,WIKIPEDIA,['MEDICAL'],['MEDICAL'],['MEDICAL'],['MEDICAL']
171,WIKIPEDIA,['MEDICAL'],['INFO'],['INFO'],['INFO']
172,WIKIPEDIA,['MEDICAL'],['INFO'],['MEDICAL'],['MEDICAL']
173,WIKIPEDIA,['MEDICAL'],['MEDICAL'],"['MEDICAL', 'INDUSTRIAL']",['MEDICAL']
174,WIKIPEDIA,['MEDICAL'],['MEDICAL'],"['MEDICAL', 'INDUSTRIAL']",['INFO']
175,PUBMED,['MEDICAL'],['INFO'],['MEDICAL'],['INFO']
176,PUBMED,['MEDICAL'],['INFO'],['MEDICAL'],['INFO']
177,WIKIPEDIA,['MEDICAL'],['MEDICAL'],['MEDICAL'],['MEDICAL']
178,WIKIPEDIA,['MEDICAL'],['MEDICAL'],['MEDICAL'],['MEDICAL']
179,WIKIPEDIA,['MEDICAL'],['MEDICAL'],['MEDICAL'],['INFO']
180,PUBMED,['MEDICAL'],['INFO'],['MEDICAL'],['INFO']
181,WIKIPEDIA,['MEDICAL'],['MEDICAL'],['MEDICAL'],['INFO']
182,WIKIPEDIA,['MEDICAL'],['MEDICAL'],['INFO'],['INFO']
183,WIKIPEDIA,"['MEDICAL', 'INDUSTRIAL']","['MEDICAL', 'INDUSTRIAL']","['MEDICAL', 'INDUSTRIAL']","['MEDICAL', 'INDUSTRIAL']"
184,WIKIPEDIA,['MEDICAL'],['MEDICAL'],['MEDICAL'],['MEDICAL']
185,PUBMED,['MEDICAL'],['MEDICAL'],['MEDICAL'],['MEDICAL']
186,PUBMED,['MEDICAL'],['MEDICAL'],['MEDICAL'],"['MEDICAL', 'INDUSTRIAL']"
187,WIKIPEDIA,['MEDICAL'],['MEDICAL'],['MEDICAL'],['INFO']
188,WIKIPEDIA,['MEDICAL'],['MEDICAL'],['MEDICAL'],['MEDICAL']
189,WIKIPEDIA,['MEDICAL'],['MEDICAL'],['INFO'],['INFO']
190,WIKIPEDIA,['MEDICAL'],['MEDICAL'],['INFO'],['INFO']
191,WIKIPEDIA,['MEDICAL'],['INFO'],['MEDICAL'],['INFO']
192,WIKIPEDIA,['MEDICAL'],['MEDICAL'],['MEDICAL'],['MEDICAL']
193,PUBMED,['MEDICAL'],['MEDICAL'],['MEDICAL'],['INFO']
194,WIKIPEDIA,['MEDICAL'],['MEDICAL'],['MEDICAL'],['MEDICAL']
195,WIKIPEDIA,['MEDICAL'],['MEDICAL'],['MEDICAL'],['MEDICAL']
196,WIKIPEDIA,['MEDICAL'],['MEDICAL'],['MEDICAL'],['MEDICAL']
197,WIKIPEDIA,['MEDICAL'],['MEDICAL'],['MEDICAL'],['MEDICAL']
198,PUBMED,['INFO'],['INFO'],['INFO'],['INFO']
199,WIKIPEDIA,['MEDICAL'],['MEDICAL'],['MEDICAL'],['MEDICAL']
200,WIKIPEDIA,['MEDICAL'],['MEDICAL'],['MEDICAL'],['INFO']
201,WIKIPEDIA,['MEDICAL'],['MEDICAL'],['MEDICAL'],['INFO']
202,WIKIPEDIA,['MEDICAL'],['MEDICAL'],['MEDICAL'],['MEDICAL']
203,WIKIPEDIA,['MEDICAL'],['MEDICAL'],['MEDICAL'],['MEDICAL']
204,WIKIPEDIA,['MEDICAL'],['INFO'],['MEDICAL'],['INFO']
205,WIKIPEDIA,['MEDICAL'],['MEDICAL'],['MEDICAL'],['MEDICAL']
206,PUBMED,['MEDICAL'],['MEDICAL'],['MEDICAL'],['INFO']
207,WIKIPEDIA,['MEDICAL'],['MEDICAL'],['MEDICAL'],['MEDICAL']
208,WIKIPEDIA,['MEDICAL'],['MEDICAL'],['MEDICAL'],['MEDICAL']
209,WIKIPEDIA,['MEDICAL'],['MEDICAL'],['MEDICAL'],['MEDICAL']
210,WIKIPEDIA,['MEDICAL'],['MEDICAL'],['INFO'],['INFO']
211,WIKIPEDIA,['MEDICAL'],['MEDICAL'],['MEDICAL'],['MEDICAL']
212,PUBMED,['MEDICAL'],['MEDICAL'],['MEDICAL'],['INFO']
213,WIKIPEDIA,['MEDICAL'],['INFO'],['MEDICAL'],['INFO']
214,WIKIPEDIA,['MEDICAL'],['MEDICAL'],['INFO'],['INFO']
215,WIKIPEDIA,['MEDICAL'],['MEDICAL'],['MEDICAL'],['MEDICAL']
216,WIKIPEDIA,['MEDICAL'],['MEDICAL'],['MEDICAL'],['MEDICAL']
217,PUBMED,['MEDICAL'],['INFO'],['MEDICAL'],['INFO']
218,WIKIPEDIA,"['MEDICAL', 'INDUSTRIAL']",['MEDICAL'],['INDUSTRIAL'],['INFO']
219,WIKIPEDIA,['MEDICAL'],['MEDICAL'],['MEDICAL'],['MEDICAL']
220,PUBMED,"['MEDICAL', 'INDUSTRIAL']",['INFO'],['INFO'],['INFO']
221,PUBMED,['MEDICAL'],['MEDICAL'],['MEDICAL'],['INFO']
222,WIKIPEDIA,['MEDICAL'],['MEDICAL'],['MEDICAL'],['MEDICAL']
223,WIKIPEDIA,['MEDICAL'],['MEDICAL'],['MEDICAL'],['MEDICAL']
224,WIKIPEDIA,['MEDICAL'],['MEDICAL'],['MEDICAL'],['MEDICAL']
225,WIKIPEDIA,['MEDICAL'],['INFO'],['INFO'],['INFO']
226,WIKIPEDIA,['MEDICAL'],['MEDICAL'],['MEDICAL'],['MEDICAL']
227,WIKIPEDIA,['INFO'],['INFO'],['INFO'],['INFO']
228,WIKIPEDIA,['MEDICAL'],['MEDICAL'],['MEDICAL'],['MEDICAL']
229,PUBMED,['MEDICAL'],['MEDICAL'],['MEDICAL'],['MEDICAL']
230,PUBMED,['MEDICAL'],['MEDICAL'],['MEDICAL'],['INFO']
231,WIKIPEDIA,['MEDICAL'],['MEDICAL'],['MEDICAL'],['INFO']
232,WIKIPEDIA,['MEDICAL'],['MEDICAL'],['MEDICAL'],['MEDICAL']
233,WIKIPEDIA,['MEDICAL'],['MEDICAL'],['MEDICAL'],['MEDICAL']
234,WIKIPEDIA,['MEDICAL'],['MEDICAL'],['MEDICAL'],['MEDICAL']
235,WIKIPEDIA,['MEDICAL'],['INFO'],['MEDICAL'],['MEDICAL']
236,WIKIPEDIA,['MEDICAL'],['MEDICAL'],['MEDICAL'],['INFO']
237,WIKIPEDIA,['MEDICAL'],['MEDICAL'],['INFO'],['MEDICAL']
238,WIKIPEDIA,"['INDUSTRIAL', 'PERSONAL CARE']",['INFO'],['INFO'],['INFO']
239,PUBMED,['MEDICAL'],['INFO'],['MEDICAL'],['INFO']
240,WIKIPEDIA,['MEDICAL'],['MEDICAL'],['MEDICAL'],['MEDICAL']
241,PUBMED,"['MEDICAL', 'INDUSTRIAL']",['INFO'],['INFO'],['INFO']
242,WIKIPEDIA,['MEDICAL'],['MEDICAL'],['MEDICAL'],['MEDICAL']
243,PUBMED,['MEDICAL'],['MEDICAL'],['MEDICAL'],['MEDICAL']
244,WIKIPEDIA,['MEDICAL'],['MEDICAL'],['MEDICAL'],['MEDICAL']
245,WIKIPEDIA,['MEDICAL'],['MEDICAL'],['MEDICAL'],['MEDICAL']
246,PUBMED,['MEDICAL'],['INFO'],['MEDICAL'],['INFO']
247,WIKIPEDIA,['MEDICAL'],['INFO'],['MEDICAL'],['MEDICAL']
248,WIKIPEDIA,['MEDICAL'],['MEDICAL'],['MEDICAL'],['MEDICAL']
249,WIKIPEDIA,['MEDICAL'],['MEDICAL'],['MEDICAL'],['MEDICAL']
250,WIKIPEDIA,['MEDICAL'],['MEDICAL'],['MEDICAL'],['MEDICAL']
251,PUBMED,['MEDICAL'],['INFO'],['MEDICAL'],['INFO']
252,WIKIPEDIA,['MEDICAL'],['MEDICAL'],['MEDICAL'],['MEDICAL']
253,WIKIPEDIA,['MEDICAL'],['MEDICAL'],['MEDICAL'],['MEDICAL']
254,WIKIPEDIA,['MEDICAL'],['MEDICAL'],['MEDICAL'],['MEDICAL']
255,WIKIPEDIA,['MEDICAL'],['MEDICAL'],['MEDICAL'],['MEDICAL']
256,PUBMED,['MEDICAL'],['INFO'],['MEDICAL'],['INFO']
257,PUBMED,['MEDICAL'],['INFO'],['MEDICAL'],['INFO']
258,PUBMED,['MEDICAL'],['MEDICAL'],['MEDICAL'],['INFO']
259,PUBMED,['MEDICAL'],['INFO'],['MEDICAL'],['INFO']
260,WIKIPEDIA,['MEDICAL'],['MEDICAL'],['INFO'],['INFO']
261,WIKIPEDIA,['MEDICAL'],['MEDICAL'],['MEDICAL'],['MEDICAL']
262,WIKIPEDIA,['MEDICAL'],['MEDICAL'],['MEDICAL'],['MEDICAL']
263,WIKIPEDIA,['MEDICAL'],['MEDICAL'],['MEDICAL'],['MEDICAL']
264,PUBMED,['MEDICAL'],['INFO'],['MEDICAL'],['INFO']
265,WIKIPEDIA,['MEDICAL'],['MEDICAL'],['MEDICAL'],['MEDICAL']
266,WIKIPEDIA,['MEDICAL'],['INFO'],['MEDICAL'],['INFO']
267,PUBMED,['MEDICAL'],['INFO'],['MEDICAL'],['INFO']
268,PUBMED,['MEDICAL'],['MEDICAL'],['MEDICAL'],['INFO']
269,WIKIPEDIA,['MEDICAL'],['MEDICAL'],['MEDICAL'],['MEDICAL']
270,WIKIPEDIA,['MEDICAL'],['MEDICAL'],['MEDICAL'],['MEDICAL']
271,WIKIPEDIA,['MEDICAL'],['INFO'],['MEDICAL'],['INFO']
272,PUBMED,['MEDICAL'],['MEDICAL'],['MEDICAL'],['MEDICAL']
273,PUBMED,['MEDICAL'],['INFO'],"['MEDICAL', 'INDUSTRIAL']",['INFO']
274,WIKIPEDIA,['MEDICAL'],['MEDICAL'],['MEDICAL'],['MEDICAL']
275,WIKIPEDIA,['MEDICAL'],['MEDICAL'],['INFO'],['INFO']
276,WIKIPEDIA,['MEDICAL'],['MEDICAL'],['INFO'],['INFO']
277,WIKIPEDIA,['MEDICAL'],['MEDICAL'],['INFO'],['INFO']
278,WIKIPEDIA,['MEDICAL'],['MEDICAL'],['MEDICAL'],['MEDICAL']
279,WIKIPEDIA,['MEDICAL'],['MEDICAL'],['MEDICAL'],['MEDICAL']
280,WIKIPEDIA,"['MEDICAL', 'PERSONAL CARE']","['MEDICAL', 'PERSONAL CARE']","['MEDICAL', 'PERSONAL CARE', 'INDUSTRIAL']","['MEDICAL', 'PERSONAL CARE']"
281,PUBMED,['MEDICAL'],['MEDICAL'],['MEDICAL'],['INFO']
282,WIKIPEDIA,['MEDICAL'],['MEDICAL'],['MEDICAL'],['MEDICAL']
283,WIKIPEDIA,['MEDICAL'],['MEDICAL'],['MEDICAL'],['INFO']
284,WIKIPEDIA,['MEDICAL'],['MEDICAL'],['MEDICAL'],['MEDICAL']
285,WIKIPEDIA,['MEDICAL'],['MEDICAL'],['MEDICAL'],['MEDICAL']
286,PUBMED,['MEDICAL'],['MEDICAL'],['MEDICAL'],['MEDICAL']
287,WIKIPEDIA,['MEDICAL'],['MEDICAL'],['INFO'],['INFO']
288,WIKIPEDIA,['MEDICAL'],['MEDICAL'],['MEDICAL'],['INFO']
289,WIKIPEDIA,['MEDICAL'],['MEDICAL'],['MEDICAL'],['MEDICAL']
290,WIKIPEDIA,['MEDICAL'],['MEDICAL'],['MEDICAL'],['INFO']
291,WIKIPEDIA,['MEDICAL'],['MEDICAL'],['MEDICAL'],['MEDICAL']
292,WIKIPEDIA,['MEDICAL'],['MEDICAL'],['MEDICAL'],['INFO']
293,WIKIPEDIA,['MEDICAL'],['MEDICAL'],['MEDICAL'],['INFO']
294,PUBMED,['MEDICAL'],['MEDICAL'],['MEDICAL'],['MEDICAL']
295,WIKIPEDIA,['MEDICAL'],['MEDICAL'],['MEDICAL'],['MEDICAL']
296,PUBMED,['MEDICAL'],['MEDICAL'],['MEDICAL'],['INFO']
297,WIKIPEDIA,['MEDICAL'],['MEDICAL'],['MEDICAL'],['MEDICAL']
298,PUBMED,['MEDICAL'],['INFO'],['MEDICAL'],['INFO']
299,WIKIPEDIA,['MEDICAL'],['MEDICAL'],['MEDICAL'],['MEDICAL']
300,WIKIPEDIA,"['MEDICAL', 'INDUSTRIAL']",['MEDICAL'],['MEDICAL'],['MEDICAL']
301,WIKIPEDIA,['MEDICAL'],['MEDICAL'],['MEDICAL'],['MEDICAL']
302,WIKIPEDIA,['MEDICAL'],['MEDICAL'],['MEDICAL'],['MEDICAL']
303,WIKIPEDIA,['MEDICAL'],['INFO'],['MEDICAL'],['INFO']
304,WIKIPEDIA,['MEDICAL'],['MEDICAL'],['MEDICAL'],['MEDICAL']
305,WIKIPEDIA,['MEDICAL'],['MEDICAL'],['MEDICAL'],['MEDICAL']
306,WIKIPEDIA,['MEDICAL'],['MEDICAL'],['MEDICAL'],['INFO']
307,WIKIPEDIA,['MEDICAL'],['MEDICAL'],['MEDICAL'],['MEDICAL']
308,WIKIPEDIA,['MEDICAL'],['MEDICAL'],['MEDICAL'],['INFO']
309,PUBMED,['MEDICAL'],['MEDICAL'],['MEDICAL'],['INFO']
310,PUBMED,['MEDICAL'],['MEDICAL'],['MEDICAL'],['INFO']
311,WIKIPEDIA,['MEDICAL'],['MEDICAL'],['MEDICAL'],['INFO']
312,,['INFO'],['INFO'],['INFO'],['INFO']
313,PUBMED,['MEDICAL'],['MEDICAL'],['MEDICAL'],['INFO']
314,WIKIPEDIA,['MEDICAL'],['INFO'],['MEDICAL'],['INFO']
315,WIKIPEDIA,['MEDICAL'],['MEDICAL'],['MEDICAL'],['MEDICAL']
316,WIKIPEDIA,['MEDICAL'],['MEDICAL'],['MEDICAL'],['MEDICAL']
317,WIKIPEDIA,['MEDICAL'],['INFO'],['MEDICAL'],['MEDICAL']
318,WIKIPEDIA,['MEDICAL'],['MEDICAL'],['MEDICAL'],['MEDICAL']
319,WIKIPEDIA,"['MEDICAL', 'INDUSTRIAL']","['MEDICAL', 'INDUSTRIAL']","['MEDICAL', 'INDUSTRIAL']","['MEDICAL', 'INDUSTRIAL']"
320,WIKIPEDIA,['MEDICAL'],['MEDICAL'],['MEDICAL'],['MEDICAL']
321,WIKIPEDIA,['MEDICAL'],['MEDICAL'],['MEDICAL'],['INFO']
322,WIKIPEDIA,['MEDICAL'],['MEDICAL'],['MEDICAL'],['MEDICAL']
323,WIKIPEDIA,['MEDICAL'],['MEDICAL'],['MEDICAL'],['MEDICAL']
324,WIKIPEDIA,"['MEDICAL', 'INFO']",['MEDICAL'],"['MEDICAL', 'INDUSTRIAL']",['INFO']
325,PUBMED,['MEDICAL'],['MEDICAL'],['MEDICAL'],['MEDICAL']
326,WIKIPEDIA,['MEDICAL'],['MEDICAL'],['MEDICAL'],['MEDICAL']
327,PUBMED,['MEDICAL'],['MEDICAL'],['MEDICAL'],['INFO']
328,PUBMED,['MEDICAL'],['MEDICAL'],['MEDICAL'],['MEDICAL']
329,WIKIPEDIA,['MEDICAL'],['MEDICAL'],['MEDICAL'],['MEDICAL']
330,WIKIPEDIA,"['MEDICAL', 'PERSONAL CARE']",['MEDICAL'],['MEDICAL'],['INFO']
331,WIKIPEDIA,['MEDICAL'],['MEDICAL'],['MEDICAL'],['MEDICAL']
332,PUBMED,['MEDICAL'],['MEDICAL'],['MEDICAL'],['INFO']
333,WIKIPEDIA,['MEDICAL'],['MEDICAL'],['MEDICAL'],['MEDICAL']
334,WIKIPEDIA,['MEDICAL'],['MEDICAL'],['INFO'],['INFO']
335,WIKIPEDIA,['MEDICAL'],['MEDICAL'],['MEDICAL'],['MEDICAL']
336,WIKIPEDIA,['INFO'],['INFO'],['INFO'],['INFO']
337,WIKIPEDIA,['MEDICAL'],['MEDICAL'],['MEDICAL'],['MEDICAL']
338,WIKIPEDIA,['MEDICAL'],['MEDICAL'],['MEDICAL'],['MEDICAL']
339,PUBMED,"['MEDICAL', 'INFO']",['INFO'],['INFO'],['INFO']
340,WIKIPEDIA,['MEDICAL'],['MEDICAL'],['MEDICAL'],['MEDICAL']
341,PUBMED,['MEDICAL'],['MEDICAL'],['MEDICAL'],['INFO']
342,WIKIPEDIA,['MEDICAL'],['MEDICAL'],['MEDICAL'],['MEDICAL']
343,WIKIPEDIA,['MEDICAL'],['MEDICAL'],['MEDICAL'],['MEDICAL']
344,WIKIPEDIA,['MEDICAL'],['MEDICAL'],['INFO'],['INFO']
345,WIKIPEDIA,['MEDICAL'],['INFO'],['MEDICAL'],['MEDICAL']
346,WIKIPEDIA,['MEDICAL'],['MEDICAL'],['MEDICAL'],['INFO']
347,WIKIPEDIA,['MEDICAL'],['MEDICAL'],['MEDICAL'],['INFO']
348,WIKIPEDIA,['MEDICAL'],['MEDICAL'],['MEDICAL'],['MEDICAL']
349,PUBMED,['MEDICAL'],['MEDICAL'],['MEDICAL'],['INFO']
350,PUBMED,['MEDICAL'],['INFO'],['MEDICAL'],['INFO']
351,WIKIPEDIA,"['MEDICAL', 'INDUSTRIAL']",['INFO'],['INFO'],['INFO']
352,WIKIPEDIA,['MEDICAL'],['MEDICAL'],['MEDICAL'],['INFO']
353,WIKIPEDIA,['MEDICAL'],['INFO'],['INFO'],['INFO']
354,PUBMED,['MEDICAL'],['MEDICAL'],['MEDICAL'],['INFO']
355,WIKIPEDIA,['MEDICAL'],['MEDICAL'],['MEDICAL'],['MEDICAL']
356,WIKIPEDIA,['MEDICAL'],['MEDICAL'],['MEDICAL'],['MEDICAL']
357,WIKIPEDIA,"['PERSONAL CARE', 'MEDICAL', 'INDUSTRIAL']","['PERSONAL CARE', 'INDUSTRIAL']","['INDUSTRIAL', 'PERSONAL CARE']",['PERSONAL CARE']
358,PUBMED,['MEDICAL'],['INFO'],['MEDICAL'],['INFO']
359,PUBMED,"['MEDICAL', 'INDUSTRIAL']",['INFO'],['MEDICAL'],['INFO']
360,PUBMED,['MEDICAL'],['INFO'],['MEDICAL'],['INFO']
361,WIKIPEDIA,['MEDICAL'],['MEDICAL'],['MEDICAL'],['MEDICAL']
362,WIKIPEDIA,['MEDICAL'],['INFO'],['MEDICAL'],['INFO']
363,WIKIPEDIA,['MEDICAL'],['MEDICAL'],['MEDICAL'],['MEDICAL']
364,PUBMED,['INFO'],['INFO'],['INFO'],['INFO']
365,WIKIPEDIA,['MEDICAL'],['MEDICAL'],['MEDICAL'],['MEDICAL']
366,PUBMED,['MEDICAL'],['INFO'],['MEDICAL'],['INFO']
367,WIKIPEDIA,['MEDICAL'],['MEDICAL'],['MEDICAL'],['INFO']
368,WIKIPEDIA,['MEDICAL'],['MEDICAL'],['INFO'],['INFO']
369,WIKIPEDIA,['MEDICAL'],['INFO'],['MEDICAL'],['INFO']
370,WIKIPEDIA,['MEDICAL'],['MEDICAL'],['MEDICAL'],['MEDICAL']
371,WIKIPEDIA,['MEDICAL'],['MEDICAL'],['MEDICAL'],['MEDICAL']
372,WIKIPEDIA,['MEDICAL'],['MEDICAL'],['MEDICAL'],['MEDICAL']
373,PUBMED,['MEDICAL'],['INFO'],['MEDICAL'],['INFO']
374,PUBMED,['MEDICAL'],['MEDICAL'],['MEDICAL'],['MEDICAL']
375,PUBMED,['MEDICAL'],['MEDICAL'],['MEDICAL'],['MEDICAL']
376,WIKIPEDIA,['MEDICAL'],['MEDICAL'],['MEDICAL'],['MEDICAL']
377,WIKIPEDIA,['MEDICAL'],['MEDICAL'],"['MEDICAL', 'INDUSTRIAL']",['MEDICAL']
378,PUBMED,"['MEDICAL', 'INDUSTRIAL']",['MEDICAL'],"['MEDICAL', 'INDUSTRIAL']",['INFO']
379,PUBMED,['MEDICAL'],['MEDICAL'],['MEDICAL'],['INFO']
380,WIKIPEDIA,['MEDICAL'],['MEDICAL'],['MEDICAL'],['MEDICAL']
381,WIKIPEDIA,['MEDICAL'],['MEDICAL'],['MEDICAL'],['INFO']
382,WIKIPEDIA,['MEDICAL'],['MEDICAL'],['MEDICAL'],['MEDICAL']
383,WIKIPEDIA,['MEDICAL'],['MEDICAL'],['MEDICAL'],['INFO']
384,WIKIPEDIA,"['INDUSTRIAL', 'MEDICAL']",['INFO'],['INFO'],['INFO']
385,WIKIPEDIA,['MEDICAL'],['MEDICAL'],['MEDICAL'],['MEDICAL']
386,WIKIPEDIA,['MEDICAL'],['INFO'],['MEDICAL'],['INFO']
387,WIKIPEDIA,['MEDICAL'],['MEDICAL'],['MEDICAL'],['INFO']
388,PUBMED,['MEDICAL'],['MEDICAL'],['MEDICAL'],['INFO']
389,WIKIPEDIA,['MEDICAL'],['MEDICAL'],['MEDICAL'],['MEDICAL']
390,WIKIPEDIA,['MEDICAL'],['MEDICAL'],['MEDICAL'],['INFO']
391,WIKIPEDIA,"['MEDICAL', 'INDUSTRIAL', 'PERSONAL CARE']",['INFO'],['INFO'],['INFO']
392,WIKIPEDIA,['MEDICAL'],['MEDICAL'],['MEDICAL'],['MEDICAL']
393,PUBMED,['MEDICAL'],['MEDICAL'],"['MEDICAL', 'INDUSTRIAL']",['INFO']
394,WIKIPEDIA,['MEDICAL'],['MEDICAL'],['INFO'],['INFO']
395,WIKIPEDIA,['MEDICAL'],['MEDICAL'],['MEDICAL'],['MEDICAL']
396,WIKIPEDIA,['MEDICAL'],['MEDICAL'],['MEDICAL'],['MEDICAL']
397,WIKIPEDIA,['MEDICAL'],['MEDICAL'],['MEDICAL'],['INFO']
398,PUBMED,"['INDUSTRIAL', 'MEDICAL']",['INDUSTRIAL'],['INFO'],['INDUSTRIAL']
399,WIKIPEDIA,['INFO'],['INFO'],"['INFO', 'MEDICAL']",['MEDICAL']
400,WIKIPEDIA,['MEDICAL'],['MEDICAL'],['INFO'],['INFO']
401,WIKIPEDIA,['MEDICAL'],['MEDICAL'],['MEDICAL'],['MEDICAL']
402,WIKIPEDIA,['MEDICAL'],['MEDICAL'],['MEDICAL'],['MEDICAL']
403,WIKIPEDIA,['MEDICAL'],['MEDICAL'],['MEDICAL'],['MEDICAL']
404,WIKIPEDIA,['MEDICAL'],['MEDICAL'],['MEDICAL'],['INFO']
405,WIKIPEDIA,['MEDICAL'],['MEDICAL'],['MEDICAL'],['MEDICAL']
406,PUBMED,['INFO'],['INFO'],['INFO'],['INFO']
407,PUBMED,['MEDICAL'],['MEDICAL'],['MEDICAL'],['INFO']
408,WIKIPEDIA,['MEDICAL'],['MEDICAL'],['MEDICAL'],['MEDICAL']
409,WIKIPEDIA,['MEDICAL'],['MEDICAL'],['MEDICAL'],['INFO']
410,WIKIPEDIA,['MEDICAL'],['MEDICAL'],['MEDICAL'],['MEDICAL']
411,PUBMED,['MEDICAL'],['MEDICAL'],['MEDICAL'],['INFO']
412,WIKIPEDIA,['MEDICAL'],['MEDICAL'],['MEDICAL'],['MEDICAL']
413,WIKIPEDIA,['MEDICAL'],['INFO'],['MEDICAL'],['INFO']
414,WIKIPEDIA,['MEDICAL'],['MEDICAL'],['MEDICAL'],['MEDICAL']
415,WIKIPEDIA,['MEDICAL'],['MEDICAL'],['MEDICAL'],['MEDICAL']
416,WIKIPEDIA,['MEDICAL'],['MEDICAL'],['MEDICAL'],['MEDICAL']
417,PUBMED,['INFO'],['INDUSTRIAL'],['INFO'],['INFO']
418,WIKIPEDIA,"['MEDICAL', 'INDUSTRIAL']",['INDUSTRIAL'],"['INDUSTRIAL', 'FOOD']","['MEDICAL', 'INDUSTRIAL']"
419,PUBMED,['MEDICAL'],['MEDICAL'],['MEDICAL'],['INFO']
420,WIKIPEDIA,['MEDICAL'],['MEDICAL'],"['MEDICAL', 'PERSONAL CARE']",['INFO']
421,WIKIPEDIA,['MEDICAL'],['MEDICAL'],['MEDICAL'],['MEDICAL']
422,WIKIPEDIA,['MEDICAL'],['MEDICAL'],['INFO'],['INFO']
423,WIKIPEDIA,['MEDICAL'],['MEDICAL'],['MEDICAL'],['INFO']
424,WIKIPEDIA,['MEDICAL'],['INFO'],['MEDICAL'],['INFO']
425,PUBMED,['MEDICAL'],['MEDICAL'],['MEDICAL'],['INFO']
426,WIKIPEDIA,['MEDICAL'],['MEDICAL'],['MEDICAL'],['MEDICAL']
427,WIKIPEDIA,['MEDICAL'],['MEDICAL'],['MEDICAL'],['INFO']
428,PUBMED,['MEDICAL'],['INFO'],['MEDICAL'],['INFO']
429,WIKIPEDIA,['MEDICAL'],['INFO'],"['MEDICAL', 'PERSONAL CARE']",['INFO']
430,PUBMED,['MEDICAL'],['MEDICAL'],['MEDICAL'],['INFO']
431,WIKIPEDIA,['MEDICAL'],['MEDICAL'],['MEDICAL'],['MEDICAL']
432,WIKIPEDIA,['MEDICAL'],['MEDICAL'],['MEDICAL'],['MEDICAL']
433,WIKIPEDIA,['MEDICAL'],['MEDICAL'],['MEDICAL'],['MEDICAL']
434,WIKIPEDIA,['MEDICAL'],['MEDICAL'],['MEDICAL'],['INFO']
435,PUBMED,['MEDICAL'],['MEDICAL'],['MEDICAL'],['INFO']
436,WIKIPEDIA,['MEDICAL'],['MEDICAL'],['MEDICAL'],['MEDICAL']
437,WIKIPEDIA,['MEDICAL'],['MEDICAL'],['MEDICAL'],['INFO']
438,WIKIPEDIA,['MEDICAL'],['MEDICAL'],['MEDICAL'],['MEDICAL']
439,WIKIPEDIA,['MEDICAL'],['MEDICAL'],['INFO'],['INFO']
440,PUBMED,['MEDICAL'],['MEDICAL'],['MEDICAL'],['MEDICAL']
441,WIKIPEDIA,['MEDICAL'],['MEDICAL'],['MEDICAL'],['INFO']
442,PUBMED,['INFO'],['INFO'],['INFO'],['INFO']
443,WIKIPEDIA,['MEDICAL'],['MEDICAL'],['MEDICAL'],['MEDICAL']
444,PUBMED,['MEDICAL'],['INFO'],['MEDICAL'],['INFO']
445,WIKIPEDIA,['MEDICAL'],['MEDICAL'],['MEDICAL'],['MEDICAL']
446,PUBMED,['MEDICAL'],['MEDICAL'],['MEDICAL'],['INFO']
447,WIKIPEDIA,['MEDICAL'],['MEDICAL'],['MEDICAL'],['MEDICAL']
448,WIKIPEDIA,['MEDICAL'],['MEDICAL'],['MEDICAL'],['MEDICAL']
449,WIKIPEDIA,['MEDICAL'],['MEDICAL'],['MEDICAL'],['MEDICAL']
450,WIKIPEDIA,['MEDICAL'],['MEDICAL'],['MEDICAL'],['MEDICAL']
451,WIKIPEDIA,['MEDICAL'],['MEDICAL'],['MEDICAL'],['INFO']
452,WIKIPEDIA,['MEDICAL'],['MEDICAL'],['MEDICAL'],['MEDICAL']
453,WIKIPEDIA,['MEDICAL'],['MEDICAL'],['MEDICAL'],['MEDICAL']
454,WIKIPEDIA,['MEDICAL'],['MEDICAL'],['MEDICAL'],['MEDICAL']
455,PUBMED,['MEDICAL'],['MEDICAL'],['MEDICAL'],['MEDICAL']
456,WIKIPEDIA,['MEDICAL'],['MEDICAL'],['MEDICAL'],['MEDICAL']
457,PUBMED,['MEDICAL'],['MEDICAL'],['MEDICAL'],['MEDICAL']
458,PUBMED,['MEDICAL'],['MEDICAL'],['MEDICAL'],['INFO']
459,WIKIPEDIA,['MEDICAL'],['MEDICAL'],['MEDICAL'],['MEDICAL']
460,WIKIPEDIA,['MEDICAL'],['MEDICAL'],['MEDICAL'],['MEDICAL']
461,WIKIPEDIA,['INDUSTRIAL'],"['MEDICAL', 'INDUSTRIAL']",['INFO'],['INFO']
462,WIKIPEDIA,['MEDICAL'],['MEDICAL'],['MEDICAL'],['MEDICAL']
463,WIKIPEDIA,['MEDICAL'],['MEDICAL'],['MEDICAL'],['INFO']
464,WIKIPEDIA,['MEDICAL'],['INFO'],['INFO'],['INFO']
465,PUBMED,['MEDICAL'],['INFO'],['MEDICAL'],['MEDICAL']
466,PUBMED,['MEDICAL'],['MEDICAL'],['MEDICAL'],['INFO']
467,WIKIPEDIA,['MEDICAL'],['MEDICAL'],['MEDICAL'],['INFO']
468,PUBMED,['MEDICAL'],['INFO'],['MEDICAL'],['INFO']
469,WIKIPEDIA,['MEDICAL'],['MEDICAL'],['MEDICAL'],['MEDICAL']
470,WIKIPEDIA,['MEDICAL'],['MEDICAL'],['MEDICAL'],['MEDICAL']
471,WIKIPEDIA,['MEDICAL'],['MEDICAL'],['MEDICAL'],['MEDICAL']
472,PUBMED,['MEDICAL'],['MEDICAL'],['MEDICAL'],['MEDICAL']
473,PUBMED,['MEDICAL'],['MEDICAL'],['MEDICAL'],['INFO']
474,WIKIPEDIA,['MEDICAL'],['INFO'],['MEDICAL'],['INFO']
475,WIKIPEDIA,['MEDICAL'],['MEDICAL'],['MEDICAL'],['MEDICAL']
476,WIKIPEDIA,"['MEDICAL', 'INDUSTRIAL']",['MEDICAL'],['INFO'],['INFO']
477,WIKIPEDIA,['MEDICAL'],['MEDICAL'],['MEDICAL'],['MEDICAL']
478,WIKIPEDIA,['MEDICAL'],['MEDICAL'],['MEDICAL'],['MEDICAL']
479,WIKIPEDIA,['MEDICAL'],['MEDICAL'],['MEDICAL'],['MEDICAL']
480,PUBMED,['MEDICAL'],['INFO'],['INFO'],['INFO']
481,WIKIPEDIA,['MEDICAL'],['MEDICAL'],['MEDICAL'],['MEDICAL']
482,PUBMED,['MEDICAL'],['INFO'],['MEDICAL'],['INFO']
483,WIKIPEDIA,['MEDICAL'],['MEDICAL'],['MEDICAL'],['INFO']
484,WIKIPEDIA,['MEDICAL'],['MEDICAL'],['MEDICAL'],['MEDICAL']
485,WIKIPEDIA,['MEDICAL'],['MEDICAL'],['MEDICAL'],['INFO']
486,PUBMED,['MEDICAL'],['MEDICAL'],['MEDICAL'],['INFO']
487,WIKIPEDIA,['MEDICAL'],['MEDICAL'],['MEDICAL'],['MEDICAL']
488,PUBMED,['MEDICAL'],['INFO'],['MEDICAL'],['INFO']
489,WIKIPEDIA,['MEDICAL'],['INFO'],['MEDICAL'],['MEDICAL']
490,WIKIPEDIA,['MEDICAL'],['MEDICAL'],['MEDICAL'],['MEDICAL']
491,WIKIPEDIA,['MEDICAL'],['MEDICAL'],['MEDICAL'],['MEDICAL']
492,PUBMED,['MEDICAL'],['MEDICAL'],['MEDICAL'],['INFO']
493,PUBMED,['MEDICAL'],['MEDICAL'],['MEDICAL'],['MEDICAL']
494,WIKIPEDIA,['MEDICAL'],['MEDICAL'],['MEDICAL'],['MEDICAL']
495,WIKIPEDIA,['MEDICAL'],['MEDICAL'],['MEDICAL'],['MEDICAL']
496,WIKIPEDIA,['MEDICAL'],['MEDICAL'],['MEDICAL'],['INFO']
497,WIKIPEDIA,['MEDICAL'],['MEDICAL'],['MEDICAL'],['MEDICAL']
498,WIKIPEDIA,['MEDICAL'],['MEDICAL'],['MEDICAL'],['MEDICAL']
499,PUBMED,['INFO'],['INFO'],['INFO'],['INFO']
500,WIKIPEDIA,['MEDICAL'],['MEDICAL'],['MEDICAL'],['INFO']
501,WIKIPEDIA,['MEDICAL'],['MEDICAL'],['MEDICAL'],['MEDICAL']
502,WIKIPEDIA,['MEDICAL'],['INFO'],['MEDICAL'],['INFO']
503,WIKIPEDIA,['MEDICAL'],['INFO'],['MEDICAL'],['INFO']
504,WIKIPEDIA,"['MEDICAL', 'INDUSTRIAL']",['MEDICAL'],"['MEDICAL', 'INDUSTRIAL']",['MEDICAL']
505,WIKIPEDIA,['MEDICAL'],['MEDICAL'],['MEDICAL'],['MEDICAL']
506,PUBMED,['MEDICAL'],['INFO'],['MEDICAL'],['INFO']
507,PUBMED,['MEDICAL'],['MEDICAL'],['MEDICAL'],['MEDICAL']
508,PUBMED,['MEDICAL'],['INFO'],['INFO'],['INFO']
509,WIKIPEDIA,['MEDICAL'],['MEDICAL'],['MEDICAL'],['MEDICAL']
510,WIKIPEDIA,['MEDICAL'],['MEDICAL'],['MEDICAL'],['MEDICAL']
511,WIKIPEDIA,['MEDICAL'],['MEDICAL'],['MEDICAL'],['MEDICAL']
512,WIKIPEDIA,['MEDICAL'],['MEDICAL'],['MEDICAL'],['MEDICAL']
513,WIKIPEDIA,['MEDICAL'],['MEDICAL'],['MEDICAL'],['MEDICAL']
514,WIKIPEDIA,"['MEDICAL', 'INDUSTRIAL']","['MEDICAL', 'PERSONAL CARE', 'INDUSTRIAL']",['INFO'],['INFO']
515,WIKIPEDIA,['MEDICAL'],['MEDICAL'],['MEDICAL'],['MEDICAL']
516,PUBMED,['INFO'],['INFO'],['INFO'],['INFO']
517,WIKIPEDIA,['MEDICAL'],['MEDICAL'],['MEDICAL'],['MEDICAL']
518,WIKIPEDIA,['MEDICAL'],['INFO'],['MEDICAL'],['MEDICAL']
519,WIKIPEDIA,"['INDUSTRIAL', 'MEDICAL']",['INDUSTRIAL'],['INFO'],['INFO']
520,PUBMED,['MEDICAL'],['MEDICAL'],['MEDICAL'],['INFO']
521,PUBMED,['MEDICAL'],['MEDICAL'],['MEDICAL'],['MEDICAL']
522,WIKIPEDIA,['MEDICAL'],['MEDICAL'],['MEDICAL'],['MEDICAL']
523,WIKIPEDIA,['MEDICAL'],['INFO'],['MEDICAL'],['INFO']
524,WIKIPEDIA,['MEDICAL'],['MEDICAL'],['MEDICAL'],['MEDICAL']
525,WIKIPEDIA,['MEDICAL'],['MEDICAL'],['MEDICAL'],['MEDICAL']
526,WIKIPEDIA,['MEDICAL'],['MEDICAL'],['MEDICAL'],['MEDICAL']
527,WIKIPEDIA,['MEDICAL'],['MEDICAL'],['MEDICAL'],['MEDICAL']
528,WIKIPEDIA,['MEDICAL'],['MEDICAL'],['INFO'],['INFO']
529,WIKIPEDIA,['MEDICAL'],['INFO'],['MEDICAL'],['INFO']
530,WIKIPEDIA,['MEDICAL'],['MEDICAL'],['INFO'],['INFO']
531,WIKIPEDIA,['MEDICAL'],['MEDICAL'],['MEDICAL'],['MEDICAL']
532,WIKIPEDIA,['MEDICAL'],['MEDICAL'],['MEDICAL'],['INFO']
533,WIKIPEDIA,['MEDICAL'],['MEDICAL'],['MEDICAL'],['MEDICAL']
534,WIKIPEDIA,['MEDICAL'],['MEDICAL'],['MEDICAL'],['MEDICAL']
535,PUBMED,"['INDUSTRIAL', 'INFO']","['MEDICAL', 'INDUSTRIAL']",['INFO'],['INFO']
536,WIKIPEDIA,['MEDICAL'],['MEDICAL'],['MEDICAL'],['MEDICAL']
537,WIKIPEDIA,['MEDICAL'],['MEDICAL'],['MEDICAL'],['MEDICAL']
538,WIKIPEDIA,['MEDICAL'],['INFO'],['MEDICAL'],['INFO']
539,WIKIPEDIA,"['MEDICAL', 'INDUSTRIAL']","['MEDICAL', 'INDUSTRIAL']",['INFO'],['INDUSTRIAL']
540,PUBMED,['MEDICAL'],['MEDICAL'],['MEDICAL'],['MEDICAL']
541,WIKIPEDIA,['MEDICAL'],['MEDICAL'],['INFO'],['INFO']
542,WIKIPEDIA,['MEDICAL'],['MEDICAL'],['MEDICAL'],['MEDICAL']
543,,['INFO'],['INFO'],['INFO'],['INFO']
544,WIKIPEDIA,['MEDICAL'],['MEDICAL'],['MEDICAL'],['INFO']
545,WIKIPEDIA,['MEDICAL'],['MEDICAL'],['INFO'],['INFO']
546,WIKIPEDIA,['MEDICAL'],['MEDICAL'],['MEDICAL'],['MEDICAL']
547,WIKIPEDIA,['MEDICAL'],['MEDICAL'],['MEDICAL'],['INFO']
548,PUBMED,['MEDICAL'],['MEDICAL'],['MEDICAL'],['MEDICAL']
549,PUBMED,['MEDICAL'],['INFO'],['MEDICAL'],['MEDICAL']
550,WIKIPEDIA,['PERSONAL CARE'],['PERSONAL CARE'],['PERSONAL CARE'],['PERSONAL CARE']
551,WIKIPEDIA,['MEDICAL'],['MEDICAL'],['MEDICAL'],['MEDICAL']
552,PUBMED,['MEDICAL'],['MEDICAL'],['MEDICAL'],['INFO']
553,WIKIPEDIA,['MEDICAL'],['MEDICAL'],['MEDICAL'],['INFO']
554,WIKIPEDIA,['MEDICAL'],['MEDICAL'],['MEDICAL'],['MEDICAL']
555,WIKIPEDIA,['MEDICAL'],['MEDICAL'],['MEDICAL'],['MEDICAL']
556,PUBMED,['MEDICAL'],['MEDICAL'],['MEDICAL'],['MEDICAL']
557,WIKIPEDIA,['MEDICAL'],['MEDICAL'],['MEDICAL'],['MEDICAL']
558,PUBMED,['MEDICAL'],['MEDICAL'],['MEDICAL'],['INFO']
559,WIKIPEDIA,['MEDICAL'],['MEDICAL'],['MEDICAL'],['MEDICAL']
560,WIKIPEDIA,['MEDICAL'],['MEDICAL'],['MEDICAL'],['MEDICAL']
561,WIKIPEDIA,['MEDICAL'],['MEDICAL'],['INFO'],['MEDICAL']
562,PUBMED,['MEDICAL'],['INFO'],['MEDICAL'],['INFO']
563,WIKIPEDIA,"['MEDICAL', 'PERSONAL CARE']",['INFO'],"['MEDICAL', 'PERSONAL CARE']","['MEDICAL', 'PERSONAL CARE']"
564,WIKIPEDIA,['INDUSTRIAL'],['INDUSTRIAL'],['INDUSTRIAL'],['INDUSTRIAL']
565,WIKIPEDIA,['MEDICAL'],['MEDICAL'],['MEDICAL'],['MEDICAL']
566,WIKIPEDIA,['MEDICAL'],['MEDICAL'],['MEDICAL'],['INFO']
567,PUBMED,['MEDICAL'],['INFO'],['MEDICAL'],['INFO']
568,PUBMED,['MEDICAL'],"['MEDICAL', 'INDUSTRIAL']",['MEDICAL'],['MEDICAL']
569,WIKIPEDIA,['MEDICAL'],['MEDICAL'],['INFO'],['INFO']
570,WIKIPEDIA,['MEDICAL'],['MEDICAL'],['MEDICAL'],['INFO']
571,PUBMED,"['MEDICAL', 'INDUSTRIAL']",['INFO'],"['MEDICAL', 'INDUSTRIAL']",['INFO']
572,PUBMED,['MEDICAL'],['MEDICAL'],['MEDICAL'],['MEDICAL']
573,WIKIPEDIA,['MEDICAL'],['MEDICAL'],['MEDICAL'],['MEDICAL']
574,WIKIPEDIA,['MEDICAL'],['MEDICAL'],['MEDICAL'],['INFO']
575,WIKIPEDIA,['MEDICAL'],['MEDICAL'],['MEDICAL'],['MEDICAL']
576,PUBMED,['MEDICAL'],['MEDICAL'],['MEDICAL'],['INFO']
577,WIKIPEDIA,['MEDICAL'],['MEDICAL'],['MEDICAL'],['MEDICAL']
578,PUBMED,['MEDICAL'],['INFO'],['MEDICAL'],['INFO']
579,WIKIPEDIA,['MEDICAL'],['INFO'],['MEDICAL'],['MEDICAL']
580,WIKIPEDIA,['MEDICAL'],['MEDICAL'],['MEDICAL'],['MEDICAL']
581,WIKIPEDIA,['MEDICAL'],['MEDICAL'],['MEDICAL'],['MEDICAL']
582,WIKIPEDIA,['MEDICAL'],['MEDICAL'],['MEDICAL'],['MEDICAL']
583,PUBMED,['MEDICAL'],['MEDICAL'],['MEDICAL'],['MEDICAL']
584,PUBMED,['MEDICAL'],['MEDICAL'],['MEDICAL'],['MEDICAL']
585,WIKIPEDIA,['MEDICAL'],['MEDICAL'],['MEDICAL'],['MEDICAL']
586,PUBMED,['MEDICAL'],['MEDICAL'],['MEDICAL'],['INFO']
587,PUBMED,['INFO'],['INFO'],['INFO'],['INFO']
588,WIKIPEDIA,['MEDICAL'],['MEDICAL'],['MEDICAL'],['MEDICAL']
589,WIKIPEDIA,['MEDICAL'],['MEDICAL'],['INFO'],['INFO']
590,WIKIPEDIA,['MEDICAL'],['MEDICAL'],['INFO'],['MEDICAL']
591,WIKIPEDIA,['MEDICAL'],['MEDICAL'],['MEDICAL'],['MEDICAL']
592,WIKIPEDIA,['MEDICAL'],['MEDICAL'],['MEDICAL'],['MEDICAL']
593,PUBMED,['MEDICAL'],['MEDICAL'],['MEDICAL'],['INFO']
594,PUBMED,['INFO'],['INFO'],['INFO'],['INFO']
595,WIKIPEDIA,['INDUSTRIAL'],['MEDICAL'],['INDUSTRIAL'],['MEDICAL']
596,PUBMED,['MEDICAL'],['MEDICAL'],['MEDICAL'],['INFO']
597,WIKIPEDIA,['MEDICAL'],['MEDICAL'],['MEDICAL'],['MEDICAL']
598,WIKIPEDIA,['MEDICAL'],['INFO'],['MEDICAL'],['MEDICAL']
599,PUBMED,['MEDICAL'],['MEDICAL'],['MEDICAL'],['INFO']
600,WIKIPEDIA,['MEDICAL'],['MEDICAL'],['INFO'],['INFO']
601,WIKIPEDIA,['MEDICAL'],['MEDICAL'],['MEDICAL'],['MEDICAL']
602,WIKIPEDIA,['MEDICAL'],['MEDICAL'],['MEDICAL'],['INFO']
603,PUBMED,['MEDICAL'],['MEDICAL'],['MEDICAL'],['INFO']
604,PUBMED,['MEDICAL'],['INFO'],['MEDICAL'],['INFO']
605,PUBMED,['INFO'],['INFO'],['INFO'],['INFO']
606,PUBMED,['MEDICAL'],['MEDICAL'],['MEDICAL'],['MEDICAL']
607,WIKIPEDIA,['MEDICAL'],['MEDICAL'],['MEDICAL'],['INFO']
608,PUBMED,['INFO'],['INFO'],['INFO'],['INFO']
609,WIKIPEDIA,['MEDICAL'],['MEDICAL'],['MEDICAL'],['MEDICAL']
610,PUBMED,['INFO'],['INFO'],['INFO'],['INFO']
611,WIKIPEDIA,['MEDICAL'],['MEDICAL'],['MEDICAL'],['MEDICAL']
612,PUBMED,['MEDICAL'],['MEDICAL'],['MEDICAL'],['MEDICAL']
613,WIKIPEDIA,['MEDICAL'],['MEDICAL'],['MEDICAL'],['MEDICAL']
614,WIKIPEDIA,['INFO'],['MEDICAL'],['INFO'],['INFO']
615,WIKIPEDIA,['MEDICAL'],['MEDICAL'],['MEDICAL'],['INFO']
616,PUBMED,['MEDICAL'],['MEDICAL'],['MEDICAL'],['MEDICAL']
617,WIKIPEDIA,['MEDICAL'],['MEDICAL'],['MEDICAL'],['INFO']
618,WIKIPEDIA,['MEDICAL'],['MEDICAL'],['MEDICAL'],['MEDICAL']
619,WIKIPEDIA,['MEDICAL'],['MEDICAL'],['MEDICAL'],['MEDICAL']
620,WIKIPEDIA,['MEDICAL'],['INFO'],['MEDICAL'],['MEDICAL']
621,PUBMED,"['MEDICAL', 'INDUSTRIAL']",['INFO'],['INDUSTRIAL'],['INFO']
622,PUBMED,['MEDICAL'],['MEDICAL'],['MEDICAL'],['MEDICAL']
623,WIKIPEDIA,['MEDICAL'],['INFO'],['MEDICAL'],['INFO']
624,PUBMED,['MEDICAL'],['MEDICAL'],['MEDICAL'],['MEDICAL']
625,WIKIPEDIA,['MEDICAL'],['INFO'],['MEDICAL'],['MEDICAL']
626,WIKIPEDIA,['INDUSTRIAL'],['INDUSTRIAL'],['INDUSTRIAL'],['INDUSTRIAL']
627,WIKIPEDIA,['MEDICAL'],['MEDICAL'],['INFO'],['INFO']
628,WIKIPEDIA,['MEDICAL'],['MEDICAL'],['MEDICAL'],['INFO']
629,WIKIPEDIA,['MEDICAL'],['MEDICAL'],['MEDICAL'],['MEDICAL']
630,PUBMED,"['INDUSTRIAL', 'MEDICAL']",['INFO'],"['MEDICAL', 'INDUSTRIAL']",['INFO']
631,WIKIPEDIA,['MEDICAL'],['MEDICAL'],['INFO'],['INFO']
632,WIKIPEDIA,['INDUSTRIAL'],['INDUSTRIAL'],['INDUSTRIAL'],['INDUSTRIAL']
633,WIKIPEDIA,['MEDICAL'],['MEDICAL'],['MEDICAL'],['MEDICAL']
634,WIKIPEDIA,['MEDICAL'],['MEDICAL'],['MEDICAL'],['INFO']
635,WIKIPEDIA,['MEDICAL'],['MEDICAL'],['MEDICAL'],['INFO']
636,WIKIPEDIA,['MEDICAL'],['MEDICAL'],['MEDICAL'],['MEDICAL']
637,PUBMED,['MEDICAL'],['MEDICAL'],['MEDICAL'],['MEDICAL']
638,WIKIPEDIA,['MEDICAL'],['INFO'],['MEDICAL'],['MEDICAL']
639,WIKIPEDIA,['MEDICAL'],['MEDICAL'],['MEDICAL'],['MEDICAL']
640,WIKIPEDIA,['MEDICAL'],['MEDICAL'],['MEDICAL'],['INFO']
641,PUBMED,['INFO'],['INFO'],['INFO'],['INFO']
642,WIKIPEDIA,['MEDICAL'],['MEDICAL'],['MEDICAL'],['MEDICAL']
643,PUBMED,['MEDICAL'],['INFO'],['MEDICAL'],['INFO']
644,WIKIPEDIA,['INFO'],['INFO'],['INFO'],['INFO']
645,WIKIPEDIA,"['INDUSTRIAL', 'MEDICAL']","['MEDICAL', 'INDUSTRIAL']",['INFO'],['INFO']
646,PUBMED,['MEDICAL'],['MEDICAL'],['MEDICAL'],['MEDICAL']
647,WIKIPEDIA,['MEDICAL'],['MEDICAL'],['MEDICAL'],['MEDICAL']
648,WIKIPEDIA,['MEDICAL'],['MEDICAL'],['MEDICAL'],['MEDICAL']
649,PUBMED,['INFO'],['INFO'],['INFO'],['INFO']
650,WIKIPEDIA,['MEDICAL'],['MEDICAL'],['MEDICAL'],['INFO']
651,WIKIPEDIA,['MEDICAL'],['MEDICAL'],['MEDICAL'],['MEDICAL']
652,WIKIPEDIA,['MEDICAL'],['MEDICAL'],['INFO'],['INFO']
653,PUBMED,['MEDICAL'],['INFO'],['MEDICAL'],['MEDICAL']
654,WIKIPEDIA,['MEDICAL'],['MEDICAL'],['MEDICAL'],['INFO']
655,WIKIPEDIA,['MEDICAL'],['MEDICAL'],['MEDICAL'],['INFO']
656,WIKIPEDIA,['MEDICAL'],['MEDICAL'],['MEDICAL'],['MEDICAL']
657,WIKIPEDIA,['MEDICAL'],['MEDICAL'],['MEDICAL'],['INFO']
658,WIKIPEDIA,['MEDICAL'],['MEDICAL'],['MEDICAL'],['MEDICAL']
659,WIKIPEDIA,['MEDICAL'],['MEDICAL'],['MEDICAL'],['MEDICAL']
660,WIKIPEDIA,['MEDICAL'],['MEDICAL'],['MEDICAL'],['MEDICAL']
661,PUBMED,['MEDICAL'],['MEDICAL'],['MEDICAL'],['MEDICAL']
662,WIKIPEDIA,['MEDICAL'],['MEDICAL'],['MEDICAL'],['INFO']
663,WIKIPEDIA,['MEDICAL'],['MEDICAL'],['INFO'],['INFO']
664,PUBMED,['MEDICAL'],['MEDICAL'],['MEDICAL'],['INFO']
665,PUBMED,['MEDICAL'],['INFO'],['MEDICAL'],['INFO']
666,WIKIPEDIA,['MEDICAL'],['MEDICAL'],['MEDICAL'],['MEDICAL']
667,WIKIPEDIA,['MEDICAL'],['MEDICAL'],['MEDICAL'],['MEDICAL']
668,WIKIPEDIA,['MEDICAL'],['MEDICAL'],['MEDICAL'],['MEDICAL']
669,WIKIPEDIA,['MEDICAL'],['MEDICAL'],['MEDICAL'],['MEDICAL']
670,WIKIPEDIA,['MEDICAL'],['MEDICAL'],['MEDICAL'],['INFO']
671,WIKIPEDIA,['MEDICAL'],['MEDICAL'],['MEDICAL'],['MEDICAL']
672,WIKIPEDIA,['MEDICAL'],['MEDICAL'],['MEDICAL'],['MEDICAL']
673,PUBMED,['INDUSTRIAL'],['INDUSTRIAL'],['INDUSTRIAL'],['INDUSTRIAL']
674,PUBMED,['MEDICAL'],['MEDICAL'],['MEDICAL'],['INFO']
675,WIKIPEDIA,['MEDICAL'],['MEDICAL'],['MEDICAL'],['MEDICAL']
676,WIKIPEDIA,['MEDICAL'],['MEDICAL'],['MEDICAL'],['MEDICAL']
677,WIKIPEDIA,['MEDICAL'],['MEDICAL'],['MEDICAL'],['MEDICAL']
678,PUBMED,['INFO'],['INFO'],['INFO'],['INFO']
679,WIKIPEDIA,"['MEDICAL', 'INDUSTRIAL']",['INFO'],"['MEDICAL', 'INDUSTRIAL']",['INFO']
680,WIKIPEDIA,['MEDICAL'],['MEDICAL'],['MEDICAL'],['MEDICAL']
681,WIKIPEDIA,['MEDICAL'],['MEDICAL'],['MEDICAL'],['MEDICAL']
682,WIKIPEDIA,['MEDICAL'],['MEDICAL'],['MEDICAL'],['INFO']
683,PUBMED,['MEDICAL'],['INFO'],['MEDICAL'],['INFO']
684,WIKIPEDIA,['MEDICAL'],['MEDICAL'],['MEDICAL'],['INFO']
685,WIKIPEDIA,['MEDICAL'],['INFO'],['INFO'],['INFO']
686,PUBMED,['MEDICAL'],['MEDICAL'],['MEDICAL'],['INFO']
687,WIKIPEDIA,"['MEDICAL', 'PERSONAL CARE']","['MEDICAL', 'INDUSTRIAL']",['MEDICAL'],['MEDICAL']
688,WIKIPEDIA,['MEDICAL'],"['MEDICAL', 'INDUSTRIAL']",['MEDICAL'],['MEDICAL']
689,WIKIPEDIA,['MEDICAL'],['MEDICAL'],['MEDICAL'],['MEDICAL']
690,WIKIPEDIA,['MEDICAL'],['MEDICAL'],['MEDICAL'],['INFO']
691,WIKIPEDIA,['MEDICAL'],['MEDICAL'],['MEDICAL'],['MEDICAL']
692,,['INFO'],['MEDICAL'],['INFO'],['INFO']
693,WIKIPEDIA,['MEDICAL'],['MEDICAL'],['MEDICAL'],['MEDICAL']
694,WIKIPEDIA,['MEDICAL'],['MEDICAL'],['INFO'],['INFO']
695,WIKIPEDIA,['MEDICAL'],['MEDICAL'],['MEDICAL'],['INFO']
696,PUBMED,['MEDICAL'],['MEDICAL'],['MEDICAL'],['MEDICAL']
697,WIKIPEDIA,['MEDICAL'],['MEDICAL'],['MEDICAL'],['MEDICAL']
698,PUBMED,['INFO'],['INFO'],['INFO'],['INFO']
699,PUBMED,['MEDICAL'],['MEDICAL'],['MEDICAL'],['INFO']
700,WIKIPEDIA,['MEDICAL'],['MEDICAL'],['INFO'],['INFO']
701,PUBMED,['MEDICAL'],['MEDICAL'],['MEDICAL'],['INFO']
702,WIKIPEDIA,['MEDICAL'],['MEDICAL'],['MEDICAL'],['INFO']
703,PUBMED,['MEDICAL'],['INFO'],['MEDICAL'],['INFO']
704,PUBMED,['MEDICAL'],['MEDICAL'],['MEDICAL'],['INFO']
705,WIKIPEDIA,['MEDICAL'],['MEDICAL'],['MEDICAL'],['INFO']
706,PUBMED,['MEDICAL'],['MEDICAL'],['MEDICAL'],['INFO']
707,WIKIPEDIA,['MEDICAL'],['MEDICAL'],['INFO'],['INFO']
708,WIKIPEDIA,['MEDICAL'],['MEDICAL'],['MEDICAL'],['MEDICAL']
709,WIKIPEDIA,['MEDICAL'],"['MEDICAL', 'INDUSTRIAL']",['INFO'],['INFO']
710,WIKIPEDIA,['MEDICAL'],['MEDICAL'],['MEDICAL'],['MEDICAL']
711,PUBMED,['MEDICAL'],['MEDICAL'],['MEDICAL'],['INFO']
712,PUBMED,['MEDICAL'],['MEDICAL'],['MEDICAL'],['MEDICAL']
713,PUBMED,['MEDICAL'],['MEDICAL'],['MEDICAL'],['INFO']
714,PUBMED,['MEDICAL'],['MEDICAL'],['MEDICAL'],['MEDICAL']
715,WIKIPEDIA,['INDUSTRIAL'],['INDUSTRIAL'],['INDUSTRIAL'],['INDUSTRIAL']
716,PUBMED,['MEDICAL'],['MEDICAL'],['MEDICAL'],['MEDICAL']
717,WIKIPEDIA,['MEDICAL'],['MEDICAL'],['MEDICAL'],['MEDICAL']
718,WIKIPEDIA,['MEDICAL'],['MEDICAL'],['MEDICAL'],['MEDICAL']
719,WIKIPEDIA,['MEDICAL'],['INFO'],['MEDICAL'],['INFO']
720,WIKIPEDIA,['MEDICAL'],['MEDICAL'],['MEDICAL'],['INFO']
721,WIKIPEDIA,['MEDICAL'],['MEDICAL'],['MEDICAL'],['INFO']
722,PUBMED,['MEDICAL'],['MEDICAL'],['MEDICAL'],['INFO']
723,WIKIPEDIA,['MEDICAL'],['MEDICAL'],['MEDICAL'],['MEDICAL']
724,WIKIPEDIA,['MEDICAL'],['MEDICAL'],['MEDICAL'],['MEDICAL']
725,WIKIPEDIA,['MEDICAL'],['MEDICAL'],['MEDICAL'],['MEDICAL']
726,WIKIPEDIA,['MEDICAL'],['INFO'],['INFO'],['INFO']
727,WIKIPEDIA,['MEDICAL'],['MEDICAL'],['MEDICAL'],['MEDICAL']
728,WIKIPEDIA,['MEDICAL'],['MEDICAL'],['MEDICAL'],['INFO']
729,PUBMED,['MEDICAL'],['MEDICAL'],['MEDICAL'],['INFO']
730,WIKIPEDIA,['MEDICAL'],['MEDICAL'],['INFO'],['INFO']
731,WIKIPEDIA,['MEDICAL'],['MEDICAL'],['INFO'],['INFO']
732,WIKIPEDIA,['MEDICAL'],['MEDICAL'],['MEDICAL'],['MEDICAL']
733,PUBMED,['MEDICAL'],['MEDICAL'],['MEDICAL'],['INFO']
734,,['INFO'],['MEDICAL'],['INFO'],['INFO']
735,WIKIPEDIA,['MEDICAL'],['MEDICAL'],['INFO'],['INFO']
736,WIKIPEDIA,['MEDICAL'],['INFO'],['MEDICAL'],['MEDICAL']
737,WIKIPEDIA,['MEDICAL'],['MEDICAL'],['MEDICAL'],['INFO']
738,,['INFO'],['INFO'],['INFO'],['INFO']
739,WIKIPEDIA,['MEDICAL'],['MEDICAL'],['MEDICAL'],['MEDICAL']
740,WIKIPEDIA,['MEDICAL'],['MEDICAL'],['MEDICAL'],['MEDICAL']
741,WIKIPEDIA,['MEDICAL'],['MEDICAL'],['MEDICAL'],['MEDICAL']
742,WIKIPEDIA,['MEDICAL'],['MEDICAL'],['MEDICAL'],['MEDICAL']
743,WIKIPEDIA,"['INFO', 'MEDICAL']",['MEDICAL'],"['MEDICAL', 'INDUSTRIAL']",['INFO']
744,WIKIPEDIA,['MEDICAL'],['MEDICAL'],['MEDICAL'],['MEDICAL']
745,WIKIPEDIA,['MEDICAL'],['INFO'],['INFO'],['MEDICAL']
746,WIKIPEDIA,['MEDICAL'],['MEDICAL'],['MEDICAL'],['MEDICAL']
747,WIKIPEDIA,"['MEDICAL', 'INDUSTRIAL']",['MEDICAL'],"['MEDICAL', 'INDUSTRIAL']",['MEDICAL']
748,WIKIPEDIA,['MEDICAL'],['INFO'],['MEDICAL'],['MEDICAL']
749,WIKIPEDIA,['MEDICAL'],['MEDICAL'],['MEDICAL'],['MEDICAL']
750,PUBMED,['MEDICAL'],['INFO'],['MEDICAL'],['INFO']
751,WIKIPEDIA,['MEDICAL'],['MEDICAL'],['MEDICAL'],['INFO']
752,PUBMED,['MEDICAL'],['INFO'],['MEDICAL'],['INFO']
753,PUBMED,['MEDICAL'],['INFO'],['MEDICAL'],['INFO']
754,PUBMED,['MEDICAL'],['INDUSTRIAL'],"['MEDICAL', 'INDUSTRIAL']",['INFO']
755,PUBMED,['MEDICAL'],['MEDICAL'],['MEDICAL'],['INFO']
756,WIKIPEDIA,['MEDICAL'],['INFO'],['MEDICAL'],['INFO']
757,WIKIPEDIA,['MEDICAL'],['MEDICAL'],['MEDICAL'],['MEDICAL']
758,WIKIPEDIA,['MEDICAL'],['MEDICAL'],['MEDICAL'],['MEDICAL']
759,PUBMED,['INFO'],['INFO'],['INFO'],['INFO']
760,PUBMED,['MEDICAL'],['INFO'],['MEDICAL'],['INFO']
761,WIKIPEDIA,['MEDICAL'],['MEDICAL'],['MEDICAL'],['MEDICAL']
762,WIKIPEDIA,['MEDICAL'],['MEDICAL'],['INFO'],['INFO']
763,WIKIPEDIA,['MEDICAL'],['INFO'],['MEDICAL'],['MEDICAL']
764,PUBMED,['MEDICAL'],['MEDICAL'],['MEDICAL'],['INFO']
765,WIKIPEDIA,['MEDICAL'],['MEDICAL'],['MEDICAL'],['MEDICAL']
766,PUBMED,['MEDICAL'],['MEDICAL'],['MEDICAL'],['MEDICAL']
767,WIKIPEDIA,['MEDICAL'],['MEDICAL'],['MEDICAL'],['INFO']
768,WIKIPEDIA,['MEDICAL'],['MEDICAL'],['MEDICAL'],['INFO']
769,WIKIPEDIA,['MEDICAL'],['MEDICAL'],['MEDICAL'],['MEDICAL']
770,WIKIPEDIA,['MEDICAL'],['MEDICAL'],['MEDICAL'],['INFO']
771,WIKIPEDIA,['MEDICAL'],"['MEDICAL', 'INDUSTRIAL']",['MEDICAL'],['MEDICAL']
772,WIKIPEDIA,['MEDICAL'],['MEDICAL'],['MEDICAL'],['MEDICAL']
773,WIKIPEDIA,['MEDICAL'],['MEDICAL'],['MEDICAL'],['MEDICAL']
774,PUBMED,"['MEDICAL', 'INDUSTRIAL']",['INFO'],['INFO'],['INFO']
775,WIKIPEDIA,['MEDICAL'],['MEDICAL'],['INFO'],['INFO']
776,WIKIPEDIA,['MEDICAL'],['MEDICAL'],['MEDICAL'],['MEDICAL']
777,WIKIPEDIA,['INFO'],['INFO'],['INFO'],['INFO']
778,WIKIPEDIA,['MEDICAL'],['MEDICAL'],['MEDICAL'],['INFO']
779,PUBMED,['MEDICAL'],['MEDICAL'],['MEDICAL'],['INFO']
780,WIKIPEDIA,['MEDICAL'],['MEDICAL'],['MEDICAL'],['MEDICAL']
781,WIKIPEDIA,['MEDICAL'],['INDUSTRIAL'],['MEDICAL'],['MEDICAL']
782,WIKIPEDIA,['MEDICAL'],['MEDICAL'],['MEDICAL'],['INFO']
783,WIKIPEDIA,"['MEDICAL', 'INDUSTRIAL']",['MEDICAL'],['INFO'],['INFO']
784,WIKIPEDIA,['MEDICAL'],['MEDICAL'],['MEDICAL'],['MEDICAL']
785,WIKIPEDIA,['MEDICAL'],['MEDICAL'],['MEDICAL'],['MEDICAL']
786,WIKIPEDIA,['MEDICAL'],['MEDICAL'],['MEDICAL'],['INFO']
787,PUBMED,['INFO'],['INFO'],['INFO'],['INFO']
788,WIKIPEDIA,['MEDICAL'],['MEDICAL'],['INFO'],['INFO']
789,WIKIPEDIA,['MEDICAL'],['MEDICAL'],['MEDICAL'],['MEDICAL']
790,PUBMED,['INFO'],['INDUSTRIAL'],['INFO'],['INFO']
791,WIKIPEDIA,['MEDICAL'],['MEDICAL'],['MEDICAL'],['INFO']
792,WIKIPEDIA,['MEDICAL'],['MEDICAL'],['MEDICAL'],['MEDICAL']
793,WIKIPEDIA,['MEDICAL'],['MEDICAL'],['INFO'],['INFO']
794,WIKIPEDIA,['MEDICAL'],['MEDICAL'],['MEDICAL'],['INFO']
795,WIKIPEDIA,['MEDICAL'],['MEDICAL'],['MEDICAL'],['MEDICAL']
796,WIKIPEDIA,['MEDICAL'],['MEDICAL'],['MEDICAL'],['MEDICAL']
797,PUBMED,['INFO'],['INFO'],['INFO'],['INFO']
798,WIKIPEDIA,['MEDICAL'],['MEDICAL'],['MEDICAL'],['MEDICAL']
799,PUBMED,['MEDICAL'],['MEDICAL'],['MEDICAL'],['MEDICAL']
800,WIKIPEDIA,['MEDICAL'],['INFO'],['MEDICAL'],['MEDICAL']
801,WIKIPEDIA,['MEDICAL'],['INFO'],['INFO'],['INFO']
802,WIKIPEDIA,['MEDICAL'],['MEDICAL'],['MEDICAL'],['MEDICAL']
803,PUBMED,['MEDICAL'],['MEDICAL'],['MEDICAL'],['INFO']
804,WIKIPEDIA,['MEDICAL'],['MEDICAL'],['MEDICAL'],['MEDICAL']
805,WIKIPEDIA,['MEDICAL'],['MEDICAL'],['MEDICAL'],['MEDICAL']
806,PUBMED,['MEDICAL'],['MEDICAL'],['MEDICAL'],['INFO']
807,WIKIPEDIA,['MEDICAL'],['MEDICAL'],['MEDICAL'],['MEDICAL']
808,WIKIPEDIA,"['MEDICAL', 'INDUSTRIAL']",['INFO'],['INFO'],['INFO']
809,WIKIPEDIA,['MEDICAL'],['MEDICAL'],['MEDICAL'],['MEDICAL']
810,WIKIPEDIA,['MEDICAL'],['MEDICAL'],['MEDICAL'],['MEDICAL']
811,WIKIPEDIA,['MEDICAL'],['INFO'],['MEDICAL'],['INFO']
812,WIKIPEDIA,['INFO'],['MEDICAL'],['MEDICAL'],['MEDICAL']
813,WIKIPEDIA,['MEDICAL'],['MEDICAL'],['MEDICAL'],['MEDICAL']
814,WIKIPEDIA,['MEDICAL'],['MEDICAL'],['INFO'],['INFO']
815,WIKIPEDIA,['MEDICAL'],['MEDICAL'],['MEDICAL'],['INFO']
816,WIKIPEDIA,['MEDICAL'],['MEDICAL'],['MEDICAL'],['MEDICAL']
817,WIKIPEDIA,['MEDICAL'],['MEDICAL'],['MEDICAL'],['MEDICAL']
818,PUBMED,['MEDICAL'],['MEDICAL'],['MEDICAL'],['INFO']
819,PUBMED,['MEDICAL'],['MEDICAL'],['MEDICAL'],['MEDICAL']
820,,['INFO'],['INFO'],['INFO'],['INFO']
821,WIKIPEDIA,['MEDICAL'],['MEDICAL'],['MEDICAL'],['MEDICAL']
822,WIKIPEDIA,['MEDICAL'],['MEDICAL'],['MEDICAL'],['MEDICAL']
823,WIKIPEDIA,['MEDICAL'],['MEDICAL'],['MEDICAL'],['MEDICAL']
824,WIKIPEDIA,['MEDICAL'],['MEDICAL'],['MEDICAL'],['INFO']
825,PUBMED,['MEDICAL'],['INFO'],['MEDICAL'],['INFO']
826,WIKIPEDIA,['MEDICAL'],['INFO'],['MEDICAL'],['INFO']
827,PUBMED,['MEDICAL'],['MEDICAL'],['MEDICAL'],['INFO']
828,WIKIPEDIA,['MEDICAL'],['MEDICAL'],['MEDICAL'],['MEDICAL']
829,WIKIPEDIA,['MEDICAL'],['MEDICAL'],['INFO'],['INFO']
830,PUBMED,['MEDICAL'],['MEDICAL'],['MEDICAL'],['INFO']
831,WIKIPEDIA,['MEDICAL'],['MEDICAL'],['MEDICAL'],['INFO']
832,PUBMED,['MEDICAL'],['MEDICAL'],['MEDICAL'],['INFO']
833,WIKIPEDIA,['MEDICAL'],['MEDICAL'],['MEDICAL'],['MEDICAL']
834,WIKIPEDIA,['MEDICAL'],['MEDICAL'],['MEDICAL'],['MEDICAL']
835,PUBMED,['MEDICAL'],['MEDICAL'],['MEDICAL'],['INFO']
836,WIKIPEDIA,['MEDICAL'],['MEDICAL'],['MEDICAL'],['MEDICAL']
837,WIKIPEDIA,['MEDICAL'],['MEDICAL'],['MEDICAL'],['MEDICAL']
838,WIKIPEDIA,['MEDICAL'],['MEDICAL'],['MEDICAL'],['MEDICAL']
839,PUBMED,['MEDICAL'],['MEDICAL'],['MEDICAL'],['MEDICAL']
840,WIKIPEDIA,['MEDICAL'],['MEDICAL'],['INFO'],['INFO']
841,PUBMED,['MEDICAL'],['MEDICAL'],['MEDICAL'],['INFO']
842,WIKIPEDIA,['MEDICAL'],['MEDICAL'],['MEDICAL'],['MEDICAL']
843,PUBMED,['INDUSTRIAL'],['INFO'],['INFO'],['INFO']
844,WIKIPEDIA,['MEDICAL'],['MEDICAL'],['MEDICAL'],['MEDICAL']
845,WIKIPEDIA,['INFO'],['INFO'],['INFO'],['INFO']
846,WIKIPEDIA,['MEDICAL'],['MEDICAL'],['MEDICAL'],['INFO']
847,WIKIPEDIA,['MEDICAL'],['INFO'],['MEDICAL'],['INFO']
848,WIKIPEDIA,['MEDICAL'],['MEDICAL'],['MEDICAL'],['MEDICAL']
849,WIKIPEDIA,['MEDICAL'],['MEDICAL'],['MEDICAL'],['MEDICAL']
850,PUBMED,['MEDICAL'],['MEDICAL'],['MEDICAL'],['MEDICAL']
851,WIKIPEDIA,['MEDICAL'],['MEDICAL'],['MEDICAL'],['MEDICAL']
852,PUBMED,['MEDICAL'],['MEDICAL'],['MEDICAL'],['MEDICAL']
853,PUBMED,['MEDICAL'],['MEDICAL'],['MEDICAL'],['INFO']
854,WIKIPEDIA,['MEDICAL'],['MEDICAL'],['MEDICAL'],['MEDICAL']
855,PUBMED,['MEDICAL'],['MEDICAL'],['MEDICAL'],['MEDICAL']
856,WIKIPEDIA,['MEDICAL'],['MEDICAL'],['MEDICAL'],['MEDICAL']
857,WIKIPEDIA,['MEDICAL'],['MEDICAL'],['MEDICAL'],['MEDICAL']
858,WIKIPEDIA,['MEDICAL'],['MEDICAL'],['MEDICAL'],['MEDICAL']
859,WIKIPEDIA,['MEDICAL'],['MEDICAL'],['MEDICAL'],['MEDICAL']
860,WIKIPEDIA,['MEDICAL'],['INFO'],['MEDICAL'],['MEDICAL']
861,WIKIPEDIA,['INDUSTRIAL'],['MEDICAL'],['INFO'],['MEDICAL']
862,WIKIPEDIA,['MEDICAL'],['MEDICAL'],['MEDICAL'],['INFO']
863,PUBMED,['MEDICAL'],['MEDICAL'],['MEDICAL'],['MEDICAL']
864,PUBMED,['MEDICAL'],['MEDICAL'],['MEDICAL'],['INFO']
865,WIKIPEDIA,['MEDICAL'],['MEDICAL'],['MEDICAL'],['INFO']
866,WIKIPEDIA,"['INDUSTRIAL', 'MEDICAL']","['MEDICAL', 'INDUSTRIAL']",['INFO'],['INFO']
867,PUBMED,['MEDICAL'],['MEDICAL'],['MEDICAL'],['INFO']
868,WIKIPEDIA,['MEDICAL'],['MEDICAL'],"['MEDICAL', 'PERSONAL CARE']","['MEDICAL', 'PERSONAL CARE']"
869,WIKIPEDIA,['MEDICAL'],['MEDICAL'],"['MEDICAL', 'PERSONAL CARE']","['MEDICAL', 'PERSONAL CARE']"
870,PUBMED,['MEDICAL'],['MEDICAL'],['MEDICAL'],['MEDICAL']
871,PUBMED,['MEDICAL'],['MEDICAL'],['MEDICAL'],['INFO']
872,PUBMED,['MEDICAL'],['INFO'],['MEDICAL'],['MEDICAL']
873,PUBMED,['MEDICAL'],"['MEDICAL', 'INDUSTRIAL']",['MEDICAL'],['INFO']
874,WIKIPEDIA,['MEDICAL'],['MEDICAL'],['MEDICAL'],['MEDICAL']
875,WIKIPEDIA,['MEDICAL'],['INFO'],['MEDICAL'],['MEDICAL']
876,WIKIPEDIA,['MEDICAL'],['MEDICAL'],['MEDICAL'],['MEDICAL']
877,WIKIPEDIA,['MEDICAL'],['MEDICAL'],['MEDICAL'],['MEDICAL']
878,WIKIPEDIA,"['MEDICAL', 'INDUSTRIAL']",['INFO'],"['MEDICAL', 'INDUSTRIAL']",['INFO']
879,WIKIPEDIA,['MEDICAL'],['MEDICAL'],['MEDICAL'],['MEDICAL']
880,WIKIPEDIA,['MEDICAL'],['MEDICAL'],['MEDICAL'],['MEDICAL']
881,PUBMED,['MEDICAL'],['MEDICAL'],['MEDICAL'],['INFO']
882,WIKIPEDIA,['MEDICAL'],['MEDICAL'],['MEDICAL'],['MEDICAL']
883,WIKIPEDIA,['MEDICAL'],['MEDICAL'],['MEDICAL'],['MEDICAL']
884,WIKIPEDIA,['MEDICAL'],['MEDICAL'],['MEDICAL'],['MEDICAL']
885,WIKIPEDIA,['MEDICAL'],['MEDICAL'],['MEDICAL'],['MEDICAL']
886,WIKIPEDIA,['MEDICAL'],['MEDICAL'],['MEDICAL'],['MEDICAL']
887,WIKIPEDIA,['MEDICAL'],['MEDICAL'],['MEDICAL'],['MEDICAL']
888,WIKIPEDIA,['MEDICAL'],['MEDICAL'],['MEDICAL'],['MEDICAL']
889,WIKIPEDIA,['MEDICAL'],['MEDICAL'],['MEDICAL'],['MEDICAL']
890,WIKIPEDIA,['MEDICAL'],['MEDICAL'],['MEDICAL'],['MEDICAL']
891,WIKIPEDIA,['MEDICAL'],['MEDICAL'],['MEDICAL'],['MEDICAL']
892,WIKIPEDIA,['MEDICAL'],['MEDICAL'],['MEDICAL'],['INFO']
893,WIKIPEDIA,['MEDICAL'],['MEDICAL'],['MEDICAL'],['INFO']
894,WIKIPEDIA,['MEDICAL'],['MEDICAL'],['MEDICAL'],['MEDICAL']
895,WIKIPEDIA,['MEDICAL'],['MEDICAL'],['MEDICAL'],['INFO']
896,WIKIPEDIA,['MEDICAL'],['MEDICAL'],['MEDICAL'],['MEDICAL']
897,WIKIPEDIA,['MEDICAL'],['MEDICAL'],['MEDICAL'],['MEDICAL']
898,WIKIPEDIA,['MEDICAL'],['MEDICAL'],['MEDICAL'],['INFO']
899,WIKIPEDIA,['MEDICAL'],['MEDICAL'],['MEDICAL'],['MEDICAL']
900,WIKIPEDIA,['PERSONAL CARE'],['INFO'],['PERSONAL CARE'],['INFO']
901,WIKIPEDIA,['MEDICAL'],['MEDICAL'],['MEDICAL'],['MEDICAL']
902,WIKIPEDIA,['MEDICAL'],['MEDICAL'],['INFO'],['INFO']
903,PUBMED,['MEDICAL'],['MEDICAL'],['MEDICAL'],['MEDICAL']
904,WIKIPEDIA,['MEDICAL'],['INFO'],['MEDICAL'],['MEDICAL']
905,WIKIPEDIA,['MEDICAL'],"['MEDICAL', 'INDUSTRIAL']",['MEDICAL'],['MEDICAL']
906,WIKIPEDIA,['MEDICAL'],['INFO'],['MEDICAL'],['INFO']
907,WIKIPEDIA,['MEDICAL'],['MEDICAL'],['MEDICAL'],['MEDICAL']
908,WIKIPEDIA,['MEDICAL'],['INFO'],['MEDICAL'],['INFO']
909,WIKIPEDIA,['MEDICAL'],['MEDICAL'],['MEDICAL'],['MEDICAL']
910,WIKIPEDIA,['MEDICAL'],['MEDICAL'],['MEDICAL'],['MEDICAL']
911,WIKIPEDIA,['MEDICAL'],['MEDICAL'],['INFO'],['INFO']
912,WIKIPEDIA,['INFO'],['INFO'],['INFO'],['INFO']
913,WIKIPEDIA,['MEDICAL'],['MEDICAL'],['MEDICAL'],['MEDICAL']
914,WIKIPEDIA,['MEDICAL'],['MEDICAL'],['MEDICAL'],['MEDICAL']
915,WIKIPEDIA,['MEDICAL'],['MEDICAL'],['MEDICAL'],['MEDICAL']
916,WIKIPEDIA,['MEDICAL'],['MEDICAL'],['MEDICAL'],['MEDICAL']
917,WIKIPEDIA,['MEDICAL'],['MEDICAL'],['MEDICAL'],['MEDICAL']
918,WIKIPEDIA,['MEDICAL'],['MEDICAL'],['MEDICAL'],['MEDICAL']
919,WIKIPEDIA,['MEDICAL'],['MEDICAL'],['MEDICAL'],['MEDICAL']
920,WIKIPEDIA,['MEDICAL'],['MEDICAL'],['MEDICAL'],['MEDICAL']
921,WIKIPEDIA,['MEDICAL'],['INFO'],['MEDICAL'],['INFO']
922,PUBMED,['MEDICAL'],['INFO'],"['MEDICAL', 'INDUSTRIAL']",['INFO']
923,WIKIPEDIA,['MEDICAL'],['MEDICAL'],['MEDICAL'],['MEDICAL']
924,WIKIPEDIA,['MEDICAL'],['MEDICAL'],['MEDICAL'],['MEDICAL']
925,WIKIPEDIA,['MEDICAL'],['MEDICAL'],['MEDICAL'],['MEDICAL']
926,WIKIPEDIA,['MEDICAL'],['MEDICAL'],['MEDICAL'],['INFO']
927,PUBMED,['MEDICAL'],['MEDICAL'],['MEDICAL'],['INFO']
928,WIKIPEDIA,['MEDICAL'],['MEDICAL'],['MEDICAL'],['MEDICAL']
929,WIKIPEDIA,['MEDICAL'],['INFO'],['MEDICAL'],['MEDICAL']
930,WIKIPEDIA,['MEDICAL'],['MEDICAL'],['MEDICAL'],['MEDICAL']
931,WIKIPEDIA,['MEDICAL'],['MEDICAL'],['MEDICAL'],['MEDICAL']
932,WIKIPEDIA,['MEDICAL'],['MEDICAL'],['MEDICAL'],['MEDICAL']
933,PUBMED,['MEDICAL'],['MEDICAL'],['MEDICAL'],['INFO']
934,WIKIPEDIA,['INDUSTRIAL'],['MEDICAL'],['INDUSTRIAL'],['INFO']
935,WIKIPEDIA,['MEDICAL'],['INDUSTRIAL'],['MEDICAL'],"['MEDICAL', 'INDUSTRIAL']"
936,WIKIPEDIA,['MEDICAL'],['MEDICAL'],['MEDICAL'],['MEDICAL']
937,WIKIPEDIA,['MEDICAL'],['INFO'],['MEDICAL'],['INFO']
938,WIKIPEDIA,['MEDICAL'],['INFO'],['MEDICAL'],['MEDICAL']
939,WIKIPEDIA,['MEDICAL'],['MEDICAL'],['MEDICAL'],['MEDICAL']
940,PUBMED,['MEDICAL'],['MEDICAL'],['MEDICAL'],['INFO']
941,WIKIPEDIA,['MEDICAL'],['MEDICAL'],['MEDICAL'],['INFO']
942,PUBMED,['MEDICAL'],['MEDICAL'],['MEDICAL'],['INFO']
943,WIKIPEDIA,['MEDICAL'],['MEDICAL'],['MEDICAL'],['MEDICAL']
944,WIKIPEDIA,['MEDICAL'],['INFO'],['MEDICAL'],['MEDICAL']
945,WIKIPEDIA,['MEDICAL'],['MEDICAL'],['MEDICAL'],['MEDICAL']
946,WIKIPEDIA,['MEDICAL'],['MEDICAL'],['MEDICAL'],['MEDICAL']
947,WIKIPEDIA,['MEDICAL'],['MEDICAL'],['MEDICAL'],['MEDICAL']
948,WIKIPEDIA,['MEDICAL'],['MEDICAL'],['MEDICAL'],['MEDICAL']
949,WIKIPEDIA,['MEDICAL'],['MEDICAL'],['INFO'],['INFO']
950,WIKIPEDIA,['MEDICAL'],['MEDICAL'],['MEDICAL'],['MEDICAL']
951,PUBMED,['MEDICAL'],['MEDICAL'],['MEDICAL'],['INFO']
952,WIKIPEDIA,['MEDICAL'],"['MEDICAL', 'INDUSTRIAL']",['INFO'],['INFO']
953,PUBMED,['MEDICAL'],['MEDICAL'],['MEDICAL'],['MEDICAL']
954,WIKIPEDIA,['MEDICAL'],['MEDICAL'],['MEDICAL'],['MEDICAL']
955,PUBMED,['MEDICAL'],['MEDICAL'],['MEDICAL'],['INFO']
956,WIKIPEDIA,['MEDICAL'],['MEDICAL'],['MEDICAL'],['MEDICAL']
957,PUBMED,['MEDICAL'],['INFO'],['MEDICAL'],['INFO']
958,PUBMED,['MEDICAL'],['MEDICAL'],['MEDICAL'],['INFO']
959,WIKIPEDIA,['MEDICAL'],['MEDICAL'],['MEDICAL'],['MEDICAL']
960,WIKIPEDIA,['MEDICAL'],['MEDICAL'],['MEDICAL'],['INFO']
961,WIKIPEDIA,['MEDICAL'],['MEDICAL'],['MEDICAL'],['MEDICAL']
962,WIKIPEDIA,['MEDICAL'],['INFO'],['MEDICAL'],['INFO']
963,WIKIPEDIA,['MEDICAL'],['MEDICAL'],['MEDICAL'],['MEDICAL']
964,WIKIPEDIA,['MEDICAL'],['MEDICAL'],['MEDICAL'],['MEDICAL']
965,WIKIPEDIA,['MEDICAL'],['MEDICAL'],['INFO'],['INFO']
966,WIKIPEDIA,['MEDICAL'],['MEDICAL'],['MEDICAL'],['MEDICAL']
967,WIKIPEDIA,['MEDICAL'],['MEDICAL'],['MEDICAL'],['MEDICAL']
968,PUBMED,['MEDICAL'],['MEDICAL'],['MEDICAL'],['INFO']
969,PUBMED,['MEDICAL'],['INFO'],['MEDICAL'],['INFO']
970,WIKIPEDIA,"['INFO', 'MEDICAL']",['INFO'],"['MEDICAL', 'PERSONAL CARE']",['INFO']
971,WIKIPEDIA,"['MEDICAL', 'INFO']",['MEDICAL'],"['MEDICAL', 'INDUSTRIAL']",['INFO']
972,WIKIPEDIA,['MEDICAL'],['MEDICAL'],['MEDICAL'],['MEDICAL']
973,PUBMED,['MEDICAL'],['MEDICAL'],['MEDICAL'],['INFO']
974,WIKIPEDIA,"['MEDICAL', 'INDUSTRIAL']",['MEDICAL'],['INFO'],['INFO']
975,PUBMED,['MEDICAL'],['MEDICAL'],['MEDICAL'],['INFO']
976,WIKIPEDIA,['MEDICAL'],['MEDICAL'],['MEDICAL'],['MEDICAL']
977,WIKIPEDIA,['MEDICAL'],['MEDICAL'],['MEDICAL'],['INFO']
978,WIKIPEDIA,['MEDICAL'],['MEDICAL'],['MEDICAL'],['MEDICAL']
979,PUBMED,['MEDICAL'],['INFO'],['MEDICAL'],['INFO']
980,WIKIPEDIA,['MEDICAL'],['MEDICAL'],['MEDICAL'],['INFO']
981,PUBMED,['MEDICAL'],['INFO'],['MEDICAL'],['INFO']
982,WIKIPEDIA,['MEDICAL'],['MEDICAL'],['MEDICAL'],['MEDICAL']
983,PUBMED,['MEDICAL'],['INFO'],['MEDICAL'],['INFO']
984,WIKIPEDIA,['MEDICAL'],['MEDICAL'],['MEDICAL'],['MEDICAL']
985,WIKIPEDIA,['MEDICAL'],['MEDICAL'],['MEDICAL'],['MEDICAL']
986,WIKIPEDIA,['MEDICAL'],['INFO'],['MEDICAL'],['MEDICAL']
987,WIKIPEDIA,['MEDICAL'],['MEDICAL'],['MEDICAL'],['MEDICAL']
988,WIKIPEDIA,['INFO'],['MEDICAL'],['INFO'],['INFO']
989,WIKIPEDIA,['MEDICAL'],['MEDICAL'],['MEDICAL'],['MEDICAL']
990,WIKIPEDIA,['MEDICAL'],['MEDICAL'],['MEDICAL'],['INFO']
991,WIKIPEDIA,['MEDICAL'],['MEDICAL'],['MEDICAL'],['MEDICAL']
992,PUBMED,['MEDICAL'],['MEDICAL'],['MEDICAL'],['MEDICAL']
993,WIKIPEDIA,['MEDICAL'],['MEDICAL'],['MEDICAL'],['MEDICAL']
994,WIKIPEDIA,['MEDICAL'],['MEDICAL'],['MEDICAL'],['INFO']
995,WIKIPEDIA,['MEDICAL'],['MEDICAL'],['INFO'],['INFO']
996,WIKIPEDIA,['MEDICAL'],['MEDICAL'],['MEDICAL'],['INFO']
997,WIKIPEDIA,['MEDICAL'],['MEDICAL'],['MEDICAL'],['INFO']
998,WIKIPEDIA,['MEDICAL'],['MEDICAL'],['MEDICAL'],['INFO']
999,WIKIPEDIA,['MEDICAL'],['MEDICAL'],['MEDICAL'],['MEDICAL']
1000,WIKIPEDIA,['MEDICAL'],['MEDICAL'],['MEDICAL'],['MEDICAL']
1001,WIKIPEDIA,['MEDICAL'],['MEDICAL'],['MEDICAL'],['MEDICAL']
1002,PUBMED,['MEDICAL'],['INFO'],['MEDICAL'],['INFO']
1003,WIKIPEDIA,"['MEDICAL', 'FOOD']",['MEDICAL'],"['MEDICAL', 'PERSONAL CARE']",['MEDICAL']
1004,WIKIPEDIA,['MEDICAL'],['MEDICAL'],['INFO'],['INFO']
1005,PUBMED,['MEDICAL'],['INFO'],['MEDICAL'],['INFO']
1006,PUBMED,['MEDICAL'],['MEDICAL'],['MEDICAL'],['INFO']
1007,WIKIPEDIA,['MEDICAL'],['MEDICAL'],['MEDICAL'],['INFO']
1008,WIKIPEDIA,"['MEDICAL', 'INDUSTRIAL']",['INFO'],['INDUSTRIAL'],['INFO']
1009,WIKIPEDIA,['MEDICAL'],['MEDICAL'],['MEDICAL'],['INFO']
1010,WIKIPEDIA,['MEDICAL'],['MEDICAL'],['MEDICAL'],['MEDICAL']
1011,PUBMED,['MEDICAL'],['MEDICAL'],['MEDICAL'],['INFO']
1012,WIKIPEDIA,['MEDICAL'],['MEDICAL'],['INFO'],['INFO']
1013,PUBMED,['MEDICAL'],['MEDICAL'],['MEDICAL'],['INFO']
1014,WIKIPEDIA,['MEDICAL'],['MEDICAL'],['MEDICAL'],['MEDICAL']
1015,WIKIPEDIA,['MEDICAL'],['MEDICAL'],['INFO'],['INFO']
1016,PUBMED,['MEDICAL'],['MEDICAL'],['MEDICAL'],['INFO']
1017,WIKIPEDIA,['MEDICAL'],['MEDICAL'],['MEDICAL'],['INFO']
1018,WIKIPEDIA,['MEDICAL'],['MEDICAL'],['MEDICAL'],['MEDICAL']
1019,WIKIPEDIA,['MEDICAL'],['MEDICAL'],['MEDICAL'],['MEDICAL']
1020,WIKIPEDIA,['MEDICAL'],['INFO'],['MEDICAL'],['MEDICAL']
1021,PUBMED,['MEDICAL'],['MEDICAL'],['MEDICAL'],['INFO']
1022,WIKIPEDIA,['INFO'],['INFO'],['INFO'],['MEDICAL']
1023,PUBMED,['MEDICAL'],['MEDICAL'],['MEDICAL'],['MEDICAL']
1024,WIKIPEDIA,['MEDICAL'],['MEDICAL'],['MEDICAL'],['MEDICAL']
1025,WIKIPEDIA,['MEDICAL'],['MEDICAL'],['MEDICAL'],['INFO']
1026,WIKIPEDIA,['MEDICAL'],['MEDICAL'],['MEDICAL'],['MEDICAL']
1027,WIKIPEDIA,['MEDICAL'],['MEDICAL'],['MEDICAL'],['MEDICAL']
1028,PUBMED,['MEDICAL'],['INFO'],['MEDICAL'],['MEDICAL']
1029,WIKIPEDIA,['MEDICAL'],['MEDICAL'],['MEDICAL'],['MEDICAL']
1030,WIKIPEDIA,['MEDICAL'],['MEDICAL'],['MEDICAL'],['MEDICAL']
1031,WIKIPEDIA,['MEDICAL'],['MEDICAL'],['MEDICAL'],['MEDICAL']
1032,PUBMED,['MEDICAL'],['INFO'],['MEDICAL'],['INFO']
1033,PUBMED,['MEDICAL'],['INFO'],['MEDICAL'],['INFO']
1034,WIKIPEDIA,['MEDICAL'],['MEDICAL'],['MEDICAL'],['INFO']
1035,WIKIPEDIA,['MEDICAL'],['INFO'],['MEDICAL'],['INFO']
1036,WIKIPEDIA,['MEDICAL'],['MEDICAL'],['INFO'],['INFO']
1037,WIKIPEDIA,['MEDICAL'],['MEDICAL'],['MEDICAL'],['MEDICAL']
1038,PUBMED,['INDUSTRIAL'],['INFO'],['INFO'],['INFO']
1039,WIKIPEDIA,['MEDICAL'],['MEDICAL'],['INFO'],['INFO']
1040,WIKIPEDIA,['MEDICAL'],['MEDICAL'],['INFO'],['INFO']
1041,WIKIPEDIA,['MEDICAL'],['MEDICAL'],['MEDICAL'],['MEDICAL']
1042,WIKIPEDIA,['MEDICAL'],['MEDICAL'],['MEDICAL'],['MEDICAL']
1043,WIKIPEDIA,['MEDICAL'],['MEDICAL'],['MEDICAL'],['MEDICAL']
1044,WIKIPEDIA,['MEDICAL'],['MEDICAL'],['MEDICAL'],['MEDICAL']
1045,PUBMED,['MEDICAL'],['MEDICAL'],['MEDICAL'],['MEDICAL']
1046,WIKIPEDIA,['MEDICAL'],['MEDICAL'],['MEDICAL'],['MEDICAL']
1047,WIKIPEDIA,['MEDICAL'],['MEDICAL'],['MEDICAL'],['INFO']
1048,WIKIPEDIA,['MEDICAL'],['MEDICAL'],['MEDICAL'],['INFO']
1049,WIKIPEDIA,['MEDICAL'],['MEDICAL'],['MEDICAL'],['MEDICAL']
1050,PUBMED,['MEDICAL'],['INDUSTRIAL'],['INFO'],['INFO']
1051,PUBMED,['MEDICAL'],['INFO'],['MEDICAL'],['INFO']
1052,WIKIPEDIA,['MEDICAL'],['MEDICAL'],['MEDICAL'],['MEDICAL']
1053,WIKIPEDIA,['MEDICAL'],['MEDICAL'],['MEDICAL'],['MEDICAL']
1054,WIKIPEDIA,['MEDICAL'],['MEDICAL'],['MEDICAL'],['INFO']
1055,WIKIPEDIA,['MEDICAL'],['MEDICAL'],['MEDICAL'],['MEDICAL']
1056,PUBMED,['MEDICAL'],['MEDICAL'],['MEDICAL'],['INFO']
1057,WIKIPEDIA,['MEDICAL'],['MEDICAL'],['MEDICAL'],['MEDICAL']
1058,WIKIPEDIA,['MEDICAL'],['MEDICAL'],['MEDICAL'],['INFO']
1059,WIKIPEDIA,['INDUSTRIAL'],['INFO'],['INDUSTRIAL'],['INFO']
1060,PUBMED,['MEDICAL'],['MEDICAL'],['MEDICAL'],['MEDICAL']
1061,WIKIPEDIA,['MEDICAL'],['MEDICAL'],['MEDICAL'],['MEDICAL']
1062,WIKIPEDIA,['MEDICAL'],['MEDICAL'],['MEDICAL'],['MEDICAL']
1063,WIKIPEDIA,['MEDICAL'],['MEDICAL'],['MEDICAL'],['MEDICAL']
1064,PUBMED,"['MEDICAL', 'FOOD']","['MEDICAL', 'FOOD']",['FOOD'],['INFO']
1065,PUBMED,"['MEDICAL', 'FOOD']","['MEDICAL', 'FOOD']",['FOOD'],['INFO']
1066,WIKIPEDIA,['MEDICAL'],['MEDICAL'],['MEDICAL'],['INFO']
1067,WIKIPEDIA,['MEDICAL'],['MEDICAL'],['MEDICAL'],['MEDICAL']
1068,WIKIPEDIA,['MEDICAL'],['INFO'],['INFO'],['INFO']
1069,WIKIPEDIA,['MEDICAL'],['MEDICAL'],['INFO'],['INFO']
1070,PUBMED,['MEDICAL'],['MEDICAL'],"['MEDICAL', 'INDUSTRIAL']",['INFO']
1071,WIKIPEDIA,['MEDICAL'],['MEDICAL'],['MEDICAL'],['MEDICAL']
1072,PUBMED,['MEDICAL'],['INFO'],"['MEDICAL', 'INDUSTRIAL']",['INFO']
1073,PUBMED,['MEDICAL'],['INFO'],['MEDICAL'],['INFO']
1074,WIKIPEDIA,['MEDICAL'],['MEDICAL'],['MEDICAL'],['MEDICAL']
1075,WIKIPEDIA,['MEDICAL'],['MEDICAL'],['MEDICAL'],['MEDICAL']
1076,WIKIPEDIA,['MEDICAL'],['INFO'],['MEDICAL'],['INFO']
1077,PUBMED,['MEDICAL'],['INFO'],['MEDICAL'],['INFO']
1078,WIKIPEDIA,['MEDICAL'],['MEDICAL'],['MEDICAL'],['MEDICAL']
1079,WIKIPEDIA,['MEDICAL'],['MEDICAL'],['MEDICAL'],['INFO']
1080,PUBMED,['MEDICAL'],['INFO'],['MEDICAL'],['INFO']
1081,WIKIPEDIA,"['MEDICAL', 'INDUSTRIAL']",['MEDICAL'],['INFO'],['INFO']
1082,WIKIPEDIA,['MEDICAL'],['INFO'],['MEDICAL'],['MEDICAL']
1083,PUBMED,['MEDICAL'],['MEDICAL'],['MEDICAL'],['INFO']
1084,WIKIPEDIA,"['INDUSTRIAL', 'INFO']",['INFO'],['INFO'],['INFO']
1085,WIKIPEDIA,['MEDICAL'],['MEDICAL'],['MEDICAL'],['MEDICAL']
1086,WIKIPEDIA,['MEDICAL'],['INFO'],['MEDICAL'],['MEDICAL']
1087,WIKIPEDIA,['MEDICAL'],['INFO'],['MEDICAL'],['MEDICAL']
1088,PUBMED,['MEDICAL'],['MEDICAL'],['MEDICAL'],['INFO']
1089,WIKIPEDIA,['MEDICAL'],['MEDICAL'],['MEDICAL'],['MEDICAL']
1090,WIKIPEDIA,"['MEDICAL', 'PERSONAL CARE']","['MEDICAL', 'PERSONAL CARE']","['MEDICAL', 'PERSONAL CARE']","['MEDICAL', 'PERSONAL CARE']"
1091,PUBMED,['MEDICAL'],['MEDICAL'],['MEDICAL'],['MEDICAL']
1092,WIKIPEDIA,['MEDICAL'],['MEDICAL'],['MEDICAL'],['MEDICAL']
1093,WIKIPEDIA,['MEDICAL'],['MEDICAL'],['MEDICAL'],['MEDICAL']
1094,WIKIPEDIA,['MEDICAL'],['MEDICAL'],['MEDICAL'],['MEDICAL']
1095,WIKIPEDIA,['MEDICAL'],['MEDICAL'],['MEDICAL'],['MEDICAL']
1096,WIKIPEDIA,['MEDICAL'],['MEDICAL'],['MEDICAL'],['INFO']
1097,WIKIPEDIA,['MEDICAL'],['MEDICAL'],['INFO'],['INFO']
1098,WIKIPEDIA,['MEDICAL'],['INFO'],['MEDICAL'],['MEDICAL']
1099,WIKIPEDIA,['INFO'],['INFO'],['INFO'],['INFO']
1100,WIKIPEDIA,"['ENDOGENOUS', 'FOOD', 'MEDICAL']","['ENDOGENOUS', 'FOOD']","['ENDOGENOUS', 'FOOD', 'PERSONAL CARE', 'INDUSTRIAL']","['ENDOGENOUS', 'FOOD']"
1101,PUBMED,['INFO'],"['FOOD', 'INDUSTRIAL']","['MEDICAL', 'FOOD', 'PERSONAL CARE']",['PERSONAL CARE']
1102,PUBMED,['MEDICAL'],['INFO'],['MEDICAL'],['INFO']
1103,WIKIPEDIA,['MEDICAL'],['MEDICAL'],['MEDICAL'],['MEDICAL']
1104,WIKIPEDIA,['MEDICAL'],['MEDICAL'],['MEDICAL'],['MEDICAL']
1105,WIKIPEDIA,"['ENDOGENOUS', 'MEDICAL']","['MEDICAL', 'ENDOGENOUS']","['ENDOGENOUS', 'MEDICAL']","['ENDOGENOUS', 'MEDICAL']"
1106,PUBMED,['INFO'],['INFO'],['INFO'],['INDUSTRIAL']
1107,PUBMED,['MEDICAL'],['MEDICAL'],['MEDICAL'],['MEDICAL']
1108,WIKIPEDIA,['MEDICAL'],['INFO'],['MEDICAL'],"['ENDOGENOUS', 'MEDICAL']"
1109,WIKIPEDIA,['MEDICAL'],['MEDICAL'],"['MEDICAL', 'INDUSTRIAL']",['INFO']
1110,WIKIPEDIA,['MEDICAL'],['MEDICAL'],['MEDICAL'],['MEDICAL']
1111,WIKIPEDIA,['MEDICAL'],['MEDICAL'],['MEDICAL'],['INFO']
1112,WIKIPEDIA,['MEDICAL'],['MEDICAL'],['MEDICAL'],['MEDICAL']
1113,PUBMED,['MEDICAL'],['MEDICAL'],['MEDICAL'],['INFO']
1114,WIKIPEDIA,"['ENDOGENOUS', 'MEDICAL']",['ENDOGENOUS'],"['ENDOGENOUS', 'MEDICAL']","['ENDOGENOUS', 'INDUSTRIAL']"
1115,WIKIPEDIA,['INDUSTRIAL'],['INFO'],['INDUSTRIAL'],['INFO']
1116,WIKIPEDIA,['ENDOGENOUS'],['ENDOGENOUS'],['INFO'],['ENDOGENOUS']
1117,WIKIPEDIA,"['MEDICAL', 'ENDOGENOUS', 'FOOD']",['ENDOGENOUS'],"['ENDOGENOUS', 'FOOD', 'MEDICAL', 'PERSONAL CARE']",['INFO']
1118,WIKIPEDIA,"['PERSONAL CARE', 'MEDICAL']","['PERSONAL CARE', 'INDUSTRIAL']",['PERSONAL CARE'],"['PERSONAL CARE', 'MEDICAL', 'INDUSTRIAL']"
1119,PUBMED,['MEDICAL'],['MEDICAL'],['MEDICAL'],['MEDICAL']
1120,WIKIPEDIA,"['MEDICAL', 'FOOD']","['MEDICAL', 'FOOD']","['MEDICAL', 'FOOD']","['MEDICAL', 'PERSONAL CARE']"
1121,WIKIPEDIA,['MEDICAL'],['MEDICAL'],['MEDICAL'],['MEDICAL']
1122,WIKIPEDIA,['MEDICAL'],['MEDICAL'],['MEDICAL'],['MEDICAL']
1123,WIKIPEDIA,['INFO'],"['PERSONAL CARE', 'INDUSTRIAL']",['INFO'],"['MEDICAL', 'PERSONAL CARE']"
1124,PUBMED,['MEDICAL'],['INFO'],['MEDICAL'],['INFO']
1125,WIKIPEDIA,['INFO'],"['ENDOGENOUS', 'FOOD']",['INFO'],['INFO']
1126,WIKIPEDIA,"['FOOD', 'ENDOGENOUS']",['FOOD'],['FOOD'],['FOOD']
1127,WIKIPEDIA,['MEDICAL'],['MEDICAL'],['MEDICAL'],['INFO']
1128,PUBMED,['INFO'],['INFO'],['INFO'],['INFO']
1129,WIKIPEDIA,['MEDICAL'],['MEDICAL'],['MEDICAL'],['INFO']
1130,WIKIPEDIA,['MEDICAL'],['INFO'],['MEDICAL'],['MEDICAL']
1131,WIKIPEDIA,['MEDICAL'],['MEDICAL'],['MEDICAL'],['MEDICAL']
1132,WIKIPEDIA,['MEDICAL'],['MEDICAL'],['MEDICAL'],['INFO']
1133,WIKIPEDIA,['MEDICAL'],['INFO'],['MEDICAL'],['INFO']
1134,WIKIPEDIA,['MEDICAL'],['MEDICAL'],['MEDICAL'],['MEDICAL']
1135,PUBMED,['MEDICAL'],['MEDICAL'],['MEDICAL'],['INFO']
1136,WIKIPEDIA,['MEDICAL'],['MEDICAL'],['MEDICAL'],['MEDICAL']
1137,WIKIPEDIA,['FOOD'],['FOOD'],['FOOD'],['FOOD']
1138,WIKIPEDIA,"['ENDOGENOUS', 'MEDICAL']",['INFO'],['ENDOGENOUS'],"['ENDOGENOUS', 'PERSONAL CARE']"
1139,WIKIPEDIA,['MEDICAL'],['MEDICAL'],['MEDICAL'],['MEDICAL']
1140,PUBMED,['MEDICAL'],"['MEDICAL', 'INDUSTRIAL']",['MEDICAL'],['INFO']
1141,WIKIPEDIA,"['MEDICAL', 'FOOD', 'INFO']",['INFO'],"['FOOD', 'MEDICAL']",['INFO']
1142,WIKIPEDIA,"['MEDICAL', 'INDUSTRIAL']","['MEDICAL', 'INDUSTRIAL']",['INDUSTRIAL'],['INDUSTRIAL']
1143,WIKIPEDIA,['MEDICAL'],['INFO'],['INFO'],['INFO']
1144,WIKIPEDIA,['MEDICAL'],['MEDICAL'],['INFO'],['INFO']
1145,WIKIPEDIA,['MEDICAL'],['MEDICAL'],['MEDICAL'],['MEDICAL']
1146,WIKIPEDIA,"['MEDICAL', 'FOOD', 'INDUSTRIAL', 'PERSONAL CARE']","['MEDICAL', 'PERSONAL CARE']","['MEDICAL', 'FOOD', 'PERSONAL CARE', 'INDUSTRIAL']","['MEDICAL', 'ENDOGENOUS', 'FOOD']"
1147,WIKIPEDIA,"['FOOD', 'PERSONAL CARE', 'MEDICAL']","['PERSONAL CARE', 'FOOD', 'INDUSTRIAL']","['FOOD', 'PERSONAL CARE']","['PERSONAL CARE', 'FOOD']"
1148,WIKIPEDIA,['INDUSTRIAL'],"['MEDICAL', 'INDUSTRIAL']",['INDUSTRIAL'],"['MEDICAL', 'PERSONAL CARE']"
1149,PUBMED,['MEDICAL'],['MEDICAL'],['MEDICAL'],['MEDICAL']
1150,WIKIPEDIA,['MEDICAL'],['MEDICAL'],['MEDICAL'],['INFO']
1151,WIKIPEDIA,['INDUSTRIAL'],['INFO'],['INFO'],['INFO']
1152,WIKIPEDIA,['MEDICAL'],['INFO'],['INFO'],['MEDICAL']
1153,WIKIPEDIA,['MEDICAL'],['MEDICAL'],['MEDICAL'],['MEDICAL']
1154,WIKIPEDIA,['MEDICAL'],['MEDICAL'],['MEDICAL'],['MEDICAL']
1155,WIKIPEDIA,['MEDICAL'],['INFO'],['MEDICAL'],['MEDICAL']
1156,WIKIPEDIA,"['FOOD', 'MEDICAL']","['FOOD', 'INDUSTRIAL']","['MEDICAL', 'FOOD', 'PERSONAL CARE']",['INFO']
1157,WIKIPEDIA,['MEDICAL'],['MEDICAL'],['MEDICAL'],['MEDICAL']
1158,WIKIPEDIA,"['FOOD', 'INDUSTRIAL', 'PERSONAL CARE']","['FOOD', 'INDUSTRIAL']","['FOOD', 'INDUSTRIAL', 'PERSONAL CARE']","['FOOD', 'PERSONAL CARE', 'INDUSTRIAL']"
1159,WIKIPEDIA,['MEDICAL'],['MEDICAL'],['MEDICAL'],['INFO']
1160,WIKIPEDIA,['MEDICAL'],['INFO'],['MEDICAL'],['INFO']
1161,WIKIPEDIA,['MEDICAL'],['MEDICAL'],['MEDICAL'],['MEDICAL']
1162,WIKIPEDIA,['MEDICAL'],['MEDICAL'],['MEDICAL'],['MEDICAL']
1163,WIKIPEDIA,"['ENDOGENOUS', 'FOOD', 'MEDICAL']","['ENDOGENOUS', 'FOOD']","['ENDOGENOUS', 'FOOD']","['ENDOGENOUS', 'FOOD']"
1164,WIKIPEDIA,['MEDICAL'],['MEDICAL'],['MEDICAL'],['MEDICAL']
1165,PUBMED,['MEDICAL'],['MEDICAL'],['MEDICAL'],['MEDICAL']
1166,WIKIPEDIA,['MEDICAL'],['MEDICAL'],['MEDICAL'],['INFO']
1167,PUBMED,['INFO'],['INFO'],['INFO'],['INFO']
1168,WIKIPEDIA,"['ENDOGENOUS', 'MEDICAL']",['ENDOGENOUS'],"['MEDICAL', 'ENDOGENOUS']",['INFO']
1169,PUBMED,"['MEDICAL', 'ENDOGENOUS']",['ENDOGENOUS'],"['MEDICAL', 'ENDOGENOUS']",['INFO']
1170,WIKIPEDIA,"['ENDOGENOUS', 'MEDICAL']",['ENDOGENOUS'],"['ENDOGENOUS', 'MEDICAL']","['ENDOGENOUS', 'MEDICAL']"
1171,WIKIPEDIA,"['MEDICAL', 'ENDOGENOUS']","['ENDOGENOUS', 'MEDICAL']","['MEDICAL', 'ENDOGENOUS']","['MEDICAL', 'ENDOGENOUS']"
1172,WIKIPEDIA,['MEDICAL'],['MEDICAL'],['INFO'],['INFO']
1173,WIKIPEDIA,['MEDICAL'],['MEDICAL'],['MEDICAL'],['MEDICAL']
1174,WIKIPEDIA,['MEDICAL'],['MEDICAL'],['MEDICAL'],['MEDICAL']
1175,WIKIPEDIA,"['PERSONAL CARE', 'INDUSTRIAL', 'MEDICAL']",['PERSONAL CARE'],"['PERSONAL CARE', 'MEDICAL', 'INDUSTRIAL']","['PERSONAL CARE', 'INDUSTRIAL']"
1176,PUBMED,['MEDICAL'],['INFO'],['MEDICAL'],['INFO']
1177,WIKIPEDIA,['MEDICAL'],['MEDICAL'],['MEDICAL'],['MEDICAL']
1178,WIKIPEDIA,"['FOOD', 'ENDOGENOUS']","['ENDOGENOUS', 'FOOD']","['ENDOGENOUS', 'FOOD', 'INDUSTRIAL']","['FOOD', 'ENDOGENOUS', 'PERSONAL CARE']"
1179,WIKIPEDIA,"['FOOD', 'ENDOGENOUS']","['ENDOGENOUS', 'FOOD']","['ENDOGENOUS', 'FOOD', 'INDUSTRIAL']","['ENDOGENOUS', 'FOOD']"
1180,WIKIPEDIA,"['MEDICAL', 'ENDOGENOUS']",['MEDICAL'],"['ENDOGENOUS', 'MEDICAL']",['MEDICAL']
1181,WIKIPEDIA,['INFO'],['INFO'],['INFO'],['INFO']
1182,WIKIPEDIA,"['FOOD', 'ENDOGENOUS']",['FOOD'],['FOOD'],"['FOOD', 'MEDICAL']"
1183,WIKIPEDIA,['MEDICAL'],['INFO'],['MEDICAL'],['MEDICAL']
1184,WIKIPEDIA,['INFO'],['INFO'],['INFO'],['INFO']
1185,WIKIPEDIA,"['MEDICAL', 'PERSONAL CARE']",['PERSONAL CARE'],['PERSONAL CARE'],['PERSONAL CARE']
1186,WIKIPEDIA,"['ENDOGENOUS', 'FOOD', 'MEDICAL']",['ENDOGENOUS'],"['ENDOGENOUS', 'PERSONAL CARE']","['ENDOGENOUS', 'FOOD', 'MEDICAL']"
1187,WIKIPEDIA,['MEDICAL'],['MEDICAL'],['MEDICAL'],['INFO']
1188,PUBMED,['INDUSTRIAL'],['INDUSTRIAL'],['INFO'],['INFO']
1189,WIKIPEDIA,['MEDICAL'],['MEDICAL'],['MEDICAL'],['MEDICAL']
1190,WIKIPEDIA,['MEDICAL'],['MEDICAL'],['MEDICAL'],['MEDICAL']
1191,WIKIPEDIA,"['MEDICAL', 'PERSONAL CARE']",['MEDICAL'],"['MEDICAL', 'PERSONAL CARE', 'INDUSTRIAL']",['MEDICAL']
1192,PUBMED,['MEDICAL'],['MEDICAL'],['MEDICAL'],['MEDICAL']
1193,WIKIPEDIA,['INFO'],['INFO'],['INFO'],['INFO']
1194,WIKIPEDIA,"['MEDICAL', 'FOOD', 'INDUSTRIAL']",['INFO'],"['MEDICAL', 'FOOD', 'PERSONAL CARE']",['INFO']
1195,WIKIPEDIA,['MEDICAL'],['MEDICAL'],['MEDICAL'],['INFO']
1196,PUBMED,['INFO'],['INFO'],['INFO'],['INFO']
1197,PUBMED,"['MEDICAL', 'PERSONAL CARE', 'ENDOGENOUS']","['PERSONAL CARE', 'ENDOGENOUS']","['MEDICAL', 'ENDOGENOUS', 'PERSONAL CARE', 'FOOD']","['ENDOGENOUS', 'PERSONAL CARE']"
1198,WIKIPEDIA,['MEDICAL'],"['MEDICAL', 'FOOD']","['MEDICAL', 'FOOD']",['INFO']
1199,WIKIPEDIA,['MEDICAL'],['MEDICAL'],['MEDICAL'],['MEDICAL']
1200,WIKIPEDIA,['MEDICAL'],['MEDICAL'],['INFO'],['MEDICAL']
1201,WIKIPEDIA,['MEDICAL'],['MEDICAL'],['MEDICAL'],['MEDICAL']
1202,WIKIPEDIA,['MEDICAL'],['MEDICAL'],['MEDICAL'],['MEDICAL']
1203,WIKIPEDIA,['INFO'],['MEDICAL'],['INFO'],"['MEDICAL', 'PERSONAL CARE']"
1204,WIKIPEDIA,['MEDICAL'],['INFO'],['MEDICAL'],['MEDICAL']
1205,WIKIPEDIA,['MEDICAL'],['MEDICAL'],['MEDICAL'],['MEDICAL']
1206,WIKIPEDIA,['MEDICAL'],['MEDICAL'],['MEDICAL'],['MEDICAL']
1207,WIKIPEDIA,"['ENDOGENOUS', 'MEDICAL']",['ENDOGENOUS'],['ENDOGENOUS'],['ENDOGENOUS']
1208,WIKIPEDIA,['MEDICAL'],['INFO'],['MEDICAL'],['INFO']
1209,WIKIPEDIA,['MEDICAL'],"['MEDICAL', 'INDUSTRIAL']",['INFO'],['INFO']
1210,WIKIPEDIA,['INFO'],"['PERSONAL CARE', 'MEDICAL']","['FOOD', 'PERSONAL CARE', 'INFO']",['PERSONAL CARE']
1211,WIKIPEDIA,['MEDICAL'],['MEDICAL'],['MEDICAL'],['MEDICAL']
1212,WIKIPEDIA,['MEDICAL'],['MEDICAL'],['MEDICAL'],['MEDICAL']
1213,PUBMED,['MEDICAL'],['MEDICAL'],['MEDICAL'],['INFO']
1214,WIKIPEDIA,['MEDICAL'],['MEDICAL'],['MEDICAL'],['MEDICAL']
1215,WIKIPEDIA,['MEDICAL'],['MEDICAL'],['MEDICAL'],['MEDICAL']
1216,WIKIPEDIA,"['MEDICAL', 'FOOD']","['FOOD', 'MEDICAL']","['MEDICAL', 'FOOD']",['INFO']
1217,PUBMED,['INFO'],['INFO'],['INDUSTRIAL'],"['PERSONAL CARE', 'MEDICAL']"
1218,WIKIPEDIA,['MEDICAL'],['MEDICAL'],['MEDICAL'],['MEDICAL']
1219,WIKIPEDIA,['MEDICAL'],['INFO'],['MEDICAL'],['INFO']
1220,WIKIPEDIA,['ENDOGENOUS'],['ENDOGENOUS'],['ENDOGENOUS'],"['ENDOGENOUS', 'FOOD']"
1221,PUBMED,['MEDICAL'],['INFO'],['MEDICAL'],['INFO']
1222,WIKIPEDIA,['MEDICAL'],['MEDICAL'],['MEDICAL'],['MEDICAL']
1223,PUBMED,['INDUSTRIAL'],['INDUSTRIAL'],['INFO'],['INFO']
1224,PUBMED,['MEDICAL'],['INFO'],['MEDICAL'],['INFO']
1225,WIKIPEDIA,['ENDOGENOUS'],['ENDOGENOUS'],['ENDOGENOUS'],['ENDOGENOUS']
1226,WIKIPEDIA,['MEDICAL'],['MEDICAL'],['MEDICAL'],['MEDICAL']
1227,WIKIPEDIA,['MEDICAL'],['MEDICAL'],['MEDICAL'],['INFO']
1228,WIKIPEDIA,['MEDICAL'],['MEDICAL'],['MEDICAL'],['MEDICAL']
1229,PUBMED,['MEDICAL'],['INFO'],['INFO'],['INFO']
1230,WIKIPEDIA,['MEDICAL'],['MEDICAL'],['MEDICAL'],['MEDICAL']
1231,PUBMED,['MEDICAL'],['MEDICAL'],['INFO'],['INFO']
1232,PUBMED,"['INDUSTRIAL', 'MEDICAL']",['INDUSTRIAL'],['INFO'],['INDUSTRIAL']
1233,PUBMED,"['FOOD', 'ENDOGENOUS']","['ENDOGENOUS', 'FOOD']",['INFO'],['INFO']
1234,WIKIPEDIA,['MEDICAL'],['MEDICAL'],['MEDICAL'],['MEDICAL']
1235,WIKIPEDIA,['INDUSTRIAL'],['INDUSTRIAL'],['INDUSTRIAL'],['INFO']
1236,WIKIPEDIA,['MEDICAL'],['MEDICAL'],['MEDICAL'],['MEDICAL']
1237,WIKIPEDIA,['MEDICAL'],['MEDICAL'],['MEDICAL'],['MEDICAL']
1238,WIKIPEDIA,['MEDICAL'],['MEDICAL'],['MEDICAL'],['MEDICAL']
1239,WIKIPEDIA,"['INFO', 'ENDOGENOUS', 'FOOD']",['INFO'],"['ENDOGENOUS', 'FOOD', 'MEDICAL']",['INFO']
1240,WIKIPEDIA,['INFO'],['INFO'],['INFO'],['MEDICAL']
1241,WIKIPEDIA,['MEDICAL'],['MEDICAL'],['MEDICAL'],['MEDICAL']
1242,WIKIPEDIA,['MEDICAL'],"['MEDICAL', 'INDUSTRIAL']",['MEDICAL'],['MEDICAL']
1243,WIKIPEDIA,"['ENDOGENOUS', 'MEDICAL']",['ENDOGENOUS'],['ENDOGENOUS'],['INFO']
1244,WIKIPEDIA,"['MEDICAL', 'FOOD']",['MEDICAL'],"['MEDICAL', 'FOOD']","['MEDICAL', 'INDUSTRIAL']"
1245,PUBMED,['MEDICAL'],['MEDICAL'],"['MEDICAL', 'INDUSTRIAL']",['MEDICAL']
1246,WIKIPEDIA,"['MEDICAL', 'FOOD']",['INFO'],"['MEDICAL', 'FOOD']",['INFO']
1247,WIKIPEDIA,['MEDICAL'],['MEDICAL'],['MEDICAL'],['INFO']
1248,WIKIPEDIA,['MEDICAL'],['MEDICAL'],['MEDICAL'],['MEDICAL']
1249,WIKIPEDIA,['MEDICAL'],['MEDICAL'],['MEDICAL'],['MEDICAL']
1250,PUBMED,['INFO'],['MEDICAL'],['MEDICAL'],['MEDICAL']
1251,WIKIPEDIA,['MEDICAL'],['MEDICAL'],['MEDICAL'],['MEDICAL']
1252,WIKIPEDIA,['INFO'],"['FOOD', 'INDUSTRIAL']",['INFO'],"['PERSONAL CARE', 'FOOD']"
1253,WIKIPEDIA,['MEDICAL'],['INFO'],['MEDICAL'],['INFO']
1254,WIKIPEDIA,['MEDICAL'],['INFO'],['MEDICAL'],['INFO']
1255,WIKIPEDIA,['INFO'],['INFO'],"['MEDICAL', 'FOOD', 'INDUSTRIAL']",['INFO']
1256,WIKIPEDIA,['MEDICAL'],['MEDICAL'],['MEDICAL'],['MEDICAL']
1257,WIKIPEDIA,"['PERSONAL CARE', 'INDUSTRIAL']","['INDUSTRIAL', 'PERSONAL CARE']","['PERSONAL CARE', 'INDUSTRIAL']","['PERSONAL CARE', 'INDUSTRIAL']"
1258,WIKIPEDIA,['MEDICAL'],['MEDICAL'],['MEDICAL'],['MEDICAL']
1259,WIKIPEDIA,['MEDICAL'],['MEDICAL'],['MEDICAL'],['MEDICAL']
1260,WIKIPEDIA,['MEDICAL'],['MEDICAL'],['MEDICAL'],['MEDICAL']
1261,WIKIPEDIA,['MEDICAL'],['INFO'],['MEDICAL'],['INFO']
1262,WIKIPEDIA,['ENDOGENOUS'],"['ENDOGENOUS', 'FOOD']",['ENDOGENOUS'],['ENDOGENOUS']
1263,PUBMED,['MEDICAL'],['MEDICAL'],['MEDICAL'],['INFO']
1264,PUBMED,['MEDICAL'],['MEDICAL'],['MEDICAL'],['INFO']
1265,WIKIPEDIA,"['MEDICAL', 'FOOD']","['MEDICAL', 'PERSONAL CARE']","['MEDICAL', 'PERSONAL CARE']",['INFO']
1266,WIKIPEDIA,['MEDICAL'],['INFO'],['MEDICAL'],['INFO']
1267,WIKIPEDIA,['ENDOGENOUS'],['ENDOGENOUS'],['ENDOGENOUS'],"['ENDOGENOUS', 'FOOD']"
1268,WIKIPEDIA,['MEDICAL'],['INFO'],['MEDICAL'],['INFO']
1269,PUBMED,['INFO'],['INFO'],['INFO'],['INFO']
1270,PUBMED,"['ENDOGENOUS', 'MEDICAL']",['INFO'],"['ENDOGENOUS', 'MEDICAL']",['INFO']
1271,WIKIPEDIA,['MEDICAL'],['MEDICAL'],['MEDICAL'],['INFO']
1272,PUBMED,['MEDICAL'],['INFO'],['MEDICAL'],"['MEDICAL', 'FOOD']"
1273,WIKIPEDIA,['MEDICAL'],['INFO'],['MEDICAL'],['INFO']
1274,WIKIPEDIA,['MEDICAL'],['MEDICAL'],['INFO'],['INFO']
1275,WIKIPEDIA,['MEDICAL'],['MEDICAL'],['MEDICAL'],['MEDICAL']
1276,WIKIPEDIA,['MEDICAL'],['INFO'],['MEDICAL'],['INFO']
1277,WIKIPEDIA,['MEDICAL'],['MEDICAL'],['MEDICAL'],['MEDICAL']
1278,WIKIPEDIA,['MEDICAL'],['MEDICAL'],['MEDICAL'],['MEDICAL']
1279,WIKIPEDIA,"['INDUSTRIAL', 'MEDICAL']","['MEDICAL', 'INDUSTRIAL']","['MEDICAL', 'INDUSTRIAL']",['INDUSTRIAL']
1280,WIKIPEDIA,['INFO'],"['ENDOGENOUS', 'FOOD']",['INFO'],['INFO']
1281,WIKIPEDIA,"['FOOD', 'MEDICAL']",['FOOD'],['FOOD'],['FOOD']
1282,WIKIPEDIA,['MEDICAL'],['MEDICAL'],"['MEDICAL', 'INDUSTRIAL']",['MEDICAL']
1283,PUBMED,['MEDICAL'],['MEDICAL'],['MEDICAL'],['INFO']
1284,WIKIPEDIA,['INFO'],['MEDICAL'],['MEDICAL'],['INFO']
1285,WIKIPEDIA,['MEDICAL'],['INFO'],['MEDICAL'],['MEDICAL']
1286,WIKIPEDIA,['MEDICAL'],['MEDICAL'],['INFO'],['INFO']
1287,WIKIPEDIA,['MEDICAL'],['INFO'],['MEDICAL'],['MEDICAL']
1288,WIKIPEDIA,"['ENDOGENOUS', 'FOOD']",['ENDOGENOUS'],"['ENDOGENOUS', 'FOOD']","['ENDOGENOUS', 'FOOD']"
1289,WIKIPEDIA,['MEDICAL'],['MEDICAL'],['MEDICAL'],['MEDICAL']
1290,WIKIPEDIA,['MEDICAL'],['MEDICAL'],['MEDICAL'],['MEDICAL']
1291,WIKIPEDIA,['MEDICAL'],['MEDICAL'],"['MEDICAL', 'INDUSTRIAL']",['MEDICAL']
1292,WIKIPEDIA,['MEDICAL'],['MEDICAL'],['MEDICAL'],['MEDICAL']
1293,WIKIPEDIA,['MEDICAL'],['MEDICAL'],['MEDICAL'],['MEDICAL']
1294,PUBMED,['MEDICAL'],['INFO'],['MEDICAL'],['MEDICAL']
1295,WIKIPEDIA,['MEDICAL'],['MEDICAL'],['MEDICAL'],['INFO']
1296,WIKIPEDIA,['INDUSTRIAL'],['INFO'],['INFO'],['INFO']
1297,WIKIPEDIA,"['FOOD', 'INDUSTRIAL']","['FOOD', 'INDUSTRIAL']","['FOOD', 'INDUSTRIAL']","['FOOD', 'PERSONAL CARE', 'INDUSTRIAL']"
1298,WIKIPEDIA,['INFO'],['INFO'],"['MEDICAL', 'FOOD', 'PERSONAL CARE']",['INFO']
1299,WIKIPEDIA,['MEDICAL'],['MEDICAL'],['MEDICAL'],['INFO']
1300,WIKIPEDIA,['MEDICAL'],['MEDICAL'],['MEDICAL'],['INFO']
1301,PUBMED,['MEDICAL'],['INFO'],['MEDICAL'],['INFO']
1302,WIKIPEDIA,['MEDICAL'],['MEDICAL'],"['MEDICAL', 'FOOD']",['MEDICAL']
1303,WIKIPEDIA,['MEDICAL'],['MEDICAL'],['INFO'],['INFO']
1304,WIKIPEDIA,['MEDICAL'],['MEDICAL'],['MEDICAL'],['MEDICAL']
1305,WIKIPEDIA,"['MEDICAL', 'FOOD']",['MEDICAL'],"['MEDICAL', 'FOOD']",['MEDICAL']
1306,WIKIPEDIA,"['ENDOGENOUS', 'FOOD']","['ENDOGENOUS', 'FOOD']","['ENDOGENOUS', 'FOOD', 'INDUSTRIAL']","['ENDOGENOUS', 'FOOD']"
1307,WIKIPEDIA,"['ENDOGENOUS', 'FOOD']",['INFO'],"['ENDOGENOUS', 'FOOD', 'INDUSTRIAL']",['INFO']
1308,WIKIPEDIA,"['MEDICAL', 'INDUSTRIAL']",['MEDICAL'],['INFO'],['INFO']
1309,WIKIPEDIA,"['ENDOGENOUS', 'MEDICAL']",['ENDOGENOUS'],"['ENDOGENOUS', 'MEDICAL']",['INFO']
1310,WIKIPEDIA,['MEDICAL'],['MEDICAL'],['MEDICAL'],['MEDICAL']
1311,WIKIPEDIA,['MEDICAL'],['MEDICAL'],['MEDICAL'],['MEDICAL']
1312,WIKIPEDIA,['MEDICAL'],['MEDICAL'],['MEDICAL'],['MEDICAL']
1313,WIKIPEDIA,['MEDICAL'],['MEDICAL'],['MEDICAL'],['MEDICAL']
1314,,['INFO'],['MEDICAL'],['INFO'],['INFO']
1315,WIKIPEDIA,"['FOOD', 'ENDOGENOUS']","['FOOD', 'ENDOGENOUS']",['FOOD'],['INFO']
1316,PUBMED,['MEDICAL'],['INFO'],['MEDICAL'],['INFO']
1317,WIKIPEDIA,['MEDICAL'],['INFO'],['INFO'],['MEDICAL']
1318,PUBMED,['MEDICAL'],['MEDICAL'],['MEDICAL'],['MEDICAL']
1319,WIKIPEDIA,['MEDICAL'],['MEDICAL'],['MEDICAL'],['MEDICAL']
1320,WIKIPEDIA,['MEDICAL'],['MEDICAL'],['MEDICAL'],['MEDICAL']
1321,WIKIPEDIA,"['FOOD', 'ENDOGENOUS', 'MEDICAL']","['ENDOGENOUS', 'FOOD']","['FOOD', 'MEDICAL']",['FOOD']
1322,PUBMED,['MEDICAL'],['INFO'],['MEDICAL'],['INFO']
1323,WIKIPEDIA,['MEDICAL'],['INFO'],['MEDICAL'],['MEDICAL']
1324,,['INDUSTRIAL'],['INDUSTRIAL'],['INFO'],['INDUSTRIAL']
1325,WIKIPEDIA,"['MEDICAL', 'INDUSTRIAL']","['MEDICAL', 'INDUSTRIAL']",['INFO'],['INFO']
1326,WIKIPEDIA,['MEDICAL'],['MEDICAL'],['MEDICAL'],['MEDICAL']
1327,WIKIPEDIA,['MEDICAL'],['MEDICAL'],['MEDICAL'],['MEDICAL']
1328,WIKIPEDIA,"['MEDICAL', 'ENDOGENOUS']",['INFO'],"['ENDOGENOUS', 'INFO']",['INFO']
1329,WIKIPEDIA,"['ENDOGENOUS', 'FOOD', 'PERSONAL CARE']","['ENDOGENOUS', 'FOOD']","['ENDOGENOUS', 'FOOD', 'PERSONAL CARE']","['ENDOGENOUS', 'FOOD', 'PERSONAL CARE']"
1330,PUBMED,['MEDICAL'],['INFO'],['MEDICAL'],['MEDICAL']
1331,WIKIPEDIA,['INFO'],['INFO'],['INFO'],['MEDICAL']
1332,WIKIPEDIA,"['PERSONAL CARE', 'FOOD', 'INDUSTRIAL']","['ENDOGENOUS', 'FOOD', 'PERSONAL CARE']","['FOOD', 'PERSONAL CARE', 'INDUSTRIAL']","['ENDOGENOUS', 'FOOD', 'PERSONAL CARE']"
1333,WIKIPEDIA,['INFO'],['FOOD'],['INFO'],['INFO']
1334,WIKIPEDIA,['INFO'],['INFO'],['INFO'],['INFO']
1335,PUBMED,['MEDICAL'],['MEDICAL'],['MEDICAL'],['MEDICAL']
1336,WIKIPEDIA,['MEDICAL'],['MEDICAL'],['MEDICAL'],['MEDICAL']
1337,WIKIPEDIA,"['FOOD', 'MEDICAL', 'PERSONAL CARE']","['INDUSTRIAL', 'FOOD', 'PERSONAL CARE']","['FOOD', 'MEDICAL', 'PERSONAL CARE', 'INDUSTRIAL']","['FOOD', 'PERSONAL CARE', 'INDUSTRIAL']"
1338,WIKIPEDIA,['MEDICAL'],['MEDICAL'],['MEDICAL'],['MEDICAL']
1339,PUBMED,['MEDICAL'],['MEDICAL'],['MEDICAL'],['MEDICAL']
1340,WIKIPEDIA,"['MEDICAL', 'INDUSTRIAL']",['MEDICAL'],"['MEDICAL', 'INDUSTRIAL']","['MEDICAL', 'INDUSTRIAL']"
1341,WIKIPEDIA,['MEDICAL'],['MEDICAL'],['MEDICAL'],['MEDICAL']
1342,WIKIPEDIA,['MEDICAL'],['MEDICAL'],['MEDICAL'],['MEDICAL']
1343,WIKIPEDIA,['MEDICAL'],['MEDICAL'],['MEDICAL'],['MEDICAL']
1344,WIKIPEDIA,['MEDICAL'],['MEDICAL'],['MEDICAL'],['MEDICAL']
1345,WIKIPEDIA,['INFO'],['INFO'],"['MEDICAL', 'FOOD']",['MEDICAL']
1346,WIKIPEDIA,['MEDICAL'],['MEDICAL'],['INFO'],['MEDICAL']
1347,WIKIPEDIA,"['FOOD', 'INDUSTRIAL']",['FOOD'],"['FOOD', 'INDUSTRIAL']",['FOOD']
1348,WIKIPEDIA,"['INFO', 'ENDOGENOUS', 'FOOD', 'MEDICAL']",['MEDICAL'],['INFO'],['INFO']
1349,WIKIPEDIA,['MEDICAL'],['MEDICAL'],['MEDICAL'],['MEDICAL']
1350,WIKIPEDIA,"['FOOD', 'INFO']",['FOOD'],['FOOD'],['FOOD']
1351,WIKIPEDIA,['FOOD'],['FOOD'],['FOOD'],['FOOD']
1352,WIKIPEDIA,['MEDICAL'],['MEDICAL'],['MEDICAL'],['MEDICAL']
1353,WIKIPEDIA,['INDUSTRIAL'],['INDUSTRIAL'],['INDUSTRIAL'],['INDUSTRIAL']
1354,WIKIPEDIA,['MEDICAL'],['MEDICAL'],['INFO'],['INFO']
1355,WIKIPEDIA,"['INDUSTRIAL', 'PERSONAL CARE', 'ENDOGENOUS']","['INDUSTRIAL', 'FOOD']","['INDUSTRIAL', 'ENDOGENOUS', 'PERSONAL CARE']","['INDUSTRIAL', 'PERSONAL CARE']"
1356,WIKIPEDIA,['MEDICAL'],['INFO'],['MEDICAL'],['MEDICAL']
1357,WIKIPEDIA,"['FOOD', 'MEDICAL']",['FOOD'],"['FOOD', 'PERSONAL CARE', 'INFO']","['FOOD', 'PERSONAL CARE']"
1358,WIKIPEDIA,['INDUSTRIAL'],['INFO'],['INFO'],['INDUSTRIAL']
1359,WIKIPEDIA,['INFO'],['INFO'],['INFO'],"['MEDICAL', 'PERSONAL CARE']"
1360,WIKIPEDIA,['INFO'],['INFO'],['INFO'],['INFO']
1361,PUBMED,['MEDICAL'],['MEDICAL'],['MEDICAL'],['MEDICAL']
1362,PUBMED,"['MEDICAL', 'ENDOGENOUS']","['MEDICAL', 'ENDOGENOUS']","['MEDICAL', 'ENDOGENOUS']","['ENDOGENOUS', 'MEDICAL']"
1363,PUBMED,['MEDICAL'],['MEDICAL'],['MEDICAL'],['MEDICAL']
1364,WIKIPEDIA,['MEDICAL'],['MEDICAL'],['MEDICAL'],['MEDICAL']
1365,WIKIPEDIA,['FOOD'],['FOOD'],['FOOD'],['FOOD']
1366,PUBMED,['MEDICAL'],['INDUSTRIAL'],['INFO'],['INFO']
1367,WIKIPEDIA,"['ENDOGENOUS', 'MEDICAL']",['ENDOGENOUS'],"['ENDOGENOUS', 'MEDICAL']","['ENDOGENOUS', 'MEDICAL']"
1368,WIKIPEDIA,"['MEDICAL', 'INDUSTRIAL']",['MEDICAL'],"['MEDICAL', 'INDUSTRIAL']",['MEDICAL']
1369,WIKIPEDIA,"['MEDICAL', 'INDUSTRIAL']",['INFO'],['INFO'],['INFO']
1370,WIKIPEDIA,['MEDICAL'],['MEDICAL'],['MEDICAL'],['INFO']
1371,WIKIPEDIA,"['FOOD', 'MEDICAL']",['FOOD'],"['FOOD', 'PERSONAL CARE']",['FOOD']
1372,WIKIPEDIA,['MEDICAL'],['MEDICAL'],['INFO'],['INFO']
1373,WIKIPEDIA,"['MEDICAL', 'FOOD', 'ENDOGENOUS']","['ENDOGENOUS', 'FOOD']","['MEDICAL', 'ENDOGENOUS', 'FOOD']","['ENDOGENOUS', 'FOOD']"
1374,WIKIPEDIA,['MEDICAL'],['INFO'],['MEDICAL'],['MEDICAL']
1375,WIKIPEDIA,['MEDICAL'],['INFO'],['MEDICAL'],['MEDICAL']
1376,WIKIPEDIA,"['MEDICAL', 'PERSONAL CARE']",['INFO'],"['MEDICAL', 'PERSONAL CARE']","['MEDICAL', 'PERSONAL CARE']"
1377,WIKIPEDIA,"['ENDOGENOUS', 'MEDICAL']","['MEDICAL', 'ENDOGENOUS']",['ENDOGENOUS'],"['ENDOGENOUS', 'MEDICAL']"
1378,PUBMED,['MEDICAL'],['MEDICAL'],['MEDICAL'],['INFO']
1379,WIKIPEDIA,"['MEDICAL', 'INDUSTRIAL', 'PERSONAL CARE']",['MEDICAL'],"['MEDICAL', 'INDUSTRIAL', 'PERSONAL CARE']",['MEDICAL']
1380,WIKIPEDIA,['MEDICAL'],['MEDICAL'],['MEDICAL'],['MEDICAL']
1381,WIKIPEDIA,"['ENDOGENOUS', 'FOOD']","['ENDOGENOUS', 'FOOD']","['ENDOGENOUS', 'FOOD']","['ENDOGENOUS', 'FOOD']"
1382,WIKIPEDIA,"['ENDOGENOUS', 'FOOD']",['INFO'],"['ENDOGENOUS', 'FOOD']",['INFO']
1383,WIKIPEDIA,['MEDICAL'],['MEDICAL'],['MEDICAL'],['INFO']
1384,WIKIPEDIA,['MEDICAL'],['MEDICAL'],"['MEDICAL', 'INDUSTRIAL']",['MEDICAL']
1385,WIKIPEDIA,['INFO'],['ENDOGENOUS'],['INFO'],['INFO']
1386,PUBMED,['MEDICAL'],['MEDICAL'],['MEDICAL'],['MEDICAL']
1387,WIKIPEDIA,"['INDUSTRIAL', 'MEDICAL']",['INDUSTRIAL'],['INDUSTRIAL'],['MEDICAL']
1388,WIKIPEDIA,['MEDICAL'],['INFO'],['MEDICAL'],['MEDICAL']
1389,WIKIPEDIA,['MEDICAL'],['MEDICAL'],['INFO'],['MEDICAL']
1390,WIKIPEDIA,['MEDICAL'],['INFO'],['MEDICAL'],['MEDICAL']
1391,WIKIPEDIA,"['MEDICAL', 'INDUSTRIAL']",['INFO'],['INDUSTRIAL'],['INFO']
1392,WIKIPEDIA,['MEDICAL'],['INFO'],['MEDICAL'],['MEDICAL']
1393,WIKIPEDIA,"['MEDICAL', 'FOOD', 'ENDOGENOUS']","['MEDICAL', 'FOOD']","['MEDICAL', 'ENDOGENOUS', 'FOOD', 'PERSONAL CARE']",['INFO']
1394,PUBMED,['MEDICAL'],['INFO'],['MEDICAL'],['INFO']
1395,WIKIPEDIA,"['MEDICAL', 'FOOD']","['FOOD', 'INDUSTRIAL']","['FOOD', 'PERSONAL CARE', 'INFO']",['INFO']
1396,WIKIPEDIA,"['ENDOGENOUS', 'INDUSTRIAL']",['INFO'],"['ENDOGENOUS', 'INDUSTRIAL']",['INFO']
1397,WIKIPEDIA,['MEDICAL'],['MEDICAL'],['MEDICAL'],['MEDICAL']
1398,WIKIPEDIA,['MEDICAL'],['MEDICAL'],['INFO'],['INFO']
1399,WIKIPEDIA,['INDUSTRIAL'],['INDUSTRIAL'],['INDUSTRIAL'],['INDUSTRIAL']
1400,WIKIPEDIA,['MEDICAL'],['MEDICAL'],['MEDICAL'],['MEDICAL']
1401,WIKIPEDIA,"['ENDOGENOUS', 'FOOD', 'INDUSTRIAL', 'MEDICAL']","['ENDOGENOUS', 'FOOD']","['ENDOGENOUS', 'FOOD', 'INDUSTRIAL']",['INFO']
1402,,['INFO'],"['PERSONAL CARE', 'FOOD']",['INFO'],['INFO']
1403,WIKIPEDIA,['MEDICAL'],['MEDICAL'],['MEDICAL'],['MEDICAL']
1404,WIKIPEDIA,['MEDICAL'],['MEDICAL'],['MEDICAL'],['MEDICAL']
1405,WIKIPEDIA,['ENDOGENOUS'],['ENDOGENOUS'],['ENDOGENOUS'],['ENDOGENOUS']
1406,PUBMED,['MEDICAL'],['MEDICAL'],['MEDICAL'],['INFO']
1407,WIKIPEDIA,"['ENDOGENOUS', 'FOOD']","['ENDOGENOUS', 'FOOD']","['ENDOGENOUS', 'FOOD']","['ENDOGENOUS', 'FOOD', 'MEDICAL']"
1408,WIKIPEDIA,"['FOOD', 'INFO']",['INFO'],['INFO'],['INFO']
1409,WIKIPEDIA,"['FOOD', 'MEDICAL']","['MEDICAL', 'FOOD']","['MEDICAL', 'FOOD']","['MEDICAL', 'FOOD', 'PERSONAL CARE']"
1410,WIKIPEDIA,"['FOOD', 'ENDOGENOUS', 'MEDICAL']","['FOOD', 'MEDICAL']","['FOOD', 'ENDOGENOUS', 'MEDICAL']",['FOOD']
1411,WIKIPEDIA,['MEDICAL'],['INDUSTRIAL'],['MEDICAL'],['INFO']
1412,PUBMED,['MEDICAL'],['MEDICAL'],['MEDICAL'],['INFO']
1413,WIKIPEDIA,['MEDICAL'],['MEDICAL'],['MEDICAL'],['MEDICAL']
1414,PUBMED,['INFO'],['FOOD'],['FOOD'],"['FOOD', 'MEDICAL']"
1415,PUBMED,"['FOOD', 'MEDICAL', 'PERSONAL CARE']",['FOOD'],"['FOOD', 'MEDICAL', 'PERSONAL CARE']","['FOOD', 'MEDICAL']"
1416,WIKIPEDIA,['MEDICAL'],['INFO'],['MEDICAL'],['INFO']
1417,WIKIPEDIA,['MEDICAL'],['MEDICAL'],['MEDICAL'],['MEDICAL']
1418,WIKIPEDIA,['INDUSTRIAL'],['INFO'],['INDUSTRIAL'],"['INDUSTRIAL', 'FOOD']"
1419,PUBMED,['MEDICAL'],['MEDICAL'],['MEDICAL'],['MEDICAL']
1420,WIKIPEDIA,['MEDICAL'],['MEDICAL'],['MEDICAL'],['MEDICAL']
1421,WIKIPEDIA,['MEDICAL'],['MEDICAL'],['MEDICAL'],['MEDICAL']
1422,WIKIPEDIA,['MEDICAL'],['MEDICAL'],['MEDICAL'],['MEDICAL']
1423,PUBMED,['INFO'],['INFO'],['INFO'],['INFO']
1424,WIKIPEDIA,"['FOOD', 'INDUSTRIAL', 'MEDICAL', 'PERSONAL CARE']",['INFO'],"['FOOD', 'MEDICAL', 'PERSONAL CARE', 'INDUSTRIAL']",['INFO']
1425,PUBMED,"['INDUSTRIAL', 'FOOD']",['INFO'],"['INDUSTRIAL', 'FOOD']","['INDUSTRIAL', 'PERSONAL CARE']"
1426,PUBMED,['INDUSTRIAL'],['INFO'],['INDUSTRIAL'],['INFO']
1427,WIKIPEDIA,['MEDICAL'],['MEDICAL'],['MEDICAL'],['MEDICAL']
1428,WIKIPEDIA,"['ENDOGENOUS', 'MEDICAL']",['INFO'],"['ENDOGENOUS', 'MEDICAL']","['ENDOGENOUS', 'MEDICAL']"
1429,WIKIPEDIA,['MEDICAL'],['MEDICAL'],['MEDICAL'],['MEDICAL']
1430,WIKIPEDIA,"['MEDICAL', 'FOOD']",['INFO'],['INFO'],['INFO']
1431,WIKIPEDIA,['MEDICAL'],['MEDICAL'],['MEDICAL'],['MEDICAL']
1432,WIKIPEDIA,['MEDICAL'],['INFO'],['MEDICAL'],['INFO']
1433,WIKIPEDIA,"['INDUSTRIAL', 'PERSONAL CARE']",['INDUSTRIAL'],['INDUSTRIAL'],"['INDUSTRIAL', 'PERSONAL CARE']"
1434,WIKIPEDIA,['MEDICAL'],['MEDICAL'],['MEDICAL'],['MEDICAL']
1435,WIKIPEDIA,['MEDICAL'],['MEDICAL'],['MEDICAL'],['MEDICAL']
1436,WIKIPEDIA,['MEDICAL'],['MEDICAL'],['MEDICAL'],['MEDICAL']
1437,WIKIPEDIA,"['FOOD', 'PERSONAL CARE']","['FOOD', 'PERSONAL CARE']","['FOOD', 'PERSONAL CARE']","['FOOD', 'PERSONAL CARE']"
1438,WIKIPEDIA,['MEDICAL'],['INFO'],['MEDICAL'],['INFO']
1439,PUBMED,['MEDICAL'],['MEDICAL'],['MEDICAL'],['MEDICAL']
1440,WIKIPEDIA,['MEDICAL'],['MEDICAL'],['MEDICAL'],['MEDICAL']
1441,WIKIPEDIA,['MEDICAL'],['MEDICAL'],['MEDICAL'],['MEDICAL']
1442,PUBMED,"['INDUSTRIAL', 'FOOD']",['INDUSTRIAL'],['INDUSTRIAL'],['INDUSTRIAL']
1443,WIKIPEDIA,['MEDICAL'],['MEDICAL'],"['MEDICAL', 'PERSONAL CARE']","['MEDICAL', 'PERSONAL CARE']"
1444,WIKIPEDIA,['MEDICAL'],['MEDICAL'],['MEDICAL'],['MEDICAL']
1445,PUBMED,['INFO'],"['ENDOGENOUS', 'MEDICAL']",['INFO'],"['ENDOGENOUS', 'MEDICAL']"
1446,WIKIPEDIA,['MEDICAL'],['MEDICAL'],['MEDICAL'],['MEDICAL']
1447,WIKIPEDIA,['MEDICAL'],['MEDICAL'],['MEDICAL'],['MEDICAL']
1448,WIKIPEDIA,"['MEDICAL', 'ENDOGENOUS', 'FOOD']",['MEDICAL'],"['MEDICAL', 'ENDOGENOUS', 'FOOD']","['MEDICAL', 'ENDOGENOUS']"
1449,PUBMED,['MEDICAL'],['MEDICAL'],['MEDICAL'],['INFO']
1450,PUBMED,['MEDICAL'],['MEDICAL'],['MEDICAL'],['INFO']
1451,WIKIPEDIA,"['ENDOGENOUS', 'FOOD']","['ENDOGENOUS', 'FOOD']","['ENDOGENOUS', 'FOOD']","['ENDOGENOUS', 'FOOD', 'MEDICAL']"
1452,WIKIPEDIA,['INFO'],['FOOD'],['INFO'],['INFO']
1453,WIKIPEDIA,"['FOOD', 'INDUSTRIAL']",['FOOD'],['INFO'],['INFO']
1454,WIKIPEDIA,['INFO'],['INFO'],['INFO'],['MEDICAL']
1455,WIKIPEDIA,['MEDICAL'],['MEDICAL'],['MEDICAL'],['INFO']
1456,WIKIPEDIA,"['MEDICAL', 'PERSONAL CARE', 'FOOD', 'INDUSTRIAL']",['INFO'],"['FOOD', 'PERSONAL CARE', 'INDUSTRIAL']","['FOOD', 'PERSONAL CARE', 'INDUSTRIAL']"
1457,WIKIPEDIA,"['FOOD', 'MEDICAL', 'PERSONAL CARE']","['FOOD', 'PERSONAL CARE', 'INDUSTRIAL']","['FOOD', 'PERSONAL CARE', 'MEDICAL']","['FOOD', 'PERSONAL CARE', 'INDUSTRIAL']"
1458,WIKIPEDIA,['INDUSTRIAL'],"['FOOD', 'INDUSTRIAL', 'PERSONAL CARE']",['INFO'],"['FOOD', 'PERSONAL CARE', 'INDUSTRIAL']"
1459,WIKIPEDIA,"['FOOD', 'ENDOGENOUS']","['ENDOGENOUS', 'FOOD']",['FOOD'],['FOOD']
1460,WIKIPEDIA,['MEDICAL'],['MEDICAL'],['MEDICAL'],['MEDICAL']
1461,WIKIPEDIA,"['INDUSTRIAL', 'FOOD', 'PERSONAL CARE', 'ENDOGENOUS']",['INFO'],"['ENDOGENOUS', 'FOOD', 'PERSONAL CARE', 'INDUSTRIAL']","['FOOD', 'PERSONAL CARE']"
1462,WIKIPEDIA,['MEDICAL'],['MEDICAL'],['INFO'],['INFO']
1463,WIKIPEDIA,"['INDUSTRIAL', 'MEDICAL']",['INFO'],['INFO'],['INFO']
1464,WIKIPEDIA,['MEDICAL'],['MEDICAL'],['MEDICAL'],['MEDICAL']
1465,WIKIPEDIA,['MEDICAL'],['MEDICAL'],['MEDICAL'],['MEDICAL']
1466,PUBMED,['MEDICAL'],['INFO'],['MEDICAL'],['INFO']
1467,WIKIPEDIA,['MEDICAL'],['MEDICAL'],['MEDICAL'],['MEDICAL']
1468,PUBMED,"['INDUSTRIAL', 'INFO']",['INDUSTRIAL'],['INFO'],['INFO']
1469,PUBMED,['MEDICAL'],['INFO'],['MEDICAL'],['INFO']
1470,WIKIPEDIA,['INFO'],['INFO'],['INFO'],['INFO']
1471,WIKIPEDIA,"['FOOD', 'MEDICAL']",['FOOD'],"['FOOD', 'MEDICAL']",['FOOD']
1472,WIKIPEDIA,"['PERSONAL CARE', 'INDUSTRIAL']",['PERSONAL CARE'],"['PERSONAL CARE', 'INDUSTRIAL', 'FOOD']","['PERSONAL CARE', 'INDUSTRIAL']"
1473,PUBMED,['MEDICAL'],['MEDICAL'],['MEDICAL'],['MEDICAL']
1474,WIKIPEDIA,['MEDICAL'],['MEDICAL'],['MEDICAL'],['MEDICAL']
1475,WIKIPEDIA,['MEDICAL'],['MEDICAL'],['MEDICAL'],['MEDICAL']
1476,WIKIPEDIA,['MEDICAL'],"['MEDICAL', 'INDUSTRIAL']","['MEDICAL', 'INDUSTRIAL']",['INFO']
1477,WIKIPEDIA,['MEDICAL'],['MEDICAL'],['MEDICAL'],['MEDICAL']
1478,WIKIPEDIA,['MEDICAL'],['MEDICAL'],['MEDICAL'],['INFO']
1479,WIKIPEDIA,['MEDICAL'],['MEDICAL'],['MEDICAL'],['MEDICAL']
1480,WIKIPEDIA,"['FOOD', 'ENDOGENOUS']","['ENDOGENOUS', 'FOOD']","['ENDOGENOUS', 'FOOD']","['ENDOGENOUS', 'FOOD']"
1481,WIKIPEDIA,['INFO'],['INFO'],['INFO'],['INFO']
1482,WIKIPEDIA,['MEDICAL'],['MEDICAL'],['MEDICAL'],['MEDICAL']
1483,WIKIPEDIA,['MEDICAL'],['MEDICAL'],['MEDICAL'],['MEDICAL']
1484,WIKIPEDIA,['MEDICAL'],['INFO'],['MEDICAL'],['MEDICAL']
1485,WIKIPEDIA,['MEDICAL'],['MEDICAL'],['MEDICAL'],['MEDICAL']
1486,WIKIPEDIA,['INFO'],['INFO'],['MEDICAL'],['MEDICAL']
1487,WIKIPEDIA,['MEDICAL'],['MEDICAL'],['MEDICAL'],['INFO']
1488,WIKIPEDIA,['MEDICAL'],['MEDICAL'],['MEDICAL'],['MEDICAL']
1489,WIKIPEDIA,['MEDICAL'],['MEDICAL'],['MEDICAL'],['MEDICAL']
1490,WIKIPEDIA,['MEDICAL'],['MEDICAL'],['MEDICAL'],['MEDICAL']
1491,WIKIPEDIA,['MEDICAL'],['MEDICAL'],['MEDICAL'],['MEDICAL']
1492,WIKIPEDIA,"['MEDICAL', 'FOOD', 'INDUSTRIAL']",['INFO'],"['MEDICAL', 'FOOD', 'INDUSTRIAL']",['INFO']
1493,WIKIPEDIA,"['FOOD', 'MEDICAL', 'PERSONAL CARE']",['FOOD'],"['MEDICAL', 'ENDOGENOUS', 'FOOD', 'PERSONAL CARE', 'INDUSTRIAL']",['INFO']
1494,WIKIPEDIA,"['ENDOGENOUS', 'FOOD']","['ENDOGENOUS', 'FOOD']",['ENDOGENOUS'],"['ENDOGENOUS', 'FOOD']"
1495,WIKIPEDIA,['INFO'],['INFO'],['INFO'],['INFO']
1496,PUBMED,['INFO'],['INFO'],['INFO'],['INFO']
1497,WIKIPEDIA,['MEDICAL'],['INFO'],['MEDICAL'],['MEDICAL']
1498,WIKIPEDIA,"['FOOD', 'MEDICAL']",['INFO'],"['MEDICAL', 'FOOD']",['INFO']
1499,WIKIPEDIA,"['MEDICAL', 'INDUSTRIAL']",['INDUSTRIAL'],['INFO'],['INFO']
1500,WIKIPEDIA,['PERSONAL CARE'],['PERSONAL CARE'],['PERSONAL CARE'],['PERSONAL CARE']
1501,WIKIPEDIA,"['MEDICAL', 'INDUSTRIAL']",['INFO'],['INFO'],['INFO']
1502,WIKIPEDIA,"['ENDOGENOUS', 'FOOD', 'MEDICAL']","['ENDOGENOUS', 'FOOD']",['ENDOGENOUS'],['ENDOGENOUS']
1503,PUBMED,['MEDICAL'],"['MEDICAL', 'FOOD']",['INFO'],['PERSONAL CARE']
1504,PUBMED,['MEDICAL'],['INFO'],['MEDICAL'],['INFO']
1505,WIKIPEDIA,['MEDICAL'],['INFO'],['MEDICAL'],['MEDICAL']
1506,WIKIPEDIA,['MEDICAL'],['MEDICAL'],['MEDICAL'],['MEDICAL']
1507,PUBMED,['MEDICAL'],['MEDICAL'],['MEDICAL'],['INFO']
1508,WIKIPEDIA,['MEDICAL'],['MEDICAL'],['MEDICAL'],['MEDICAL']
1509,WIKIPEDIA,['MEDICAL'],['INFO'],['MEDICAL'],['INFO']
1510,WIKIPEDIA,['MEDICAL'],['MEDICAL'],['INFO'],['INFO']
1511,WIKIPEDIA,['INFO'],['INFO'],['INFO'],['INFO']
1512,WIKIPEDIA,"['FOOD', 'INDUSTRIAL', 'ENDOGENOUS']","['FOOD', 'ENDOGENOUS', 'INDUSTRIAL']","['ENDOGENOUS', 'FOOD', 'INDUSTRIAL']","['ENDOGENOUS', 'FOOD', 'INDUSTRIAL']"
1513,WIKIPEDIA,"['FOOD', 'INDUSTRIAL']",['INFO'],"['FOOD', 'INDUSTRIAL', 'PERSONAL CARE', 'MEDICAL']",['INFO']
1514,WIKIPEDIA,['MEDICAL'],['MEDICAL'],['MEDICAL'],['MEDICAL']
1515,WIKIPEDIA,"['FOOD', 'ENDOGENOUS', 'MEDICAL']","['ENDOGENOUS', 'FOOD']","['ENDOGENOUS', 'FOOD']",['INFO']
1516,WIKIPEDIA,"['FOOD', 'ENDOGENOUS']","['ENDOGENOUS', 'FOOD']","['ENDOGENOUS', 'FOOD', 'INDUSTRIAL']","['FOOD', 'PERSONAL CARE', 'INDUSTRIAL']"
1517,WIKIPEDIA,['INFO'],['INFO'],"['FOOD', 'INDUSTRIAL']",['INFO']
1518,WIKIPEDIA,['ENDOGENOUS'],['ENDOGENOUS'],['ENDOGENOUS'],['ENDOGENOUS']
1519,WIKIPEDIA,['INFO'],['INFO'],['INFO'],['MEDICAL']
1520,WIKIPEDIA,['MEDICAL'],['MEDICAL'],['MEDICAL'],['MEDICAL']
1521,WIKIPEDIA,['MEDICAL'],['MEDICAL'],['MEDICAL'],['INFO']
1522,PUBMED,['MEDICAL'],['INFO'],['MEDICAL'],['INFO']
1523,WIKIPEDIA,['MEDICAL'],['MEDICAL'],['MEDICAL'],['MEDICAL']
1524,WIKIPEDIA,['MEDICAL'],['MEDICAL'],['MEDICAL'],['MEDICAL']
1525,WIKIPEDIA,['MEDICAL'],['MEDICAL'],['MEDICAL'],['MEDICAL']
1526,WIKIPEDIA,['MEDICAL'],['MEDICAL'],['MEDICAL'],['INFO']
1527,WIKIPEDIA,['MEDICAL'],['MEDICAL'],['MEDICAL'],['MEDICAL']
1528,WIKIPEDIA,['MEDICAL'],['MEDICAL'],['MEDICAL'],['MEDICAL']
1529,WIKIPEDIA,"['FOOD', 'INFO']","['MEDICAL', 'FOOD']",['FOOD'],"['MEDICAL', 'FOOD']"
1530,WIKIPEDIA,['INDUSTRIAL'],"['INDUSTRIAL', 'PERSONAL CARE']",['INDUSTRIAL'],"['MEDICAL', 'PERSONAL CARE', 'INDUSTRIAL']"
1531,WIKIPEDIA,['MEDICAL'],['MEDICAL'],['MEDICAL'],['MEDICAL']
1532,PUBMED,['MEDICAL'],['INFO'],['MEDICAL'],['MEDICAL']
1533,WIKIPEDIA,['MEDICAL'],['MEDICAL'],['MEDICAL'],['INFO']
1534,WIKIPEDIA,"['FOOD', 'INDUSTRIAL', 'PERSONAL CARE', 'MEDICAL']","['FOOD', 'INDUSTRIAL']","['FOOD', 'PERSONAL CARE', 'INDUSTRIAL']","['FOOD', 'PERSONAL CARE', 'INDUSTRIAL']"
1535,WIKIPEDIA,['MEDICAL'],['MEDICAL'],['MEDICAL'],['MEDICAL']
1536,WIKIPEDIA,['MEDICAL'],['INFO'],['MEDICAL'],['MEDICAL']
1537,WIKIPEDIA,['MEDICAL'],['MEDICAL'],['MEDICAL'],['MEDICAL']
1538,PUBMED,['MEDICAL'],['MEDICAL'],['MEDICAL'],['INFO']
1539,WIKIPEDIA,['MEDICAL'],['MEDICAL'],['MEDICAL'],['MEDICAL']
1540,PUBMED,['INFO'],['INFO'],['INFO'],['INFO']
1541,WIKIPEDIA,['MEDICAL'],['MEDICAL'],['MEDICAL'],['MEDICAL']
1542,PUBMED,['MEDICAL'],['MEDICAL'],['MEDICAL'],['INFO']
1543,WIKIPEDIA,['MEDICAL'],['MEDICAL'],['MEDICAL'],['MEDICAL']
1544,PUBMED,['MEDICAL'],['MEDICAL'],['MEDICAL'],['INFO']
1545,WIKIPEDIA,"['ENDOGENOUS', 'MEDICAL']",['ENDOGENOUS'],"['ENDOGENOUS', 'MEDICAL', 'INFO']","['ENDOGENOUS', 'MEDICAL']"
1546,WIKIPEDIA,"['MEDICAL', 'INDUSTRIAL']",['MEDICAL'],"['MEDICAL', 'INDUSTRIAL']","['MEDICAL', 'FOOD']"
1547,WIKIPEDIA,['PERSONAL CARE'],['PERSONAL CARE'],['PERSONAL CARE'],['PERSONAL CARE']
1548,WIKIPEDIA,['PERSONAL CARE'],['PERSONAL CARE'],['PERSONAL CARE'],['PERSONAL CARE']
1549,PUBMED,['MEDICAL'],['INFO'],['MEDICAL'],['INFO']
1550,PUBMED,['MEDICAL'],"['MEDICAL', 'ENDOGENOUS']",['MEDICAL'],"['MEDICAL', 'ENDOGENOUS']"
1551,WIKIPEDIA,['INFO'],['INFO'],['ENDOGENOUS'],['INFO']
1552,WIKIPEDIA,['MEDICAL'],['INFO'],['INFO'],['INFO']
1553,WIKIPEDIA,['MEDICAL'],"['MEDICAL', 'INDUSTRIAL']","['MEDICAL', 'INDUSTRIAL']",['MEDICAL']
1554,WIKIPEDIA,"['FOOD', 'MEDICAL', 'PERSONAL CARE']","['FOOD', 'PERSONAL CARE']","['FOOD', 'PERSONAL CARE']","['FOOD', 'PERSONAL CARE']"
1555,PUBMED,['MEDICAL'],['MEDICAL'],['MEDICAL'],['INFO']
1556,WIKIPEDIA,"['MEDICAL', 'ENDOGENOUS']",['MEDICAL'],['MEDICAL'],['MEDICAL']
1557,PUBMED,['MEDICAL'],['INFO'],['MEDICAL'],['INFO']
1558,PUBMED,['INFO'],['INFO'],['MEDICAL'],['INFO']
1559,WIKIPEDIA,['MEDICAL'],['MEDICAL'],['INFO'],['INFO']
1560,WIKIPEDIA,['MEDICAL'],['MEDICAL'],['MEDICAL'],['MEDICAL']
1561,WIKIPEDIA,['MEDICAL'],['INFO'],['MEDICAL'],['MEDICAL']
1562,PUBMED,"['MEDICAL', 'FOOD']",['INFO'],['INFO'],['INFO']
1563,WIKIPEDIA,['MEDICAL'],['INFO'],['INFO'],['MEDICAL']
1564,WIKIPEDIA,['MEDICAL'],['MEDICAL'],['MEDICAL'],['MEDICAL']
1565,WIKIPEDIA,['MEDICAL'],['MEDICAL'],['MEDICAL'],['MEDICAL']
1566,WIKIPEDIA,['MEDICAL'],['MEDICAL'],['MEDICAL'],['MEDICAL']
1567,WIKIPEDIA,['MEDICAL'],"['MEDICAL', 'PERSONAL CARE']","['MEDICAL', 'PERSONAL CARE', 'INDUSTRIAL']","['MEDICAL', 'PERSONAL CARE']"
1568,WIKIPEDIA,['INDUSTRIAL'],['MEDICAL'],['INFO'],['INFO']
1569,PUBMED,['MEDICAL'],['MEDICAL'],['MEDICAL'],['MEDICAL']
1570,WIKIPEDIA,"['FOOD', 'INDUSTRIAL']",['FOOD'],"['FOOD', 'INDUSTRIAL']",['INFO']
1571,WIKIPEDIA,['INFO'],['FOOD'],['FOOD'],['INFO']
1572,WIKIPEDIA,['MEDICAL'],['MEDICAL'],['MEDICAL'],['MEDICAL']
1573,WIKIPEDIA,['MEDICAL'],['INFO'],['MEDICAL'],['MEDICAL']
1574,PUBMED,['MEDICAL'],['MEDICAL'],['MEDICAL'],['INFO']
1575,WIKIPEDIA,"['ENDOGENOUS', 'INDUSTRIAL', 'MEDICAL', 'FOOD']","['ENDOGENOUS', 'FOOD']","['ENDOGENOUS', 'FOOD', 'PERSONAL CARE', 'INDUSTRIAL', 'MEDICAL']","['ENDOGENOUS', 'PERSONAL CARE']"
1576,WIKIPEDIA,['MEDICAL'],['MEDICAL'],['MEDICAL'],['MEDICAL']
1577,WIKIPEDIA,['MEDICAL'],['MEDICAL'],['MEDICAL'],['MEDICAL']
1578,WIKIPEDIA,"['FOOD', 'INFO']",['FOOD'],['FOOD'],['FOOD']
1579,WIKIPEDIA,['MEDICAL'],['MEDICAL'],['INFO'],['INFO']
1580,PUBMED,['INFO'],['INFO'],['INFO'],['ENDOGENOUS']
1581,WIKIPEDIA,"['FOOD', 'MEDICAL']",['FOOD'],"['FOOD', 'MEDICAL']","['FOOD', 'PERSONAL CARE']"
1582,WIKIPEDIA,"['MEDICAL', 'INDUSTRIAL']",['INFO'],"['MEDICAL', 'PERSONAL CARE']","['MEDICAL', 'PERSONAL CARE']"
1583,PUBMED,['MEDICAL'],['MEDICAL'],['MEDICAL'],['INFO']
1584,PUBMED,['INFO'],['INFO'],['INFO'],['INFO']
1585,WIKIPEDIA,"['INDUSTRIAL', 'MEDICAL']",['INDUSTRIAL'],['INDUSTRIAL'],['INDUSTRIAL']
1586,PUBMED,['MEDICAL'],['MEDICAL'],['MEDICAL'],['INFO']
1587,WIKIPEDIA,['MEDICAL'],['MEDICAL'],['MEDICAL'],['INFO']
1588,WIKIPEDIA,"['FOOD', 'ENDOGENOUS']","['ENDOGENOUS', 'FOOD']","['ENDOGENOUS', 'FOOD']","['ENDOGENOUS', 'FOOD', 'MEDICAL']"
1589,PUBMED,['MEDICAL'],['MEDICAL'],['MEDICAL'],['MEDICAL']
1590,PUBMED,['INDUSTRIAL'],['INDUSTRIAL'],['INFO'],['INDUSTRIAL']
1591,WIKIPEDIA,['MEDICAL'],['MEDICAL'],['MEDICAL'],['INFO']
1592,PUBMED,['MEDICAL'],['MEDICAL'],['MEDICAL'],['INFO']
1593,WIKIPEDIA,['MEDICAL'],['MEDICAL'],['MEDICAL'],['INFO']
1594,WIKIPEDIA,['MEDICAL'],['MEDICAL'],['INFO'],['INFO']
1595,PUBMED,['MEDICAL'],['INFO'],['MEDICAL'],['INFO']
1596,WIKIPEDIA,"['FOOD', 'MEDICAL']",['FOOD'],['INFO'],['INFO']
1597,,['INFO'],['MEDICAL'],['INFO'],['MEDICAL']
1598,WIKIPEDIA,['MEDICAL'],['MEDICAL'],['MEDICAL'],['MEDICAL']
1599,WIKIPEDIA,"['FOOD', 'ENDOGENOUS']",['FOOD'],"['FOOD', 'ENDOGENOUS']",['INFO']
1600,PUBMED,['MEDICAL'],['MEDICAL'],['MEDICAL'],['INFO']
1601,WIKIPEDIA,"['MEDICAL', 'INDUSTRIAL']",['INFO'],"['MEDICAL', 'INDUSTRIAL']",['MEDICAL']
1602,WIKIPEDIA,"['FOOD', 'MEDICAL', 'ENDOGENOUS']","['MEDICAL', 'FOOD']","['FOOD', 'ENDOGENOUS', 'PERSONAL CARE']",['INFO']
1603,WIKIPEDIA,['MEDICAL'],['INFO'],['MEDICAL'],['MEDICAL']
1604,WIKIPEDIA,['MEDICAL'],"['MEDICAL', 'INDUSTRIAL']",['MEDICAL'],"['MEDICAL', 'PERSONAL CARE']"
1605,PUBMED,['INFO'],['FOOD'],"['FOOD', 'INDUSTRIAL']",['INFO']
1606,WIKIPEDIA,['MEDICAL'],['MEDICAL'],['MEDICAL'],['MEDICAL']
1607,WIKIPEDIA,['MEDICAL'],['INFO'],['MEDICAL'],['INFO']
1608,WIKIPEDIA,"['INDUSTRIAL', 'MEDICAL']",['INDUSTRIAL'],['INDUSTRIAL'],['INFO']
1609,PUBMED,['MEDICAL'],['MEDICAL'],['MEDICAL'],['MEDICAL']
1610,PUBMED,['MEDICAL'],['MEDICAL'],['MEDICAL'],['MEDICAL']
1611,WIKIPEDIA,['MEDICAL'],['MEDICAL'],['MEDICAL'],['MEDICAL']
1612,WIKIPEDIA,['MEDICAL'],['MEDICAL'],['MEDICAL'],['MEDICAL']
1613,WIKIPEDIA,['MEDICAL'],['MEDICAL'],['MEDICAL'],['MEDICAL']
1614,WIKIPEDIA,['MEDICAL'],['MEDICAL'],['MEDICAL'],['INFO']
1615,WIKIPEDIA,['MEDICAL'],['MEDICAL'],['MEDICAL'],['INFO']
1616,WIKIPEDIA,['MEDICAL'],['INFO'],['MEDICAL'],['MEDICAL']
1617,WIKIPEDIA,"['MEDICAL', 'INDUSTRIAL']",['MEDICAL'],['INFO'],['INFO']
1618,WIKIPEDIA,['MEDICAL'],['MEDICAL'],['MEDICAL'],['MEDICAL']
1619,PUBMED,"['FOOD', 'INDUSTRIAL']",['INFO'],['INFO'],['FOOD']
1620,WIKIPEDIA,['MEDICAL'],['INFO'],['MEDICAL'],['INFO']
1621,WIKIPEDIA,['MEDICAL'],['MEDICAL'],['MEDICAL'],['MEDICAL']
1622,PUBMED,['MEDICAL'],['MEDICAL'],['MEDICAL'],['INFO']
1623,PUBMED,['MEDICAL'],['INFO'],['MEDICAL'],['INFO']
1624,WIKIPEDIA,['MEDICAL'],['MEDICAL'],['MEDICAL'],['INFO']
1625,WIKIPEDIA,"['ENDOGENOUS', 'INDUSTRIAL']",['INFO'],['ENDOGENOUS'],['INFO']
1626,WIKIPEDIA,['MEDICAL'],['MEDICAL'],['MEDICAL'],['MEDICAL']
1627,WIKIPEDIA,['MEDICAL'],['MEDICAL'],['MEDICAL'],['MEDICAL']
1628,WIKIPEDIA,['MEDICAL'],['MEDICAL'],['MEDICAL'],['INFO']
1629,WIKIPEDIA,['INFO'],['INFO'],['INFO'],['INFO']
1630,PUBMED,['MEDICAL'],['INFO'],['MEDICAL'],['INFO']
1631,WIKIPEDIA,['MEDICAL'],['MEDICAL'],['MEDICAL'],['INFO']
1632,WIKIPEDIA,['MEDICAL'],['MEDICAL'],"['MEDICAL', 'PERSONAL CARE']",['MEDICAL']
1633,WIKIPEDIA,['MEDICAL'],['MEDICAL'],['MEDICAL'],['MEDICAL']
1634,PUBMED,['MEDICAL'],['MEDICAL'],['INFO'],['INFO']
1635,WIKIPEDIA,['ENDOGENOUS'],['ENDOGENOUS'],['ENDOGENOUS'],['ENDOGENOUS']
1636,PUBMED,"['MEDICAL', 'ENDOGENOUS']",['INFO'],['INFO'],"['ENDOGENOUS', 'MEDICAL']"
1637,WIKIPEDIA,"['FOOD', 'ENDOGENOUS']",['FOOD'],['FOOD'],"['FOOD', 'PERSONAL CARE']"
1638,WIKIPEDIA,['MEDICAL'],['INFO'],['MEDICAL'],['INFO']
1639,WIKIPEDIA,['MEDICAL'],['MEDICAL'],['INFO'],['INFO']
1640,WIKIPEDIA,"['FOOD', 'INDUSTRIAL', 'MEDICAL']","['FOOD', 'INDUSTRIAL']","['FOOD', 'INDUSTRIAL', 'MEDICAL']",['INFO']
1641,WIKIPEDIA,['MEDICAL'],['MEDICAL'],['MEDICAL'],['INFO']
1642,WIKIPEDIA,['MEDICAL'],['MEDICAL'],['MEDICAL'],['INFO']
1643,WIKIPEDIA,['MEDICAL'],['MEDICAL'],['MEDICAL'],['MEDICAL']
1644,WIKIPEDIA,"['ENDOGENOUS', 'MEDICAL']",['ENDOGENOUS'],['ENDOGENOUS'],['INFO']
1645,WIKIPEDIA,['MEDICAL'],['MEDICAL'],['MEDICAL'],['MEDICAL']
1646,WIKIPEDIA,['MEDICAL'],['MEDICAL'],['MEDICAL'],['MEDICAL']
1647,WIKIPEDIA,['MEDICAL'],['INFO'],['MEDICAL'],['INFO']
1648,PUBMED,['MEDICAL'],['INFO'],['MEDICAL'],['INFO']
1649,WIKIPEDIA,['MEDICAL'],['MEDICAL'],['MEDICAL'],['MEDICAL']
1650,WIKIPEDIA,['MEDICAL'],['MEDICAL'],['MEDICAL'],['MEDICAL']
1651,WIKIPEDIA,['MEDICAL'],['MEDICAL'],['MEDICAL'],['INFO']
1652,WIKIPEDIA,"['PERSONAL CARE', 'INDUSTRIAL']","['INDUSTRIAL', 'PERSONAL CARE']","['PERSONAL CARE', 'INDUSTRIAL']","['PERSONAL CARE', 'INDUSTRIAL', 'FOOD']"
1653,WIKIPEDIA,['INFO'],['INFO'],['INFO'],"['FOOD', 'PERSONAL CARE']"
1654,WIKIPEDIA,"['MEDICAL', 'PERSONAL CARE']","['MEDICAL', 'PERSONAL CARE', 'INDUSTRIAL']","['MEDICAL', 'PERSONAL CARE']","['MEDICAL', 'PERSONAL CARE', 'INDUSTRIAL']"
1655,PUBMED,['INFO'],['INDUSTRIAL'],['INFO'],['INDUSTRIAL']
1656,PUBMED,['MEDICAL'],['MEDICAL'],['MEDICAL'],['INFO']
1657,WIKIPEDIA,['MEDICAL'],['MEDICAL'],['MEDICAL'],['MEDICAL']
1658,WIKIPEDIA,"['PERSONAL CARE', 'FOOD', 'INDUSTRIAL']","['FOOD', 'PERSONAL CARE']","['FOOD', 'PERSONAL CARE']","['FOOD', 'PERSONAL CARE']"
1659,WIKIPEDIA,"['PERSONAL CARE', 'FOOD']","['FOOD', 'PERSONAL CARE']","['FOOD', 'PERSONAL CARE']",['INFO']
1660,PUBMED,"['MEDICAL', 'FOOD']",['INFO'],"['MEDICAL', 'FOOD']",['INFO']
1661,PUBMED,['INFO'],['INFO'],['INFO'],['INFO']
1662,WIKIPEDIA,['MEDICAL'],['INFO'],['MEDICAL'],['INFO']
1663,PUBMED,['MEDICAL'],['INFO'],['MEDICAL'],['MEDICAL']
1664,WIKIPEDIA,['FOOD'],['FOOD'],['FOOD'],['FOOD']
1665,PUBMED,['MEDICAL'],['INFO'],['MEDICAL'],['MEDICAL']
1666,WIKIPEDIA,['MEDICAL'],['MEDICAL'],['MEDICAL'],['MEDICAL']
1667,WIKIPEDIA,"['MEDICAL', 'INDUSTRIAL']",['INFO'],"['MEDICAL', 'FOOD', 'INDUSTRIAL']",['INFO']
1668,WIKIPEDIA,['MEDICAL'],['INFO'],['MEDICAL'],['INFO']
1669,WIKIPEDIA,"['FOOD', 'INFO']",['FOOD'],['FOOD'],"['FOOD', 'PERSONAL CARE', 'INDUSTRIAL']"
1670,WIKIPEDIA,['MEDICAL'],['INFO'],['MEDICAL'],['INFO']
1671,WIKIPEDIA,['MEDICAL'],['MEDICAL'],['MEDICAL'],['MEDICAL']
1672,WIKIPEDIA,"['MEDICAL', 'ENDOGENOUS', 'FOOD']",['INFO'],"['ENDOGENOUS', 'FOOD']",['INFO']
1673,WIKIPEDIA,['MEDICAL'],['INFO'],['MEDICAL'],['INFO']
1674,WIKIPEDIA,['MEDICAL'],['MEDICAL'],['MEDICAL'],['MEDICAL']
1675,WIKIPEDIA,['MEDICAL'],['MEDICAL'],['MEDICAL'],['MEDICAL']
1676,WIKIPEDIA,"['MEDICAL', 'FOOD']",['MEDICAL'],['MEDICAL'],['MEDICAL']
1677,WIKIPEDIA,['MEDICAL'],['MEDICAL'],['MEDICAL'],['MEDICAL']
1678,WIKIPEDIA,['MEDICAL'],['MEDICAL'],['MEDICAL'],['MEDICAL']
1679,WIKIPEDIA,['MEDICAL'],['MEDICAL'],['MEDICAL'],['MEDICAL']
1680,WIKIPEDIA,"['MEDICAL', 'INDUSTRIAL']","['MEDICAL', 'INDUSTRIAL']",['INDUSTRIAL'],['INFO']
1681,WIKIPEDIA,['FOOD'],['FOOD'],['FOOD'],['FOOD']
1682,WIKIPEDIA,"['FOOD', 'INDUSTRIAL']",['FOOD'],"['FOOD', 'PERSONAL CARE', 'INDUSTRIAL']","['FOOD', 'PERSONAL CARE', 'INDUSTRIAL']"
1683,WIKIPEDIA,['MEDICAL'],['MEDICAL'],['MEDICAL'],['MEDICAL']
1684,WIKIPEDIA,['ENDOGENOUS'],['ENDOGENOUS'],['ENDOGENOUS'],"['ENDOGENOUS', 'FOOD']"
1685,PUBMED,['INDUSTRIAL'],['INFO'],['INFO'],['INFO']
1686,WIKIPEDIA,['INFO'],['INFO'],['INFO'],['INFO']
1687,WIKIPEDIA,['INFO'],['ENDOGENOUS'],['INFO'],['INFO']
1688,WIKIPEDIA,['MEDICAL'],['MEDICAL'],['INFO'],['INFO']
1689,WIKIPEDIA,"['FOOD', 'INDUSTRIAL']","['FOOD', 'INDUSTRIAL']",['INFO'],['INFO']
1690,WIKIPEDIA,"['FOOD', 'INDUSTRIAL', 'MEDICAL']",['FOOD'],"['FOOD', 'INDUSTRIAL', 'MEDICAL']","['FOOD', 'MEDICAL', 'PERSONAL CARE', 'INDUSTRIAL']"
1691,WIKIPEDIA,"['FOOD', 'ENDOGENOUS']",['FOOD'],['FOOD'],['FOOD']
1692,PUBMED,"['MEDICAL', 'FOOD']",['FOOD'],"['MEDICAL', 'FOOD', 'INDUSTRIAL']","['FOOD', 'PERSONAL CARE', 'INDUSTRIAL']"
1693,WIKIPEDIA,['MEDICAL'],['MEDICAL'],['MEDICAL'],['INFO']
1694,WIKIPEDIA,['MEDICAL'],['MEDICAL'],['MEDICAL'],['INFO']
1695,WIKIPEDIA,['MEDICAL'],['MEDICAL'],['MEDICAL'],['MEDICAL']
1696,WIKIPEDIA,"['FOOD', 'ENDOGENOUS', 'MEDICAL']","['ENDOGENOUS', 'FOOD', 'PERSONAL CARE']","['ENDOGENOUS', 'FOOD']","['FOOD', 'PERSONAL CARE', 'INDUSTRIAL']"
1697,,['INFO'],['INFO'],['INFO'],['INFO']
1698,WIKIPEDIA,['MEDICAL'],['INFO'],['MEDICAL'],['INFO']
1699,WIKIPEDIA,['MEDICAL'],['MEDICAL'],['MEDICAL'],['MEDICAL']
1700,WIKIPEDIA,"['MEDICAL', 'FOOD']","['MEDICAL', 'INDUSTRIAL']",['INDUSTRIAL'],['INDUSTRIAL']
1701,PUBMED,['MEDICAL'],['MEDICAL'],['MEDICAL'],['INFO']
1702,WIKIPEDIA,['MEDICAL'],['INFO'],['MEDICAL'],['INFO']
1703,WIKIPEDIA,"['FOOD', 'INDUSTRIAL', 'ENDOGENOUS']",['INFO'],"['FOOD', 'INDUSTRIAL', 'PERSONAL CARE', 'ENDOGENOUS']",['INFO']
1704,WIKIPEDIA,['MEDICAL'],['MEDICAL'],['MEDICAL'],['MEDICAL']
1705,WIKIPEDIA,['MEDICAL'],['MEDICAL'],['MEDICAL'],['MEDICAL']
1706,WIKIPEDIA,['MEDICAL'],['INFO'],['MEDICAL'],['INFO']
1707,WIKIPEDIA,['MEDICAL'],['MEDICAL'],['MEDICAL'],['MEDICAL']
1708,WIKIPEDIA,"['MEDICAL', 'PERSONAL CARE']",['MEDICAL'],"['MEDICAL', 'PERSONAL CARE']",['MEDICAL']
1709,WIKIPEDIA,['MEDICAL'],['MEDICAL'],['MEDICAL'],['MEDICAL']
1710,WIKIPEDIA,['MEDICAL'],['MEDICAL'],['MEDICAL'],['INFO']
1711,WIKIPEDIA,['INDUSTRIAL'],['INDUSTRIAL'],['INDUSTRIAL'],['INDUSTRIAL']
1712,WIKIPEDIA,"['FOOD', 'MEDICAL', 'ENDOGENOUS']","['FOOD', 'MEDICAL']","['ENDOGENOUS', 'FOOD', 'MEDICAL']","['FOOD', 'MEDICAL', 'PERSONAL CARE', 'INDUSTRIAL']"
1713,WIKIPEDIA,"['FOOD', 'ENDOGENOUS', 'MEDICAL']","['ENDOGENOUS', 'FOOD']","['ENDOGENOUS', 'FOOD', 'MEDICAL']","['ENDOGENOUS', 'FOOD', 'MEDICAL', 'INDUSTRIAL']"
1714,WIKIPEDIA,"['FOOD', 'INDUSTRIAL']",['FOOD'],['INFO'],['INFO']
1715,WIKIPEDIA,"['MEDICAL', 'INDUSTRIAL']",['INFO'],['MEDICAL'],['INFO']
1716,WIKIPEDIA,['MEDICAL'],['MEDICAL'],['MEDICAL'],['MEDICAL']
1717,WIKIPEDIA,"['MEDICAL', 'FOOD']","['MEDICAL', 'FOOD']","['MEDICAL', 'FOOD']","['MEDICAL', 'FOOD']"
1718,WIKIPEDIA,['MEDICAL'],['INFO'],['MEDICAL'],['MEDICAL']
1719,,['INFO'],['FOOD'],['INFO'],"['FOOD', 'PERSONAL CARE']"
1720,WIKIPEDIA,"['MEDICAL', 'INDUSTRIAL']",['MEDICAL'],['INDUSTRIAL'],['INFO']
1721,WIKIPEDIA,['MEDICAL'],['MEDICAL'],['MEDICAL'],['MEDICAL']
1722,WIKIPEDIA,['MEDICAL'],['MEDICAL'],['MEDICAL'],['MEDICAL']
1723,PUBMED,"['MEDICAL', 'INFO']",['INFO'],['INFO'],['INFO']
1724,PUBMED,['MEDICAL'],['MEDICAL'],['MEDICAL'],['MEDICAL']
1725,PUBMED,['INFO'],['INFO'],['MEDICAL'],['INFO']
1726,PUBMED,['MEDICAL'],['INFO'],['MEDICAL'],['INFO']
1727,WIKIPEDIA,['MEDICAL'],['MEDICAL'],['MEDICAL'],['MEDICAL']
1728,WIKIPEDIA,['MEDICAL'],['MEDICAL'],['MEDICAL'],['MEDICAL']
1729,WIKIPEDIA,['MEDICAL'],['MEDICAL'],['MEDICAL'],['MEDICAL']
1730,WIKIPEDIA,['MEDICAL'],['MEDICAL'],['MEDICAL'],['MEDICAL']
1731,WIKIPEDIA,"['MEDICAL', 'PERSONAL CARE']",['MEDICAL'],"['MEDICAL', 'PERSONAL CARE']","['MEDICAL', 'PERSONAL CARE']"
1732,WIKIPEDIA,"['ENDOGENOUS', 'MEDICAL']",['ENDOGENOUS'],['ENDOGENOUS'],['ENDOGENOUS']
1733,WIKIPEDIA,['MEDICAL'],['INFO'],['MEDICAL'],['MEDICAL']
1734,WIKIPEDIA,['MEDICAL'],['INFO'],['MEDICAL'],['INFO']
1735,PUBMED,['INFO'],['MEDICAL'],['INFO'],['INFO']
1736,WIKIPEDIA,['MEDICAL'],['MEDICAL'],['INFO'],['INFO']
1737,WIKIPEDIA,['INDUSTRIAL'],['INDUSTRIAL'],['INDUSTRIAL'],['INDUSTRIAL']
1738,WIKIPEDIA,['MEDICAL'],['MEDICAL'],['MEDICAL'],['MEDICAL']
1739,WIKIPEDIA,['MEDICAL'],['MEDICAL'],['MEDICAL'],['MEDICAL']
1740,WIKIPEDIA,"['FOOD', 'MEDICAL', 'PERSONAL CARE']",['FOOD'],"['FOOD', 'PERSONAL CARE', 'MEDICAL']","['FOOD', 'PERSONAL CARE', 'MEDICAL']"
1741,PUBMED,['INFO'],['INFO'],['INFO'],['INFO']
1742,PUBMED,['MEDICAL'],['INFO'],['MEDICAL'],['INFO']
1743,WIKIPEDIA,['INFO'],['INFO'],['INFO'],['INFO']
1744,WIKIPEDIA,"['FOOD', 'MEDICAL', 'PERSONAL CARE']",['INFO'],"['FOOD', 'PERSONAL CARE', 'INDUSTRIAL']","['FOOD', 'PERSONAL CARE']"
1745,WIKIPEDIA,['MEDICAL'],['MEDICAL'],['MEDICAL'],['MEDICAL']
1746,PUBMED,['MEDICAL'],['MEDICAL'],['MEDICAL'],['MEDICAL']
1747,WIKIPEDIA,['MEDICAL'],['MEDICAL'],['MEDICAL'],['MEDICAL']
1748,WIKIPEDIA,['FOOD'],['FOOD'],['FOOD'],['FOOD']
1749,WIKIPEDIA,['MEDICAL'],['INFO'],['MEDICAL'],['MEDICAL']
1750,WIKIPEDIA,['PERSONAL CARE'],['PERSONAL CARE'],['PERSONAL CARE'],['PERSONAL CARE']
1751,WIKIPEDIA,"['MEDICAL', 'FOOD', 'INDUSTRIAL']",['FOOD'],"['MEDICAL', 'FOOD', 'INDUSTRIAL']","['FOOD', 'PERSONAL CARE', 'INDUSTRIAL']"
1752,WIKIPEDIA,['MEDICAL'],['MEDICAL'],['MEDICAL'],['MEDICAL']
1753,WIKIPEDIA,['MEDICAL'],['MEDICAL'],['MEDICAL'],['MEDICAL']
1754,WIKIPEDIA,['MEDICAL'],['MEDICAL'],['MEDICAL'],['MEDICAL']
1755,WIKIPEDIA,"['MEDICAL', 'ENDOGENOUS']","['MEDICAL', 'ENDOGENOUS']","['ENDOGENOUS', 'MEDICAL']","['MEDICAL', 'ENDOGENOUS']"
1756,WIKIPEDIA,['MEDICAL'],['MEDICAL'],['MEDICAL'],['MEDICAL']
1757,WIKIPEDIA,"['INDUSTRIAL', 'ENDOGENOUS', 'PERSONAL CARE', 'MEDICAL']",['INFO'],"['ENDOGENOUS', 'FOOD', 'PERSONAL CARE', 'INDUSTRIAL']",['INFO']
1758,WIKIPEDIA,"['FOOD', 'PERSONAL CARE', 'MEDICAL']",['INFO'],"['FOOD', 'PERSONAL CARE', 'INDUSTRIAL']",['INFO']
1759,WIKIPEDIA,['MEDICAL'],['MEDICAL'],['MEDICAL'],['INFO']
1760,WIKIPEDIA,['MEDICAL'],['MEDICAL'],['MEDICAL'],['MEDICAL']
1761,WIKIPEDIA,"['MEDICAL', 'INDUSTRIAL']","['MEDICAL', 'INDUSTRIAL']","['MEDICAL', 'INDUSTRIAL']",['INFO']
1762,WIKIPEDIA,"['FOOD', 'MEDICAL']","['MEDICAL', 'FOOD']","['MEDICAL', 'FOOD']","['MEDICAL', 'PERSONAL CARE']"
1763,WIKIPEDIA,['MEDICAL'],['MEDICAL'],['MEDICAL'],['MEDICAL']
1764,WIKIPEDIA,"['FOOD', 'MEDICAL']",['INFO'],"['FOOD', 'MEDICAL']",['FOOD']
1765,WIKIPEDIA,['MEDICAL'],['MEDICAL'],['MEDICAL'],['MEDICAL']
1766,WIKIPEDIA,['MEDICAL'],['MEDICAL'],['INFO'],['INFO']
1767,WIKIPEDIA,['MEDICAL'],['MEDICAL'],['MEDICAL'],['INFO']
1768,WIKIPEDIA,['MEDICAL'],['MEDICAL'],['INFO'],['INFO']
1769,WIKIPEDIA,"['FOOD', 'MEDICAL']",['INFO'],"['MEDICAL', 'FOOD']","['MEDICAL', 'FOOD', 'PERSONAL CARE']"
1770,PUBMED,['MEDICAL'],['MEDICAL'],['MEDICAL'],['MEDICAL']
1771,WIKIPEDIA,['MEDICAL'],['MEDICAL'],['MEDICAL'],['MEDICAL']
1772,WIKIPEDIA,"['FOOD', 'MEDICAL']","['FOOD', 'MEDICAL']",['FOOD'],"['FOOD', 'MEDICAL']"
1773,WIKIPEDIA,['MEDICAL'],['MEDICAL'],['MEDICAL'],['MEDICAL']
1774,WIKIPEDIA,"['FOOD', 'MEDICAL']",['INFO'],['FOOD'],['INFO']
1775,WIKIPEDIA,['INFO'],['INFO'],['INFO'],['INFO']
1776,PUBMED,['MEDICAL'],['MEDICAL'],['MEDICAL'],['INFO']
1777,WIKIPEDIA,['MEDICAL'],['MEDICAL'],['MEDICAL'],['MEDICAL']
1778,WIKIPEDIA,"['MEDICAL', 'INDUSTRIAL']","['MEDICAL', 'INDUSTRIAL']","['MEDICAL', 'INDUSTRIAL']",['MEDICAL']
1779,WIKIPEDIA,"['MEDICAL', 'INDUSTRIAL']","['MEDICAL', 'INDUSTRIAL']","['MEDICAL', 'INDUSTRIAL']",['INFO']
1780,WIKIPEDIA,"['FOOD', 'INDUSTRIAL']",['FOOD'],"['FOOD', 'INDUSTRIAL']",['FOOD']
1781,PUBMED,['INFO'],['INFO'],['INFO'],"['ENDOGENOUS', 'FOOD']"
1782,WIKIPEDIA,['MEDICAL'],['MEDICAL'],['MEDICAL'],['MEDICAL']
1783,WIKIPEDIA,['MEDICAL'],['MEDICAL'],['MEDICAL'],['MEDICAL']
1784,WIKIPEDIA,['MEDICAL'],['MEDICAL'],['MEDICAL'],['MEDICAL']
1785,WIKIPEDIA,['MEDICAL'],['MEDICAL'],['MEDICAL'],['MEDICAL']
1786,PUBMED,['INFO'],['INFO'],['INFO'],['INFO']
1787,WIKIPEDIA,"['INDUSTRIAL', 'FOOD']","['INDUSTRIAL', 'FOOD']",['INDUSTRIAL'],"['INDUSTRIAL', 'FOOD']"
1788,PUBMED,['INFO'],['INFO'],['INFO'],['INFO']
1789,WIKIPEDIA,"['FOOD', 'ENDOGENOUS']",['FOOD'],['FOOD'],['FOOD']
1790,WIKIPEDIA,['MEDICAL'],['MEDICAL'],['INFO'],['INDUSTRIAL']
1791,WIKIPEDIA,['INDUSTRIAL'],['INDUSTRIAL'],['INFO'],['INDUSTRIAL']
1792,PUBMED,['MEDICAL'],['MEDICAL'],['MEDICAL'],['MEDICAL']
1793,WIKIPEDIA,"['MEDICAL', 'FOOD']",['MEDICAL'],"['MEDICAL', 'FOOD', 'INDUSTRIAL']","['MEDICAL', 'FOOD', 'INDUSTRIAL']"
1794,WIKIPEDIA,"['MEDICAL', 'PERSONAL CARE']","['MEDICAL', 'PERSONAL CARE']","['MEDICAL', 'PERSONAL CARE']","['MEDICAL', 'PERSONAL CARE']"
1795,PUBMED,['MEDICAL'],['INFO'],['MEDICAL'],['INFO']
1796,WIKIPEDIA,['MEDICAL'],['MEDICAL'],['MEDICAL'],['INFO']
1797,WIKIPEDIA,['MEDICAL'],['INFO'],['MEDICAL'],['INFO']
1798,WIKIPEDIA,['MEDICAL'],['MEDICAL'],['MEDICAL'],['MEDICAL']
1799,WIKIPEDIA,['INFO'],['INFO'],['ENDOGENOUS'],['INFO']
1800,WIKIPEDIA,['MEDICAL'],['MEDICAL'],['MEDICAL'],['MEDICAL']
1801,PUBMED,['MEDICAL'],['INFO'],['MEDICAL'],['INFO']
1802,PUBMED,['INFO'],['INFO'],['INFO'],['INFO']
1803,PUBMED,['INFO'],['INFO'],['INFO'],['INFO']
1804,PUBMED,['MEDICAL'],['INFO'],['MEDICAL'],['INFO']
1805,WIKIPEDIA,['MEDICAL'],['MEDICAL'],['MEDICAL'],['INFO']
1806,WIKIPEDIA,['MEDICAL'],['MEDICAL'],['MEDICAL'],['MEDICAL']
1807,WIKIPEDIA,['MEDICAL'],['MEDICAL'],['MEDICAL'],['MEDICAL']
1808,WIKIPEDIA,['MEDICAL'],['MEDICAL'],['MEDICAL'],['MEDICAL']
1809,WIKIPEDIA,['MEDICAL'],['MEDICAL'],['MEDICAL'],['MEDICAL']
1810,WIKIPEDIA,"['MEDICAL', 'ENDOGENOUS', 'PERSONAL CARE', 'FOOD']","['MEDICAL', 'PERSONAL CARE']","['MEDICAL', 'ENDOGENOUS', 'PERSONAL CARE', 'FOOD']","['MEDICAL', 'PERSONAL CARE', 'FOOD']"
1811,PUBMED,['MEDICAL'],['MEDICAL'],['MEDICAL'],['INFO']
1812,PUBMED,['MEDICAL'],['MEDICAL'],['MEDICAL'],['INFO']
1813,PUBMED,['MEDICAL'],['INFO'],['INFO'],['INFO']
1814,WIKIPEDIA,['MEDICAL'],['MEDICAL'],['MEDICAL'],['MEDICAL']
1815,WIKIPEDIA,['MEDICAL'],['MEDICAL'],['MEDICAL'],['MEDICAL']
1816,WIKIPEDIA,['MEDICAL'],['INFO'],['MEDICAL'],['INFO']
1817,WIKIPEDIA,['ENDOGENOUS'],['ENDOGENOUS'],['ENDOGENOUS'],"['ENDOGENOUS', 'FOOD']"
1818,WIKIPEDIA,"['MEDICAL', 'PERSONAL CARE']","['MEDICAL', 'INDUSTRIAL']","['MEDICAL', 'INDUSTRIAL']","['MEDICAL', 'PERSONAL CARE']"
1819,WIKIPEDIA,['MEDICAL'],['MEDICAL'],['MEDICAL'],['MEDICAL']
1820,PUBMED,['MEDICAL'],['MEDICAL'],['MEDICAL'],['INFO']
1821,WIKIPEDIA,['MEDICAL'],['MEDICAL'],['MEDICAL'],['INFO']
1822,WIKIPEDIA,['MEDICAL'],['MEDICAL'],['MEDICAL'],['MEDICAL']
1823,WIKIPEDIA,['INFO'],['INFO'],['INFO'],['INFO']
1824,WIKIPEDIA,['MEDICAL'],['MEDICAL'],['MEDICAL'],['MEDICAL']
1825,WIKIPEDIA,"['FOOD', 'INFO']",['FOOD'],['FOOD'],['INFO']
1826,WIKIPEDIA,['MEDICAL'],['INFO'],['MEDICAL'],['MEDICAL']
1827,WIKIPEDIA,['MEDICAL'],['MEDICAL'],"['MEDICAL', 'INDUSTRIAL']",['INFO']
1828,WIKIPEDIA,['MEDICAL'],['MEDICAL'],['MEDICAL'],['INFO']
1829,WIKIPEDIA,['MEDICAL'],['MEDICAL'],['MEDICAL'],['MEDICAL']
1830,WIKIPEDIA,['MEDICAL'],['MEDICAL'],['MEDICAL'],['MEDICAL']
1831,WIKIPEDIA,['MEDICAL'],['MEDICAL'],['MEDICAL'],['MEDICAL']
1832,WIKIPEDIA,['MEDICAL'],['MEDICAL'],['MEDICAL'],['MEDICAL']
1833,WIKIPEDIA,['MEDICAL'],['MEDICAL'],['MEDICAL'],['MEDICAL']
1834,WIKIPEDIA,['MEDICAL'],['MEDICAL'],['MEDICAL'],"['MEDICAL', 'PERSONAL CARE']"
1835,PUBMED,['MEDICAL'],['INFO'],['MEDICAL'],['INFO']
1836,PUBMED,['MEDICAL'],['MEDICAL'],['MEDICAL'],['MEDICAL']
1837,WIKIPEDIA,['MEDICAL'],['MEDICAL'],['INFO'],['MEDICAL']
1838,WIKIPEDIA,['MEDICAL'],['MEDICAL'],['MEDICAL'],['MEDICAL']
1839,WIKIPEDIA,"['ENDOGENOUS', 'MEDICAL']",['ENDOGENOUS'],['ENDOGENOUS'],['ENDOGENOUS']
1840,WIKIPEDIA,['MEDICAL'],['MEDICAL'],['MEDICAL'],['MEDICAL']
1841,PUBMED,"['MEDICAL', 'ENDOGENOUS']",['ENDOGENOUS'],['ENDOGENOUS'],['ENDOGENOUS']
1842,PUBMED,['MEDICAL'],['MEDICAL'],['MEDICAL'],['MEDICAL']
1843,WIKIPEDIA,"['ENDOGENOUS', 'FOOD']","['ENDOGENOUS', 'FOOD']",['ENDOGENOUS'],"['ENDOGENOUS', 'FOOD', 'PERSONAL CARE']"
1844,WIKIPEDIA,"['MEDICAL', 'INDUSTRIAL']",['MEDICAL'],['MEDICAL'],['MEDICAL']
1845,WIKIPEDIA,['MEDICAL'],['MEDICAL'],['MEDICAL'],['MEDICAL']
1846,PUBMED,['MEDICAL'],['MEDICAL'],['MEDICAL'],['INFO']
1847,WIKIPEDIA,['MEDICAL'],['MEDICAL'],['MEDICAL'],['MEDICAL']
1848,WIKIPEDIA,['MEDICAL'],['MEDICAL'],['MEDICAL'],['MEDICAL']
1849,WIKIPEDIA,['MEDICAL'],['MEDICAL'],['MEDICAL'],['MEDICAL']
1850,WIKIPEDIA,['MEDICAL'],['MEDICAL'],['MEDICAL'],['MEDICAL']
1851,WIKIPEDIA,['MEDICAL'],['MEDICAL'],['INFO'],['INFO']
1852,WIKIPEDIA,['MEDICAL'],['MEDICAL'],"['MEDICAL', 'ENDOGENOUS']",['INFO']
1853,WIKIPEDIA,"['ENDOGENOUS', 'MEDICAL']",['ENDOGENOUS'],['ENDOGENOUS'],"['ENDOGENOUS', 'FOOD']"
1854,WIKIPEDIA,['ENDOGENOUS'],['INFO'],['ENDOGENOUS'],['ENDOGENOUS']
1855,WIKIPEDIA,"['MEDICAL', 'ENDOGENOUS']",['INFO'],"['MEDICAL', 'ENDOGENOUS', 'FOOD']",['INFO']
1856,WIKIPEDIA,['MEDICAL'],['MEDICAL'],['MEDICAL'],['MEDICAL']
1857,WIKIPEDIA,['MEDICAL'],['MEDICAL'],['MEDICAL'],['MEDICAL']
1858,WIKIPEDIA,['MEDICAL'],['MEDICAL'],['MEDICAL'],['MEDICAL']
1859,WIKIPEDIA,['MEDICAL'],['MEDICAL'],['MEDICAL'],['MEDICAL']
1860,PUBMED,['INFO'],['INFO'],['INFO'],['INFO']
1861,WIKIPEDIA,['MEDICAL'],['INFO'],['MEDICAL'],['INFO']
1862,WIKIPEDIA,['MEDICAL'],['MEDICAL'],['MEDICAL'],['MEDICAL']
1863,WIKIPEDIA,"['MEDICAL', 'INDUSTRIAL']",['INFO'],"['MEDICAL', 'INDUSTRIAL']","['MEDICAL', 'PERSONAL CARE', 'INDUSTRIAL']"
1864,PUBMED,['MEDICAL'],['MEDICAL'],['MEDICAL'],['INFO']
1865,PUBMED,['MEDICAL'],['MEDICAL'],['MEDICAL'],['INFO']
1866,WIKIPEDIA,['MEDICAL'],['MEDICAL'],['MEDICAL'],['INFO']
1867,WIKIPEDIA,"['ENDOGENOUS', 'FOOD']","['ENDOGENOUS', 'FOOD']","['ENDOGENOUS', 'FOOD']","['ENDOGENOUS', 'FOOD']"
1868,WIKIPEDIA,['MEDICAL'],['MEDICAL'],['MEDICAL'],['INFO']
1869,WIKIPEDIA,['MEDICAL'],['MEDICAL'],['MEDICAL'],['MEDICAL']
1870,WIKIPEDIA,['MEDICAL'],['MEDICAL'],['MEDICAL'],['MEDICAL']
1871,WIKIPEDIA,"['MEDICAL', 'INDUSTRIAL']","['MEDICAL', 'INDUSTRIAL']",['INDUSTRIAL'],['MEDICAL']
1872,WIKIPEDIA,['INDUSTRIAL'],['INDUSTRIAL'],['INDUSTRIAL'],['INDUSTRIAL']
1873,WIKIPEDIA,['MEDICAL'],['MEDICAL'],"['MEDICAL', 'INDUSTRIAL']","['MEDICAL', 'INDUSTRIAL']"
1874,WIKIPEDIA,"['FOOD', 'INDUSTRIAL']",['FOOD'],['FOOD'],['FOOD']
1875,WIKIPEDIA,['MEDICAL'],['MEDICAL'],['MEDICAL'],['MEDICAL']
1876,WIKIPEDIA,['MEDICAL'],['MEDICAL'],['MEDICAL'],['MEDICAL']
1877,PUBMED,['MEDICAL'],['INFO'],['MEDICAL'],['INFO']
1878,WIKIPEDIA,"['FOOD', 'MEDICAL']",['FOOD'],"['FOOD', 'MEDICAL']",['FOOD']
1879,WIKIPEDIA,['MEDICAL'],['MEDICAL'],['MEDICAL'],['MEDICAL']
1880,WIKIPEDIA,"['MEDICAL', 'FOOD']","['MEDICAL', 'INDUSTRIAL']","['MEDICAL', 'FOOD']",['INFO']
1881,WIKIPEDIA,['MEDICAL'],['MEDICAL'],"['MEDICAL', 'INDUSTRIAL']",['INFO']
1882,WIKIPEDIA,['MEDICAL'],['MEDICAL'],['MEDICAL'],['MEDICAL']
1883,WIKIPEDIA,['MEDICAL'],['MEDICAL'],['MEDICAL'],['MEDICAL']
1884,WIKIPEDIA,"['FOOD', 'ENDOGENOUS']",['FOOD'],['FOOD'],['FOOD']
1885,WIKIPEDIA,['MEDICAL'],['INFO'],['MEDICAL'],['MEDICAL']
1886,WIKIPEDIA,['MEDICAL'],['INFO'],['MEDICAL'],['INFO']
1887,WIKIPEDIA,['MEDICAL'],['MEDICAL'],['INFO'],['MEDICAL']
1888,WIKIPEDIA,['ENDOGENOUS'],['ENDOGENOUS'],['ENDOGENOUS'],['INFO']
1889,PUBMED,['MEDICAL'],['MEDICAL'],['MEDICAL'],['INFO']
1890,PUBMED,['INFO'],['INDUSTRIAL'],['INFO'],['INFO']
1891,,['INFO'],['MEDICAL'],['INFO'],['MEDICAL']
1892,WIKIPEDIA,"['ENDOGENOUS', 'FOOD']",['ENDOGENOUS'],"['ENDOGENOUS', 'FOOD']","['ENDOGENOUS', 'FOOD']"
1893,WIKIPEDIA,['INFO'],['FOOD'],['FOOD'],['INFO']
1894,PUBMED,['MEDICAL'],['INFO'],['MEDICAL'],['INFO']
1895,WIKIPEDIA,['MEDICAL'],['MEDICAL'],['INFO'],['INFO']
1896,WIKIPEDIA,['MEDICAL'],['MEDICAL'],['MEDICAL'],['INFO']
1897,WIKIPEDIA,['MEDICAL'],['MEDICAL'],['MEDICAL'],['MEDICAL']
1898,WIKIPEDIA,['INDUSTRIAL'],['INDUSTRIAL'],['INDUSTRIAL'],['INDUSTRIAL']
1899,WIKIPEDIA,['MEDICAL'],['MEDICAL'],['MEDICAL'],['MEDICAL']
1900,WIKIPEDIA,['MEDICAL'],['INFO'],['MEDICAL'],['MEDICAL']
1901,WIKIPEDIA,['INFO'],['INFO'],['INFO'],['INFO']
1902,WIKIPEDIA,['MEDICAL'],['MEDICAL'],['MEDICAL'],['MEDICAL']
1903,WIKIPEDIA,['MEDICAL'],['MEDICAL'],['MEDICAL'],['MEDICAL']
1904,WIKIPEDIA,['MEDICAL'],['MEDICAL'],['MEDICAL'],['MEDICAL']
1905,WIKIPEDIA,['INFO'],['INFO'],['INFO'],"['FOOD', 'PERSONAL CARE']"
1906,WIKIPEDIA,"['MEDICAL', 'FOOD']",['FOOD'],"['MEDICAL', 'FOOD']",['INFO']
1907,WIKIPEDIA,"['FOOD', 'ENDOGENOUS']",['FOOD'],['FOOD'],['FOOD']
1908,WIKIPEDIA,['MEDICAL'],['MEDICAL'],['MEDICAL'],['MEDICAL']
1909,WIKIPEDIA,['MEDICAL'],['MEDICAL'],['MEDICAL'],['MEDICAL']
1910,WIKIPEDIA,['MEDICAL'],['MEDICAL'],['MEDICAL'],['MEDICAL']
1911,WIKIPEDIA,['MEDICAL'],['MEDICAL'],['MEDICAL'],['MEDICAL']
1912,WIKIPEDIA,['MEDICAL'],['MEDICAL'],['MEDICAL'],['MEDICAL']
1913,WIKIPEDIA,['MEDICAL'],['MEDICAL'],['MEDICAL'],['MEDICAL']
1914,PUBMED,['MEDICAL'],['MEDICAL'],['MEDICAL'],['INFO']
1915,WIKIPEDIA,['MEDICAL'],['MEDICAL'],['MEDICAL'],['MEDICAL']
1916,WIKIPEDIA,"['FOOD', 'INDUSTRIAL']",['FOOD'],"['FOOD', 'INDUSTRIAL']","['FOOD', 'PERSONAL CARE']"
1917,WIKIPEDIA,['MEDICAL'],['INFO'],['MEDICAL'],['INFO']
1918,WIKIPEDIA,['MEDICAL'],['INFO'],['MEDICAL'],['INFO']
1919,WIKIPEDIA,['MEDICAL'],['MEDICAL'],['MEDICAL'],['MEDICAL']
1920,WIKIPEDIA,['MEDICAL'],['MEDICAL'],['MEDICAL'],['MEDICAL']
1921,WIKIPEDIA,['MEDICAL'],['INFO'],['MEDICAL'],['MEDICAL']
1922,WIKIPEDIA,['MEDICAL'],['MEDICAL'],['MEDICAL'],['MEDICAL']
1923,WIKIPEDIA,['MEDICAL'],['MEDICAL'],['MEDICAL'],['MEDICAL']
1924,WIKIPEDIA,"['MEDICAL', 'FOOD']",['MEDICAL'],"['MEDICAL', 'FOOD']",['INFO']
1925,WIKIPEDIA,['MEDICAL'],['MEDICAL'],['MEDICAL'],['MEDICAL']
1926,WIKIPEDIA,['MEDICAL'],['MEDICAL'],['MEDICAL'],['INFO']
1927,WIKIPEDIA,['MEDICAL'],['MEDICAL'],"['MEDICAL', 'PERSONAL CARE']",['MEDICAL']
1928,WIKIPEDIA,"['FOOD', 'INDUSTRIAL', 'PERSONAL CARE', 'ENDOGENOUS']","['ENDOGENOUS', 'FOOD']","['ENDOGENOUS', 'FOOD', 'PERSONAL CARE', 'INDUSTRIAL']","['ENDOGENOUS', 'FOOD', 'PERSONAL CARE', 'INDUSTRIAL']"
1929,WIKIPEDIA,['MEDICAL'],['INFO'],['MEDICAL'],['MEDICAL']
1930,WIKIPEDIA,['MEDICAL'],['MEDICAL'],['MEDICAL'],['MEDICAL']
1931,WIKIPEDIA,['MEDICAL'],"['MEDICAL', 'FOOD']","['MEDICAL', 'FOOD']",['MEDICAL']
1932,PUBMED,"['MEDICAL', 'FOOD']","['MEDICAL', 'FOOD']","['MEDICAL', 'FOOD']","['MEDICAL', 'FOOD']"
1933,WIKIPEDIA,['MEDICAL'],['MEDICAL'],['MEDICAL'],['MEDICAL']
1934,WIKIPEDIA,"['MEDICAL', 'INDUSTRIAL']","['MEDICAL', 'INDUSTRIAL']",['INDUSTRIAL'],['INFO']
1935,WIKIPEDIA,['MEDICAL'],['MEDICAL'],['MEDICAL'],['MEDICAL']
1936,WIKIPEDIA,"['ENDOGENOUS', 'MEDICAL']","['ENDOGENOUS', 'MEDICAL']","['ENDOGENOUS', 'MEDICAL']","['ENDOGENOUS', 'FOOD', 'PERSONAL CARE']"
1937,WIKIPEDIA,"['ENDOGENOUS', 'MEDICAL']",['ENDOGENOUS'],['ENDOGENOUS'],['ENDOGENOUS']
1938,WIKIPEDIA,"['INFO', 'FOOD']",['INFO'],['INFO'],['INFO']
1939,WIKIPEDIA,['MEDICAL'],['MEDICAL'],['MEDICAL'],['MEDICAL']
1940,PUBMED,['INFO'],['INFO'],['INFO'],['INFO']
1941,PUBMED,['MEDICAL'],['MEDICAL'],['MEDICAL'],['INFO']
1942,WIKIPEDIA,['INFO'],['INFO'],['INFO'],['INFO']
1943,WIKIPEDIA,['MEDICAL'],['MEDICAL'],['MEDICAL'],['MEDICAL']
1944,WIKIPEDIA,"['FOOD', 'MEDICAL']",['INFO'],['INFO'],['INFO']
1945,WIKIPEDIA,['MEDICAL'],['MEDICAL'],['MEDICAL'],['MEDICAL']
1946,WIKIPEDIA,"['ENDOGENOUS', 'FOOD', 'INDUSTRIAL', 'MEDICAL']","['ENDOGENOUS', 'FOOD']",['ENDOGENOUS'],"['ENDOGENOUS', 'FOOD', 'MEDICAL', 'PERSONAL CARE']"
1947,WIKIPEDIA,"['INDUSTRIAL', 'MEDICAL']",['INFO'],['INDUSTRIAL'],['INFO']
1948,WIKIPEDIA,['MEDICAL'],"['MEDICAL', 'INDUSTRIAL']",['MEDICAL'],"['MEDICAL', 'INDUSTRIAL']"
1949,PUBMED,['MEDICAL'],['MEDICAL'],['MEDICAL'],['INFO']
1950,WIKIPEDIA,['MEDICAL'],['MEDICAL'],['MEDICAL'],['MEDICAL']
1951,WIKIPEDIA,['MEDICAL'],['MEDICAL'],['MEDICAL'],['MEDICAL']
1952,WIKIPEDIA,['MEDICAL'],['MEDICAL'],['MEDICAL'],['INFO']
1953,WIKIPEDIA,['MEDICAL'],['MEDICAL'],['MEDICAL'],['MEDICAL']
1954,WIKIPEDIA,['MEDICAL'],['MEDICAL'],['MEDICAL'],['MEDICAL']
1955,WIKIPEDIA,['MEDICAL'],['MEDICAL'],['MEDICAL'],['MEDICAL']
1956,WIKIPEDIA,['MEDICAL'],['MEDICAL'],['MEDICAL'],['MEDICAL']
1957,WIKIPEDIA,['MEDICAL'],['MEDICAL'],['MEDICAL'],['MEDICAL']
1958,WIKIPEDIA,['MEDICAL'],['MEDICAL'],['MEDICAL'],['MEDICAL']
1959,WIKIPEDIA,['ENDOGENOUS'],['ENDOGENOUS'],['ENDOGENOUS'],['ENDOGENOUS']
1960,PUBMED,['MEDICAL'],['MEDICAL'],['MEDICAL'],['INFO']
1961,WIKIPEDIA,['MEDICAL'],['MEDICAL'],['INFO'],['INFO']
1962,WIKIPEDIA,['MEDICAL'],['MEDICAL'],['MEDICAL'],['MEDICAL']
1963,WIKIPEDIA,['MEDICAL'],['MEDICAL'],['MEDICAL'],['MEDICAL']
1964,WIKIPEDIA,"['FOOD', 'INFO']",['FOOD'],"['FOOD', 'PERSONAL CARE', 'INFO']",['FOOD']
1965,WIKIPEDIA,['MEDICAL'],['MEDICAL'],['MEDICAL'],['MEDICAL']
1966,PUBMED,['MEDICAL'],['MEDICAL'],['MEDICAL'],['MEDICAL']
1967,WIKIPEDIA,['MEDICAL'],['MEDICAL'],['MEDICAL'],['MEDICAL']
1968,WIKIPEDIA,['MEDICAL'],['MEDICAL'],['MEDICAL'],"['MEDICAL', 'INDUSTRIAL']"
1969,WIKIPEDIA,['MEDICAL'],['MEDICAL'],['INFO'],['INFO']
1970,WIKIPEDIA,"['MEDICAL', 'FOOD', 'INDUSTRIAL']",['INFO'],"['MEDICAL', 'ENDOGENOUS', 'PERSONAL CARE']",['INFO']
1971,WIKIPEDIA,"['MEDICAL', 'FOOD', 'INDUSTRIAL']","['MEDICAL', 'PERSONAL CARE', 'FOOD']","['MEDICAL', 'ENDOGENOUS', 'PERSONAL CARE']",['PERSONAL CARE']
1972,WIKIPEDIA,['MEDICAL'],['MEDICAL'],['MEDICAL'],['MEDICAL']
1973,WIKIPEDIA,['INFO'],['INFO'],['INFO'],['INFO']
1974,PUBMED,['INFO'],['ENDOGENOUS'],['INFO'],['INFO']
1975,WIKIPEDIA,['MEDICAL'],['MEDICAL'],['MEDICAL'],['MEDICAL']
1976,WIKIPEDIA,['MEDICAL'],['MEDICAL'],['MEDICAL'],['INFO']
1977,WIKIPEDIA,['MEDICAL'],['MEDICAL'],['MEDICAL'],['MEDICAL']
1978,WIKIPEDIA,['MEDICAL'],['MEDICAL'],['INFO'],['INFO']
1979,WIKIPEDIA,['MEDICAL'],['MEDICAL'],['MEDICAL'],['MEDICAL']
1980,WIKIPEDIA,['MEDICAL'],['MEDICAL'],['MEDICAL'],['MEDICAL']
1981,WIKIPEDIA,['MEDICAL'],['MEDICAL'],['MEDICAL'],['MEDICAL']
1982,WIKIPEDIA,['INFO'],"['MEDICAL', 'INDUSTRIAL']",['INFO'],['INFO']
1983,WIKIPEDIA,['FOOD'],['INFO'],['INFO'],['INFO']
1984,WIKIPEDIA,['MEDICAL'],['MEDICAL'],['MEDICAL'],['MEDICAL']
1985,WIKIPEDIA,['MEDICAL'],['INFO'],"['MEDICAL', 'FOOD']","['MEDICAL', 'PERSONAL CARE']"
1986,WIKIPEDIA,['MEDICAL'],['MEDICAL'],['MEDICAL'],['MEDICAL']
1987,PUBMED,['INFO'],['INFO'],['INFO'],['INFO']
1988,WIKIPEDIA,['MEDICAL'],['MEDICAL'],['INFO'],['INFO']
1989,PUBMED,['MEDICAL'],['INFO'],['INFO'],['INFO']
1990,WIKIPEDIA,['MEDICAL'],['MEDICAL'],['MEDICAL'],['MEDICAL']
1991,WIKIPEDIA,['MEDICAL'],['MEDICAL'],['MEDICAL'],['MEDICAL']
1992,WIKIPEDIA,"['MEDICAL', 'ENDOGENOUS', 'FOOD']","['MEDICAL', 'ENDOGENOUS', 'FOOD']","['MEDICAL', 'ENDOGENOUS', 'FOOD']",['INFO']
1993,WIKIPEDIA,['MEDICAL'],['MEDICAL'],['MEDICAL'],['MEDICAL']
1994,PUBMED,['INFO'],['INFO'],['INFO'],['INFO']
1995,WIKIPEDIA,['MEDICAL'],['MEDICAL'],['MEDICAL'],['MEDICAL']
1996,WIKIPEDIA,['MEDICAL'],['MEDICAL'],['MEDICAL'],['MEDICAL']
1997,WIKIPEDIA,['MEDICAL'],['MEDICAL'],['MEDICAL'],['MEDICAL']
1998,WIKIPEDIA,['MEDICAL'],['MEDICAL'],['INFO'],['INFO']
1999,PUBMED,['MEDICAL'],['INFO'],['INFO'],['INFO']
2000,PUBMED,['MEDICAL'],['INFO'],"['MEDICAL', 'FOOD']",['INFO']
2001,WIKIPEDIA,"['MEDICAL', 'FOOD']",['INFO'],"['MEDICAL', 'FOOD']",['MEDICAL']
2002,PUBMED,['MEDICAL'],['MEDICAL'],['MEDICAL'],['INFO']
2003,WIKIPEDIA,"['FOOD', 'INFO']",['FOOD'],['FOOD'],['FOOD']
2004,WIKIPEDIA,['MEDICAL'],['MEDICAL'],['MEDICAL'],['MEDICAL']
2005,WIKIPEDIA,['INFO'],['INFO'],['INFO'],['INFO']
2006,WIKIPEDIA,['MEDICAL'],['MEDICAL'],['MEDICAL'],['MEDICAL']
2007,WIKIPEDIA,['INFO'],['INFO'],"['ENDOGENOUS', 'INDUSTRIAL']",['INFO']
2008,PUBMED,['INFO'],['MEDICAL'],['INFO'],['MEDICAL']
2009,PUBMED,['MEDICAL'],['INFO'],['MEDICAL'],['MEDICAL']
2010,WIKIPEDIA,"['MEDICAL', 'INDUSTRIAL']",['MEDICAL'],['MEDICAL'],['INFO']
2011,WIKIPEDIA,['MEDICAL'],['MEDICAL'],['MEDICAL'],['MEDICAL']
2012,WIKIPEDIA,['MEDICAL'],['MEDICAL'],['MEDICAL'],['MEDICAL']
2013,WIKIPEDIA,['MEDICAL'],['MEDICAL'],['MEDICAL'],['MEDICAL']
2014,PUBMED,['MEDICAL'],['INFO'],['MEDICAL'],['INFO']
2015,WIKIPEDIA,['MEDICAL'],['MEDICAL'],['MEDICAL'],['MEDICAL']
2016,WIKIPEDIA,['INFO'],['MEDICAL'],['INFO'],['MEDICAL']
2017,WIKIPEDIA,['MEDICAL'],['INFO'],"['MEDICAL', 'PERSONAL CARE']",['INFO']
2018,WIKIPEDIA,['MEDICAL'],['MEDICAL'],['MEDICAL'],['MEDICAL']
2019,WIKIPEDIA,['PERSONAL CARE'],['PERSONAL CARE'],['PERSONAL CARE'],['PERSONAL CARE']
2020,WIKIPEDIA,['MEDICAL'],['MEDICAL'],['MEDICAL'],['MEDICAL']
2021,PUBMED,['MEDICAL'],['MEDICAL'],['MEDICAL'],['INFO']
2022,WIKIPEDIA,['MEDICAL'],['MEDICAL'],['INFO'],['INFO']
2023,WIKIPEDIA,['MEDICAL'],['MEDICAL'],['MEDICAL'],['INFO']
2024,PUBMED,['INFO'],['INFO'],['INFO'],['ENDOGENOUS']
2025,WIKIPEDIA,['MEDICAL'],['MEDICAL'],['MEDICAL'],['MEDICAL']
2026,WIKIPEDIA,['MEDICAL'],['INFO'],['INFO'],['MEDICAL']
2027,PUBMED,['MEDICAL'],['INFO'],['INFO'],['INFO']
2028,WIKIPEDIA,['MEDICAL'],['MEDICAL'],['INFO'],['INFO']
2029,PUBMED,['MEDICAL'],['INFO'],['MEDICAL'],['MEDICAL']
2030,WIKIPEDIA,"['ENDOGENOUS', 'MEDICAL']","['ENDOGENOUS', 'MEDICAL']","['ENDOGENOUS', 'MEDICAL']","['ENDOGENOUS', 'MEDICAL']"
2031,WIKIPEDIA,['MEDICAL'],['MEDICAL'],['MEDICAL'],['INFO']
2032,WIKIPEDIA,"['FOOD', 'MEDICAL']","['ENDOGENOUS', 'FOOD']","['ENDOGENOUS', 'FOOD', 'PERSONAL CARE']","['ENDOGENOUS', 'FOOD']"
2033,WIKIPEDIA,['INFO'],['FOOD'],['INFO'],['INFO']
2034,WIKIPEDIA,['MEDICAL'],['MEDICAL'],['MEDICAL'],['INFO']
2035,WIKIPEDIA,['INFO'],['INFO'],['INFO'],['INFO']
2036,WIKIPEDIA,"['FOOD', 'INDUSTRIAL']","['FOOD', 'INDUSTRIAL', 'PERSONAL CARE']","['FOOD', 'INDUSTRIAL']","['FOOD', 'PERSONAL CARE', 'INDUSTRIAL']"
2037,WIKIPEDIA,['MEDICAL'],['INFO'],['MEDICAL'],['MEDICAL']
2038,PUBMED,['INFO'],['INFO'],['INFO'],['INFO']
2039,WIKIPEDIA,['MEDICAL'],['MEDICAL'],['MEDICAL'],['MEDICAL']
2040,PUBMED,"['MEDICAL', 'FOOD']",['MEDICAL'],['MEDICAL'],['MEDICAL']
2041,WIKIPEDIA,['MEDICAL'],['MEDICAL'],['MEDICAL'],['MEDICAL']
2042,PUBMED,['INFO'],['INDUSTRIAL'],['INFO'],['INFO']
2043,WIKIPEDIA,"['MEDICAL', 'ENDOGENOUS']",['INDUSTRIAL'],"['MEDICAL', 'FOOD']",['INFO']
2044,WIKIPEDIA,['MEDICAL'],['MEDICAL'],['MEDICAL'],['INFO']
2045,WIKIPEDIA,['MEDICAL'],['MEDICAL'],['MEDICAL'],['INFO']
2046,WIKIPEDIA,['MEDICAL'],['MEDICAL'],['MEDICAL'],['MEDICAL']
2047,PUBMED,['INFO'],['INFO'],['INFO'],['INFO']
2048,PUBMED,['MEDICAL'],['MEDICAL'],['MEDICAL'],['MEDICAL']
2049,WIKIPEDIA,['MEDICAL'],['MEDICAL'],['MEDICAL'],['INFO']
2050,WIKIPEDIA,['MEDICAL'],['MEDICAL'],['MEDICAL'],['INFO']
2051,WIKIPEDIA,['MEDICAL'],['INFO'],['MEDICAL'],['INFO']
2052,WIKIPEDIA,"['INDUSTRIAL', 'PERSONAL CARE']","['INDUSTRIAL', 'FOOD']","['INDUSTRIAL', 'PERSONAL CARE']",['INFO']
2053,WIKIPEDIA,['MEDICAL'],['MEDICAL'],['MEDICAL'],['MEDICAL']
2054,PUBMED,['MEDICAL'],['MEDICAL'],['MEDICAL'],['MEDICAL']
2055,WIKIPEDIA,['INDUSTRIAL'],['INFO'],['INDUSTRIAL'],['INDUSTRIAL']
2056,WIKIPEDIA,"['INDUSTRIAL', 'FOOD', 'MEDICAL']","['FOOD', 'INDUSTRIAL']","['FOOD', 'INDUSTRIAL']","['FOOD', 'INDUSTRIAL']"
2057,PUBMED,['MEDICAL'],['MEDICAL'],['MEDICAL'],['INFO']
2058,WIKIPEDIA,['MEDICAL'],['INFO'],['MEDICAL'],['MEDICAL']
2059,WIKIPEDIA,['MEDICAL'],['MEDICAL'],['MEDICAL'],['INFO']
2060,WIKIPEDIA,['MEDICAL'],['INFO'],['MEDICAL'],['INFO']
2061,PUBMED,['MEDICAL'],['MEDICAL'],['MEDICAL'],['INFO']
2062,WIKIPEDIA,['MEDICAL'],['MEDICAL'],['MEDICAL'],['MEDICAL']
2063,WIKIPEDIA,['MEDICAL'],['MEDICAL'],['MEDICAL'],['MEDICAL']
2064,WIKIPEDIA,['MEDICAL'],['MEDICAL'],['MEDICAL'],['MEDICAL']
2065,WIKIPEDIA,['MEDICAL'],['MEDICAL'],['MEDICAL'],['MEDICAL']
2066,WIKIPEDIA,['MEDICAL'],['MEDICAL'],['MEDICAL'],['MEDICAL']
2067,WIKIPEDIA,['MEDICAL'],['MEDICAL'],['MEDICAL'],['MEDICAL']
2068,WIKIPEDIA,['MEDICAL'],['MEDICAL'],['MEDICAL'],['MEDICAL']
2069,WIKIPEDIA,"['INDUSTRIAL', 'FOOD']","['INDUSTRIAL', 'PERSONAL CARE']",['INFO'],['INFO']
2070,WIKIPEDIA,['MEDICAL'],['MEDICAL'],['MEDICAL'],['MEDICAL']
2071,WIKIPEDIA,['MEDICAL'],"['MEDICAL', 'FOOD']",['MEDICAL'],['MEDICAL']
2072,WIKIPEDIA,['MEDICAL'],['MEDICAL'],['MEDICAL'],['MEDICAL']
2073,WIKIPEDIA,"['MEDICAL', 'INDUSTRIAL']",['INFO'],['INFO'],['INFO']
2074,PUBMED,['MEDICAL'],['INFO'],['MEDICAL'],['INFO']
2075,WIKIPEDIA,['MEDICAL'],['MEDICAL'],['MEDICAL'],['MEDICAL']
2076,WIKIPEDIA,['MEDICAL'],['MEDICAL'],['MEDICAL'],['INFO']
2077,PUBMED,['INFO'],['INFO'],['INFO'],"['ENDOGENOUS', 'FOOD', 'PERSONAL CARE']"
2078,WIKIPEDIA,['MEDICAL'],['MEDICAL'],['MEDICAL'],['MEDICAL']
2079,WIKIPEDIA,"['MEDICAL', 'FOOD']",['MEDICAL'],"['MEDICAL', 'ENDOGENOUS', 'FOOD']",['INFO']
2080,WIKIPEDIA,['MEDICAL'],['INFO'],['INFO'],['MEDICAL']
2081,,['INFO'],['MEDICAL'],['INFO'],['INFO']
2082,WIKIPEDIA,['MEDICAL'],['MEDICAL'],['MEDICAL'],['INFO']
2083,WIKIPEDIA,"['FOOD', 'ENDOGENOUS']",['FOOD'],['FOOD'],"['FOOD', 'PERSONAL CARE']"
2084,WIKIPEDIA,['INDUSTRIAL'],['INFO'],['INFO'],['INFO']
2085,PUBMED,['MEDICAL'],['INFO'],['MEDICAL'],['INFO']
2086,PUBMED,['INFO'],['INFO'],['INFO'],['INFO']
2087,WIKIPEDIA,"['FOOD', 'INDUSTRIAL', 'MEDICAL', 'ENDOGENOUS', 'PERSONAL CARE']","['ENDOGENOUS', 'FOOD', 'PERSONAL CARE', 'INDUSTRIAL']","['ENDOGENOUS', 'FOOD', 'PERSONAL CARE', 'MEDICAL', 'INDUSTRIAL']","['ENDOGENOUS', 'FOOD', 'PERSONAL CARE', 'INDUSTRIAL']"
2088,WIKIPEDIA,"['FOOD', 'INDUSTRIAL', 'MEDICAL', 'ENDOGENOUS']",['INFO'],"['ENDOGENOUS', 'FOOD', 'PERSONAL CARE', 'MEDICAL', 'INDUSTRIAL']",['INFO']
2089,WIKIPEDIA,['MEDICAL'],['MEDICAL'],['MEDICAL'],['MEDICAL']
2090,WIKIPEDIA,['MEDICAL'],['MEDICAL'],['MEDICAL'],['MEDICAL']
2091,WIKIPEDIA,['MEDICAL'],['MEDICAL'],['MEDICAL'],['MEDICAL']
2092,WIKIPEDIA,['MEDICAL'],['MEDICAL'],['MEDICAL'],['MEDICAL']
2093,WIKIPEDIA,['MEDICAL'],['INFO'],['MEDICAL'],['INFO']
2094,WIKIPEDIA,['MEDICAL'],['MEDICAL'],['MEDICAL'],['MEDICAL']
2095,WIKIPEDIA,"['INDUSTRIAL', 'ENDOGENOUS']","['ENDOGENOUS', 'INDUSTRIAL']","['ENDOGENOUS', 'FOOD', 'INDUSTRIAL']",['INFO']
2096,WIKIPEDIA,['MEDICAL'],['MEDICAL'],['MEDICAL'],['MEDICAL']
2097,PUBMED,['MEDICAL'],['MEDICAL'],['MEDICAL'],['INFO']
2098,PUBMED,"['MEDICAL', 'FOOD']",['INFO'],"['MEDICAL', 'FOOD']","['FOOD', 'PERSONAL CARE']"
2099,WIKIPEDIA,['INFO'],['INFO'],"['ENDOGENOUS', 'MEDICAL']","['MEDICAL', 'ENDOGENOUS']"
2100,WIKIPEDIA,"['FOOD', 'MEDICAL']",['FOOD'],"['FOOD', 'MEDICAL', 'INDUSTRIAL']","['FOOD', 'MEDICAL']"
2101,WIKIPEDIA,"['FOOD', 'MEDICAL', 'PERSONAL CARE']","['FOOD', 'PERSONAL CARE', 'INDUSTRIAL']","['FOOD', 'PERSONAL CARE', 'MEDICAL']","['FOOD', 'PERSONAL CARE']"
2102,WIKIPEDIA,['MEDICAL'],['MEDICAL'],['MEDICAL'],['MEDICAL']
2103,PUBMED,['INDUSTRIAL'],['INDUSTRIAL'],['INFO'],['INDUSTRIAL']
2104,WIKIPEDIA,['MEDICAL'],['MEDICAL'],['MEDICAL'],['MEDICAL']
2105,WIKIPEDIA,"['FOOD', 'MEDICAL', 'ENDOGENOUS']","['FOOD', 'MEDICAL']","['ENDOGENOUS', 'FOOD', 'MEDICAL']","['FOOD', 'MEDICAL']"
2106,WIKIPEDIA,['MEDICAL'],['MEDICAL'],['MEDICAL'],['MEDICAL']
2107,WIKIPEDIA,['MEDICAL'],['MEDICAL'],['MEDICAL'],['MEDICAL']
2108,WIKIPEDIA,['MEDICAL'],['MEDICAL'],['MEDICAL'],['MEDICAL']
2109,PUBMED,['MEDICAL'],['MEDICAL'],['MEDICAL'],['INFO']
2110,WIKIPEDIA,['MEDICAL'],['MEDICAL'],['MEDICAL'],['MEDICAL']
2111,WIKIPEDIA,"['INDUSTRIAL', 'PERSONAL CARE']","['INDUSTRIAL', 'PERSONAL CARE', 'FOOD']",['INFO'],['INFO']
2112,WIKIPEDIA,['MEDICAL'],['MEDICAL'],['MEDICAL'],['MEDICAL']
2113,PUBMED,['INDUSTRIAL'],['INFO'],['INFO'],['INFO']
2114,WIKIPEDIA,"['ENDOGENOUS', 'MEDICAL']","['ENDOGENOUS', 'MEDICAL']","['ENDOGENOUS', 'MEDICAL']","['ENDOGENOUS', 'MEDICAL']"
2115,WIKIPEDIA,['MEDICAL'],['MEDICAL'],['MEDICAL'],['MEDICAL']
2116,PUBMED,['MEDICAL'],['MEDICAL'],['INFO'],['INFO']
2117,PUBMED,"['MEDICAL', 'INDUSTRIAL']",['INFO'],['INDUSTRIAL'],['INFO']
2118,WIKIPEDIA,['MEDICAL'],['MEDICAL'],['MEDICAL'],['INFO']
2119,WIKIPEDIA,['INFO'],['INFO'],['INFO'],['INFO']
2120,WIKIPEDIA,"['INDUSTRIAL', 'FOOD', 'MEDICAL', 'PERSONAL CARE']","['MEDICAL', 'INDUSTRIAL', 'FOOD', 'PERSONAL CARE']","['INDUSTRIAL', 'FOOD', 'MEDICAL', 'PERSONAL CARE']","['MEDICAL', 'FOOD', 'PERSONAL CARE', 'INDUSTRIAL']"
2121,WIKIPEDIA,"['FOOD', 'ENDOGENOUS']","['ENDOGENOUS', 'FOOD']","['ENDOGENOUS', 'FOOD']","['ENDOGENOUS', 'FOOD']"
2122,WIKIPEDIA,['MEDICAL'],['MEDICAL'],['MEDICAL'],['MEDICAL']
2123,WIKIPEDIA,['MEDICAL'],['MEDICAL'],['MEDICAL'],['MEDICAL']
2124,WIKIPEDIA,"['FOOD', 'ENDOGENOUS']",['FOOD'],"['FOOD', 'INDUSTRIAL']","['FOOD', 'PERSONAL CARE', 'MEDICAL']"
2125,WIKIPEDIA,"['ENDOGENOUS', 'FOOD', 'INDUSTRIAL', 'MEDICAL']","['FOOD', 'ENDOGENOUS', 'INDUSTRIAL']","['ENDOGENOUS', 'FOOD', 'INDUSTRIAL']","['ENDOGENOUS', 'FOOD', 'PERSONAL CARE', 'INDUSTRIAL']"
2126,WIKIPEDIA,['MEDICAL'],['MEDICAL'],['MEDICAL'],['MEDICAL']
2127,WIKIPEDIA,['MEDICAL'],['MEDICAL'],['MEDICAL'],['MEDICAL']
2128,WIKIPEDIA,['MEDICAL'],['MEDICAL'],['MEDICAL'],['MEDICAL']
2129,WIKIPEDIA,"['FOOD', 'INFO']",['FOOD'],['FOOD'],['FOOD']
2130,WIKIPEDIA,['INFO'],['FOOD'],['INFO'],['INFO']
2131,WIKIPEDIA,['MEDICAL'],"['ENDOGENOUS', 'MEDICAL']",['MEDICAL'],['INFO']
2132,PUBMED,['MEDICAL'],['INFO'],['MEDICAL'],['INFO']
2133,WIKIPEDIA,['MEDICAL'],['MEDICAL'],['MEDICAL'],['MEDICAL']
2134,WIKIPEDIA,['MEDICAL'],['INFO'],['MEDICAL'],['INFO']
2135,WIKIPEDIA,"['MEDICAL', 'INDUSTRIAL', 'PERSONAL CARE']","['INDUSTRIAL', 'PERSONAL CARE', 'MEDICAL']","['INDUSTRIAL', 'PERSONAL CARE', 'MEDICAL']","['INDUSTRIAL', 'PERSONAL CARE', 'FOOD']"
2136,WIKIPEDIA,['FOOD'],['INFO'],"['FOOD', 'PERSONAL CARE']",['INFO']
2137,PUBMED,['MEDICAL'],['MEDICAL'],['MEDICAL'],['INFO']
2138,PUBMED,['INFO'],['INFO'],['INFO'],['INFO']
2139,WIKIPEDIA,['MEDICAL'],['MEDICAL'],['MEDICAL'],['MEDICAL']
2140,WIKIPEDIA,['MEDICAL'],['MEDICAL'],['MEDICAL'],['MEDICAL']
2141,WIKIPEDIA,['ENDOGENOUS'],['INFO'],['ENDOGENOUS'],['INFO']
2142,WIKIPEDIA,"['INDUSTRIAL', 'ENDOGENOUS', 'FOOD']","['ENDOGENOUS', 'FOOD']","['ENDOGENOUS', 'FOOD', 'INDUSTRIAL']","['ENDOGENOUS', 'FOOD', 'INDUSTRIAL']"
2143,WIKIPEDIA,['MEDICAL'],['INFO'],['MEDICAL'],['MEDICAL']
2144,WIKIPEDIA,['MEDICAL'],['MEDICAL'],['MEDICAL'],['MEDICAL']
2145,WIKIPEDIA,['MEDICAL'],['MEDICAL'],['MEDICAL'],['MEDICAL']
2146,WIKIPEDIA,"['INDUSTRIAL', 'MEDICAL']",['INFO'],['INDUSTRIAL'],['INFO']
2147,WIKIPEDIA,['MEDICAL'],['MEDICAL'],['MEDICAL'],['MEDICAL']
2148,WIKIPEDIA,['MEDICAL'],['MEDICAL'],['MEDICAL'],['MEDICAL']
2149,WIKIPEDIA,['MEDICAL'],['MEDICAL'],['MEDICAL'],['MEDICAL']
2150,PUBMED,['MEDICAL'],['INFO'],['MEDICAL'],['INFO']
2151,WIKIPEDIA,"['FOOD', 'INDUSTRIAL']","['FOOD', 'INDUSTRIAL', 'PERSONAL CARE']","['FOOD', 'PERSONAL CARE', 'INDUSTRIAL']","['FOOD', 'PERSONAL CARE', 'INDUSTRIAL']"
2152,WIKIPEDIA,['MEDICAL'],['INDUSTRIAL'],['MEDICAL'],['INFO']
2153,PUBMED,['MEDICAL'],['INFO'],['MEDICAL'],['INFO']
2154,WIKIPEDIA,"['MEDICAL', 'ENDOGENOUS']",['ENDOGENOUS'],"['ENDOGENOUS', 'MEDICAL']","['ENDOGENOUS', 'FOOD', 'INDUSTRIAL']"
2155,WIKIPEDIA,"['FOOD', 'MEDICAL', 'PERSONAL CARE']",['INFO'],"['FOOD', 'PERSONAL CARE', 'INFO']",['INFO']
2156,WIKIPEDIA,['MEDICAL'],['MEDICAL'],['MEDICAL'],['MEDICAL']
2157,WIKIPEDIA,['INFO'],['INFO'],['INFO'],['INFO']
2158,WIKIPEDIA,['MEDICAL'],['MEDICAL'],['MEDICAL'],['MEDICAL']
2159,WIKIPEDIA,['MEDICAL'],['MEDICAL'],['MEDICAL'],['INFO']
2160,WIKIPEDIA,"['MEDICAL', 'INDUSTRIAL', 'PERSONAL CARE']",['INFO'],"['MEDICAL', 'PERSONAL CARE', 'INDUSTRIAL', 'FOOD']",['MEDICAL']
2161,WIKIPEDIA,['MEDICAL'],['MEDICAL'],['MEDICAL'],['MEDICAL']
2162,PUBMED,['INFO'],['INFO'],['INFO'],['INFO']
2163,PUBMED,['MEDICAL'],['MEDICAL'],['MEDICAL'],['INFO']
2164,WIKIPEDIA,['MEDICAL'],['MEDICAL'],['MEDICAL'],['MEDICAL']
2165,WIKIPEDIA,['MEDICAL'],['MEDICAL'],['MEDICAL'],['MEDICAL']
2166,WIKIPEDIA,['MEDICAL'],['MEDICAL'],['MEDICAL'],['MEDICAL']
2167,WIKIPEDIA,['MEDICAL'],['MEDICAL'],['MEDICAL'],['MEDICAL']
2168,PUBMED,['INFO'],['INFO'],['INFO'],['INFO']
2169,WIKIPEDIA,['MEDICAL'],['MEDICAL'],['MEDICAL'],['MEDICAL']
2170,PUBMED,['INFO'],['PERSONAL CARE'],['INFO'],['PERSONAL CARE']
2171,PUBMED,"['PERSONAL CARE', 'MEDICAL']",['PERSONAL CARE'],"['PERSONAL CARE', 'MEDICAL']",['PERSONAL CARE']
2172,WIKIPEDIA,['MEDICAL'],['MEDICAL'],['MEDICAL'],['MEDICAL']
2173,PUBMED,['MEDICAL'],['MEDICAL'],['MEDICAL'],['INFO']
2174,PUBMED,['MEDICAL'],['INFO'],['MEDICAL'],['MEDICAL']
2175,WIKIPEDIA,['MEDICAL'],['MEDICAL'],['MEDICAL'],['MEDICAL']
2176,WIKIPEDIA,['MEDICAL'],['MEDICAL'],['MEDICAL'],['MEDICAL']
2177,PUBMED,['MEDICAL'],['MEDICAL'],['MEDICAL'],['MEDICAL']
2178,WIKIPEDIA,['MEDICAL'],['INFO'],['MEDICAL'],['MEDICAL']
2179,WIKIPEDIA,['INFO'],['INFO'],['INFO'],['INFO']
2180,WIKIPEDIA,"['MEDICAL', 'INDUSTRIAL']",['INDUSTRIAL'],"['MEDICAL', 'INDUSTRIAL', 'FOOD']",['INFO']
2181,WIKIPEDIA,['MEDICAL'],['INFO'],['MEDICAL'],['INFO']
2182,WIKIPEDIA,['INFO'],['INFO'],['INFO'],['INFO']
2183,WIKIPEDIA,['MEDICAL'],['INFO'],['MEDICAL'],['INFO']
2184,WIKIPEDIA,"['MEDICAL', 'INDUSTRIAL']","['MEDICAL', 'INDUSTRIAL']","['MEDICAL', 'INDUSTRIAL']",['INFO']
2185,WIKIPEDIA,['MEDICAL'],['MEDICAL'],['INFO'],['MEDICAL']
2186,WIKIPEDIA,"['FOOD', 'ENDOGENOUS']",['FOOD'],['FOOD'],"['FOOD', 'PERSONAL CARE']"
2187,WIKIPEDIA,['MEDICAL'],['MEDICAL'],['MEDICAL'],['INFO']
2188,WIKIPEDIA,['MEDICAL'],['MEDICAL'],['MEDICAL'],['MEDICAL']
2189,WIKIPEDIA,['MEDICAL'],['MEDICAL'],['MEDICAL'],['MEDICAL']
2190,WIKIPEDIA,['MEDICAL'],['MEDICAL'],['MEDICAL'],['MEDICAL']
2191,PUBMED,['MEDICAL'],['INDUSTRIAL'],['MEDICAL'],['INFO']
2192,WIKIPEDIA,"['FOOD', 'INFO']",['FOOD'],['FOOD'],['FOOD']
2193,,['INFO'],['INFO'],['INFO'],['ENDOGENOUS']
2194,WIKIPEDIA,['MEDICAL'],['INFO'],['MEDICAL'],['MEDICAL']
2195,WIKIPEDIA,['MEDICAL'],['MEDICAL'],['MEDICAL'],['MEDICAL']
2196,PUBMED,['MEDICAL'],['MEDICAL'],['MEDICAL'],['INFO']
2197,WIKIPEDIA,['MEDICAL'],['MEDICAL'],['MEDICAL'],['INFO']
2198,PUBMED,['INDUSTRIAL'],['INDUSTRIAL'],['INFO'],['INDUSTRIAL']
2199,WIKIPEDIA,"['INDUSTRIAL', 'PERSONAL CARE', 'MEDICAL']","['PERSONAL CARE', 'INDUSTRIAL']","['INDUSTRIAL', 'PERSONAL CARE', 'MEDICAL']","['PERSONAL CARE', 'INDUSTRIAL']"
2200,WIKIPEDIA,['MEDICAL'],['MEDICAL'],['MEDICAL'],['INFO']
2201,WIKIPEDIA,['MEDICAL'],['INFO'],['MEDICAL'],['MEDICAL']
2202,WIKIPEDIA,['MEDICAL'],['MEDICAL'],['MEDICAL'],['INFO']
2203,WIKIPEDIA,['MEDICAL'],['INFO'],['MEDICAL'],['MEDICAL']
2204,WIKIPEDIA,"['MEDICAL', 'FOOD', 'ENDOGENOUS']",['MEDICAL'],"['MEDICAL', 'ENDOGENOUS', 'FOOD']",['INFO']
2205,PUBMED,['MEDICAL'],['MEDICAL'],['MEDICAL'],['INFO']
2206,WIKIPEDIA,"['INDUSTRIAL', 'FOOD', 'MEDICAL']",['INDUSTRIAL'],"['FOOD', 'INDUSTRIAL', 'PERSONAL CARE']","['INDUSTRIAL', 'PERSONAL CARE']"
2207,WIKIPEDIA,['INFO'],['INFO'],['INFO'],['INFO']
2208,WIKIPEDIA,['MEDICAL'],['MEDICAL'],['MEDICAL'],['MEDICAL']
2209,PUBMED,['INFO'],['INFO'],['INFO'],['INFO']
2210,WIKIPEDIA,"['ENDOGENOUS', 'MEDICAL', 'FOOD', 'INDUSTRIAL']","['ENDOGENOUS', 'MEDICAL']","['ENDOGENOUS', 'MEDICAL', 'FOOD', 'INDUSTRIAL']","['ENDOGENOUS', 'MEDICAL', 'FOOD']"
2211,PUBMED,['MEDICAL'],['MEDICAL'],['MEDICAL'],['MEDICAL']
2212,WIKIPEDIA,['MEDICAL'],['MEDICAL'],['MEDICAL'],['MEDICAL']
2213,WIKIPEDIA,['MEDICAL'],['MEDICAL'],['MEDICAL'],['MEDICAL']
2214,WIKIPEDIA,['MEDICAL'],['MEDICAL'],['MEDICAL'],['MEDICAL']
2215,WIKIPEDIA,['MEDICAL'],['MEDICAL'],['MEDICAL'],['MEDICAL']
2216,WIKIPEDIA,['MEDICAL'],['MEDICAL'],['MEDICAL'],['MEDICAL']
2217,WIKIPEDIA,['MEDICAL'],['MEDICAL'],['MEDICAL'],['MEDICAL']
2218,WIKIPEDIA,"['FOOD', 'MEDICAL']",['FOOD'],"['FOOD', 'INFO']",['FOOD']
2219,WIKIPEDIA,"['MEDICAL', 'INDUSTRIAL']",['INDUSTRIAL'],['INDUSTRIAL'],['INFO']
2220,WIKIPEDIA,['MEDICAL'],['MEDICAL'],['MEDICAL'],['MEDICAL']
2221,WIKIPEDIA,"['FOOD', 'MEDICAL']",['FOOD'],"['FOOD', 'INDUSTRIAL']",['FOOD']
2222,WIKIPEDIA,"['INFO', 'FOOD']",['INFO'],['FOOD'],['INFO']
2223,WIKIPEDIA,"['FOOD', 'ENDOGENOUS']",['FOOD'],['FOOD'],['INFO']
2224,PUBMED,['INFO'],['INFO'],['INFO'],['INFO']
2225,WIKIPEDIA,['MEDICAL'],['MEDICAL'],['MEDICAL'],['MEDICAL']
2226,WIKIPEDIA,['MEDICAL'],['INFO'],['MEDICAL'],['INFO']
2227,PUBMED,['MEDICAL'],['INFO'],['MEDICAL'],['INFO']
2228,WIKIPEDIA,['MEDICAL'],['MEDICAL'],['MEDICAL'],['INFO']
2229,WIKIPEDIA,['MEDICAL'],['MEDICAL'],['MEDICAL'],['MEDICAL']
2230,WIKIPEDIA,"['ENDOGENOUS', 'FOOD', 'PERSONAL CARE']",['INFO'],['ENDOGENOUS'],"['ENDOGENOUS', 'FOOD', 'PERSONAL CARE']"
2231,WIKIPEDIA,['MEDICAL'],['MEDICAL'],['MEDICAL'],['MEDICAL']
2232,WIKIPEDIA,"['MEDICAL', 'INDUSTRIAL']",['MEDICAL'],"['MEDICAL', 'INDUSTRIAL']",['MEDICAL']
2233,WIKIPEDIA,"['MEDICAL', 'ENDOGENOUS', 'FOOD']",['INFO'],"['MEDICAL', 'ENDOGENOUS']","['ENDOGENOUS', 'MEDICAL', 'FOOD', 'PERSONAL CARE']"
2234,WIKIPEDIA,"['MEDICAL', 'FOOD']",['MEDICAL'],"['MEDICAL', 'FOOD']","['MEDICAL', 'ENDOGENOUS']"
2235,WIKIPEDIA,['MEDICAL'],['MEDICAL'],['MEDICAL'],['MEDICAL']
2236,WIKIPEDIA,"['ENDOGENOUS', 'FOOD', 'MEDICAL']",['INFO'],"['ENDOGENOUS', 'FOOD', 'MEDICAL']","['ENDOGENOUS', 'MEDICAL']"
2237,WIKIPEDIA,['INDUSTRIAL'],"['FOOD', 'INDUSTRIAL']",['INDUSTRIAL'],['INFO']
2238,WIKIPEDIA,['INFO'],['INFO'],['INFO'],['INFO']
2239,WIKIPEDIA,['MEDICAL'],['INFO'],['MEDICAL'],['MEDICAL']
2240,WIKIPEDIA,['MEDICAL'],['INFO'],['MEDICAL'],['MEDICAL']
2241,WIKIPEDIA,['MEDICAL'],['MEDICAL'],['MEDICAL'],['MEDICAL']
2242,WIKIPEDIA,"['ENDOGENOUS', 'MEDICAL']",['ENDOGENOUS'],['ENDOGENOUS'],"['ENDOGENOUS', 'FOOD']"
2243,WIKIPEDIA,"['INDUSTRIAL', 'MEDICAL']",['INDUSTRIAL'],"['INDUSTRIAL', 'FOOD', 'ENDOGENOUS']","['INDUSTRIAL', 'FOOD']"
2244,WIKIPEDIA,['INFO'],['INFO'],['INFO'],"['MEDICAL', 'PERSONAL CARE']"
2245,WIKIPEDIA,['MEDICAL'],['MEDICAL'],['MEDICAL'],['MEDICAL']
2246,WIKIPEDIA,['MEDICAL'],['MEDICAL'],['MEDICAL'],['MEDICAL']
2247,WIKIPEDIA,"['FOOD', 'ENDOGENOUS']","['ENDOGENOUS', 'FOOD']","['ENDOGENOUS', 'FOOD']","['ENDOGENOUS', 'FOOD', 'PERSONAL CARE']"
2248,WIKIPEDIA,"['MEDICAL', 'PERSONAL CARE', 'FOOD']","['PERSONAL CARE', 'FOOD']","['PERSONAL CARE', 'FOOD']",['PERSONAL CARE']
2249,PUBMED,['MEDICAL'],['MEDICAL'],['MEDICAL'],['MEDICAL']
2250,WIKIPEDIA,['MEDICAL'],['MEDICAL'],['MEDICAL'],['INFO']
2251,WIKIPEDIA,"['MEDICAL', 'INDUSTRIAL']","['MEDICAL', 'INDUSTRIAL']","['MEDICAL', 'INDUSTRIAL', 'PERSONAL CARE']","['MEDICAL', 'INDUSTRIAL', 'PERSONAL CARE']"
2252,WIKIPEDIA,"['FOOD', 'MEDICAL']","['FOOD', 'INDUSTRIAL']","['FOOD', 'MEDICAL', 'INDUSTRIAL']","['FOOD', 'PERSONAL CARE', 'INDUSTRIAL']"
2253,PUBMED,['MEDICAL'],['INFO'],['MEDICAL'],['MEDICAL']
2254,WIKIPEDIA,['MEDICAL'],['MEDICAL'],['MEDICAL'],['INFO']
2255,WIKIPEDIA,['MEDICAL'],['MEDICAL'],['MEDICAL'],['INFO']
2256,WIKIPEDIA,['ENDOGENOUS'],['ENDOGENOUS'],['ENDOGENOUS'],['ENDOGENOUS']
2257,WIKIPEDIA,"['FOOD', 'PERSONAL CARE']",['FOOD'],"['FOOD', 'PERSONAL CARE']","['FOOD', 'PERSONAL CARE']"
2258,WIKIPEDIA,['MEDICAL'],['MEDICAL'],['MEDICAL'],['INFO']
2259,PUBMED,['INFO'],['INFO'],['INFO'],['ENDOGENOUS']
2260,WIKIPEDIA,['MEDICAL'],['MEDICAL'],['MEDICAL'],['MEDICAL']
2261,WIKIPEDIA,['MEDICAL'],['MEDICAL'],['MEDICAL'],['INFO']
2262,WIKIPEDIA,['INDUSTRIAL'],['INFO'],['INDUSTRIAL'],['INDUSTRIAL']
2263,PUBMED,['MEDICAL'],['MEDICAL'],['INFO'],['INFO']
2264,WIKIPEDIA,"['MEDICAL', 'INDUSTRIAL']",['INFO'],['INFO'],['INFO']
2265,WIKIPEDIA,['MEDICAL'],['MEDICAL'],"['MEDICAL', 'INDUSTRIAL']",['MEDICAL']
2266,WIKIPEDIA,"['ENDOGENOUS', 'FOOD']",['INFO'],['INFO'],['INFO']
2267,WIKIPEDIA,['MEDICAL'],['MEDICAL'],['MEDICAL'],['MEDICAL']
2268,WIKIPEDIA,['MEDICAL'],['MEDICAL'],['MEDICAL'],['MEDICAL']
2269,WIKIPEDIA,"['FOOD', 'ENDOGENOUS']",['FOOD'],['FOOD'],"['FOOD', 'ENDOGENOUS', 'PERSONAL CARE', 'MEDICAL']"
2270,PUBMED,['INDUSTRIAL'],['INFO'],['INFO'],"['MEDICAL', 'FOOD', 'PERSONAL CARE']"
2271,PUBMED,['MEDICAL'],['MEDICAL'],['MEDICAL'],['INFO']
2272,PUBMED,"['INFO', 'MEDICAL']",['INFO'],['MEDICAL'],['INFO']
2273,WIKIPEDIA,['MEDICAL'],['MEDICAL'],['MEDICAL'],['INFO']
2274,PUBMED,['MEDICAL'],['INFO'],['MEDICAL'],['INFO']
2275,WIKIPEDIA,"['INDUSTRIAL', 'MEDICAL']","['INDUSTRIAL', 'MEDICAL']",['INDUSTRIAL'],"['INDUSTRIAL', 'MEDICAL']"
2276,WIKIPEDIA,['MEDICAL'],['MEDICAL'],['MEDICAL'],['MEDICAL']
2277,WIKIPEDIA,['MEDICAL'],['MEDICAL'],['MEDICAL'],['MEDICAL']
2278,WIKIPEDIA,['INFO'],['MEDICAL'],['MEDICAL'],['MEDICAL']
2279,WIKIPEDIA,['MEDICAL'],['INFO'],['MEDICAL'],['INFO']
2280,WIKIPEDIA,['MEDICAL'],['MEDICAL'],['MEDICAL'],['INFO']
2281,WIKIPEDIA,['INFO'],['INFO'],['INFO'],['INFO']
2282,PUBMED,['INFO'],['INFO'],['INFO'],['ENDOGENOUS']
2283,WIKIPEDIA,['MEDICAL'],['INDUSTRIAL'],['INFO'],['INFO']
2284,PUBMED,['MEDICAL'],['INDUSTRIAL'],['MEDICAL'],['INFO']
2285,WIKIPEDIA,"['ENDOGENOUS', 'MEDICAL', 'PERSONAL CARE']",['ENDOGENOUS'],['ENDOGENOUS'],['INFO']
2286,WIKIPEDIA,['ENDOGENOUS'],['ENDOGENOUS'],['ENDOGENOUS'],"['ENDOGENOUS', 'PERSONAL CARE']"
2287,PUBMED,['MEDICAL'],['INFO'],['MEDICAL'],['INFO']
2288,PUBMED,['INFO'],['INFO'],['INFO'],['INFO']
2289,WIKIPEDIA,['MEDICAL'],['MEDICAL'],['MEDICAL'],['MEDICAL']
2290,WIKIPEDIA,['MEDICAL'],['MEDICAL'],['MEDICAL'],"['MEDICAL', 'FOOD']"
2291,WIKIPEDIA,"['MEDICAL', 'FOOD']","['MEDICAL', 'FOOD']","['MEDICAL', 'FOOD']","['MEDICAL', 'FOOD']"
2292,WIKIPEDIA,['MEDICAL'],['MEDICAL'],['MEDICAL'],['MEDICAL']
2293,WIKIPEDIA,"['FOOD', 'PERSONAL CARE', 'MEDICAL']","['FOOD', 'MEDICAL']","['FOOD', 'PERSONAL CARE']","['FOOD', 'PERSONAL CARE', 'MEDICAL']"
2294,WIKIPEDIA,"['MEDICAL', 'ENDOGENOUS', 'INDUSTRIAL']","['MEDICAL', 'ENDOGENOUS']","['MEDICAL', 'ENDOGENOUS', 'INDUSTRIAL']",['INFO']
2295,WIKIPEDIA,['MEDICAL'],['MEDICAL'],['MEDICAL'],['MEDICAL']
2296,WIKIPEDIA,['MEDICAL'],['MEDICAL'],['MEDICAL'],['MEDICAL']
2297,PUBMED,['MEDICAL'],['MEDICAL'],['MEDICAL'],['INFO']
2298,WIKIPEDIA,['MEDICAL'],['MEDICAL'],['MEDICAL'],['MEDICAL']
2299,PUBMED,['MEDICAL'],['INFO'],['INFO'],['INFO']
2300,WIKIPEDIA,['MEDICAL'],['MEDICAL'],['MEDICAL'],['MEDICAL']
2301,WIKIPEDIA,"['INDUSTRIAL', 'PERSONAL CARE']","['INDUSTRIAL', 'PERSONAL CARE', 'FOOD']","['INDUSTRIAL', 'PERSONAL CARE']","['PERSONAL CARE', 'INDUSTRIAL']"
2302,WIKIPEDIA,"['FOOD', 'INDUSTRIAL', 'MEDICAL']",['FOOD'],"['FOOD', 'INDUSTRIAL']","['FOOD', 'INDUSTRIAL']"
2303,WIKIPEDIA,['MEDICAL'],['MEDICAL'],['MEDICAL'],['MEDICAL']
2304,WIKIPEDIA,"['ENDOGENOUS', 'MEDICAL', 'INDUSTRIAL']",['INFO'],"['ENDOGENOUS', 'MEDICAL', 'INDUSTRIAL']",['INFO']
2305,WIKIPEDIA,['MEDICAL'],['MEDICAL'],"['MEDICAL', 'INDUSTRIAL']",['MEDICAL']
2306,WIKIPEDIA,['INFO'],['INFO'],['INFO'],['INFO']
2307,,['INFO'],['INFO'],['INFO'],['INFO']
2308,WIKIPEDIA,"['FOOD', 'MEDICAL']",['FOOD'],['FOOD'],['INFO']
2309,WIKIPEDIA,"['FOOD', 'MEDICAL']",['FOOD'],['FOOD'],['FOOD']
2310,WIKIPEDIA,['MEDICAL'],['MEDICAL'],['MEDICAL'],['MEDICAL']
2311,WIKIPEDIA,['MEDICAL'],['MEDICAL'],['MEDICAL'],['MEDICAL']
2312,WIKIPEDIA,['MEDICAL'],['MEDICAL'],['MEDICAL'],['INFO']
2313,WIKIPEDIA,['MEDICAL'],['MEDICAL'],['MEDICAL'],['INFO']
2314,WIKIPEDIA,['MEDICAL'],['MEDICAL'],['MEDICAL'],['INFO']
2315,PUBMED,['MEDICAL'],['INFO'],['MEDICAL'],['INFO']
2316,WIKIPEDIA,['MEDICAL'],['INFO'],['MEDICAL'],['INFO']
2317,WIKIPEDIA,['MEDICAL'],['MEDICAL'],['MEDICAL'],['MEDICAL']
2318,WIKIPEDIA,"['FOOD', 'INFO']",['FOOD'],"['FOOD', 'PERSONAL CARE']",['FOOD']
2319,WIKIPEDIA,['MEDICAL'],['MEDICAL'],['MEDICAL'],['MEDICAL']
2320,WIKIPEDIA,['MEDICAL'],['MEDICAL'],['MEDICAL'],['MEDICAL']
2321,WIKIPEDIA,['MEDICAL'],['MEDICAL'],['MEDICAL'],['MEDICAL']
2322,WIKIPEDIA,"['INDUSTRIAL', 'PERSONAL CARE', 'MEDICAL']","['INDUSTRIAL', 'PERSONAL CARE']","['INDUSTRIAL', 'PERSONAL CARE']","['PERSONAL CARE', 'INDUSTRIAL']"
2323,PUBMED,['INFO'],['INFO'],['INFO'],['INFO']
2324,WIKIPEDIA,['MEDICAL'],['MEDICAL'],['INFO'],['INFO']
2325,PUBMED,"['MEDICAL', 'PERSONAL CARE']","['MEDICAL', 'INDUSTRIAL']",['PERSONAL CARE'],"['MEDICAL', 'PERSONAL CARE']"
2326,WIKIPEDIA,['MEDICAL'],['MEDICAL'],['MEDICAL'],['MEDICAL']
2327,WIKIPEDIA,"['FOOD', 'MEDICAL']",['INFO'],['FOOD'],['INFO']
2328,WIKIPEDIA,['MEDICAL'],['INFO'],['MEDICAL'],['INFO']
2329,WIKIPEDIA,"['PERSONAL CARE', 'FOOD']","['PERSONAL CARE', 'FOOD', 'INDUSTRIAL']","['FOOD', 'PERSONAL CARE', 'INDUSTRIAL']","['FOOD', 'PERSONAL CARE']"
2330,PUBMED,['MEDICAL'],['MEDICAL'],['MEDICAL'],['MEDICAL']
2331,WIKIPEDIA,['MEDICAL'],['INFO'],['MEDICAL'],['MEDICAL']
2332,WIKIPEDIA,"['MEDICAL', 'FOOD', 'ENDOGENOUS']",['INFO'],"['MEDICAL', 'FOOD']",['MEDICAL']
2333,PUBMED,['MEDICAL'],['MEDICAL'],['MEDICAL'],['MEDICAL']
2334,WIKIPEDIA,['MEDICAL'],['MEDICAL'],['INFO'],['INFO']
2335,WIKIPEDIA,['MEDICAL'],['MEDICAL'],['MEDICAL'],['MEDICAL']
2336,WIKIPEDIA,['MEDICAL'],"['MEDICAL', 'PERSONAL CARE']","['MEDICAL', 'PERSONAL CARE']","['MEDICAL', 'PERSONAL CARE']"
2337,WIKIPEDIA,['MEDICAL'],['MEDICAL'],['MEDICAL'],['MEDICAL']
2338,WIKIPEDIA,['MEDICAL'],['MEDICAL'],['MEDICAL'],['INFO']
2339,WIKIPEDIA,['MEDICAL'],['MEDICAL'],['MEDICAL'],['MEDICAL']
2340,WIKIPEDIA,['MEDICAL'],['MEDICAL'],['MEDICAL'],['MEDICAL']
2341,PUBMED,['MEDICAL'],['MEDICAL'],['MEDICAL'],['MEDICAL']
2342,WIKIPEDIA,['MEDICAL'],['MEDICAL'],['MEDICAL'],['MEDICAL']
2343,PUBMED,['MEDICAL'],['INFO'],['MEDICAL'],['INFO']
2344,PUBMED,['MEDICAL'],['MEDICAL'],['INFO'],['INFO']
2345,WIKIPEDIA,['MEDICAL'],"['MEDICAL', 'INDUSTRIAL']",['MEDICAL'],"['MEDICAL', 'PERSONAL CARE']"
2346,WIKIPEDIA,['MEDICAL'],['MEDICAL'],['MEDICAL'],['MEDICAL']
2347,WIKIPEDIA,['MEDICAL'],['MEDICAL'],['MEDICAL'],['MEDICAL']
2348,WIKIPEDIA,"['ENDOGENOUS', 'MEDICAL']","['ENDOGENOUS', 'FOOD']","['ENDOGENOUS', 'MEDICAL']","['ENDOGENOUS', 'FOOD', 'PERSONAL CARE', 'MEDICAL']"
2349,PUBMED,['INFO'],"['ENDOGENOUS', 'FOOD', 'PERSONAL CARE']","['MEDICAL', 'FOOD']",['INFO']
2350,WIKIPEDIA,"['ENDOGENOUS', 'FOOD', 'MEDICAL']",['MEDICAL'],"['ENDOGENOUS', 'FOOD', 'MEDICAL']","['ENDOGENOUS', 'FOOD', 'MEDICAL', 'PERSONAL CARE']"
2351,WIKIPEDIA,['INFO'],['INFO'],['INFO'],['INFO']
2352,WIKIPEDIA,"['FOOD', 'MEDICAL']",['INFO'],['FOOD'],['INFO']
2353,WIKIPEDIA,"['MEDICAL', 'FOOD', 'ENDOGENOUS']","['MEDICAL', 'FOOD']","['MEDICAL', 'FOOD']","['MEDICAL', 'FOOD', 'PERSONAL CARE']"
2354,WIKIPEDIA,['MEDICAL'],['MEDICAL'],['MEDICAL'],['MEDICAL']
2355,PUBMED,['MEDICAL'],['MEDICAL'],['MEDICAL'],['INFO']
2356,WIKIPEDIA,"['INDUSTRIAL', 'MEDICAL']",['INFO'],"['INDUSTRIAL', 'PERSONAL CARE', 'MEDICAL']","['MEDICAL', 'PERSONAL CARE']"
2357,PUBMED,['INFO'],['ENDOGENOUS'],['INFO'],['ENDOGENOUS']
2358,PUBMED,"['MEDICAL', 'ENDOGENOUS']","['ENDOGENOUS', 'MEDICAL']",['MEDICAL'],['INFO']
2359,WIKIPEDIA,['MEDICAL'],['MEDICAL'],['MEDICAL'],['INFO']
2360,WIKIPEDIA,['MEDICAL'],['MEDICAL'],['MEDICAL'],['MEDICAL']
2361,WIKIPEDIA,['MEDICAL'],['INFO'],['MEDICAL'],['INFO']
2362,WIKIPEDIA,['MEDICAL'],['MEDICAL'],['INFO'],['INFO']
2363,WIKIPEDIA,"['MEDICAL', 'ENDOGENOUS']","['ENDOGENOUS', 'MEDICAL', 'FOOD']","['ENDOGENOUS', 'MEDICAL', 'FOOD']","['ENDOGENOUS', 'MEDICAL']"
2364,WIKIPEDIA,['MEDICAL'],['MEDICAL'],['MEDICAL'],['MEDICAL']
2365,WIKIPEDIA,['MEDICAL'],['INFO'],['MEDICAL'],['MEDICAL']
2366,WIKIPEDIA,['INFO'],['INFO'],['MEDICAL'],['MEDICAL']
2367,WIKIPEDIA,"['PERSONAL CARE', 'MEDICAL']",['PERSONAL CARE'],['PERSONAL CARE'],"['PERSONAL CARE', 'MEDICAL']"
2368,WIKIPEDIA,['MEDICAL'],['MEDICAL'],['MEDICAL'],['MEDICAL']
2369,PUBMED,['MEDICAL'],['MEDICAL'],['MEDICAL'],['INFO']
2370,WIKIPEDIA,['MEDICAL'],['MEDICAL'],['MEDICAL'],['MEDICAL']
2371,WIKIPEDIA,['INFO'],['INFO'],['INFO'],['INFO']
2372,WIKIPEDIA,['MEDICAL'],['MEDICAL'],['MEDICAL'],['INFO']
2373,WIKIPEDIA,['MEDICAL'],['MEDICAL'],['MEDICAL'],['INFO']
2374,WIKIPEDIA,"['FOOD', 'MEDICAL', 'PERSONAL CARE', 'INDUSTRIAL']","['FOOD', 'PERSONAL CARE']","['MEDICAL', 'FOOD', 'PERSONAL CARE', 'INDUSTRIAL']","['MEDICAL', 'FOOD', 'PERSONAL CARE']"
2375,WIKIPEDIA,"['MEDICAL', 'INDUSTRIAL']",['INFO'],"['MEDICAL', 'INDUSTRIAL']",['MEDICAL']
2376,WIKIPEDIA,['MEDICAL'],['MEDICAL'],['MEDICAL'],['MEDICAL']
2377,WIKIPEDIA,['MEDICAL'],['MEDICAL'],['MEDICAL'],['MEDICAL']
2378,WIKIPEDIA,['INFO'],['INFO'],"['MEDICAL', 'INDUSTRIAL']",['MEDICAL']
2379,WIKIPEDIA,"['FOOD', 'INFO']",['INFO'],"['FOOD', 'PERSONAL CARE']",['INFO']
2380,WIKIPEDIA,['MEDICAL'],['MEDICAL'],['MEDICAL'],['MEDICAL']
2381,WIKIPEDIA,['MEDICAL'],['MEDICAL'],['MEDICAL'],['MEDICAL']
2382,WIKIPEDIA,['MEDICAL'],['MEDICAL'],['MEDICAL'],['MEDICAL']
2383,WIKIPEDIA,['MEDICAL'],['INFO'],['MEDICAL'],['MEDICAL']
2384,WIKIPEDIA,['MEDICAL'],['MEDICAL'],['MEDICAL'],['INFO']
2385,PUBMED,"['MEDICAL', 'FOOD']",['INFO'],['MEDICAL'],['INFO']
2386,WIKIPEDIA,"['FOOD', 'INDUSTRIAL', 'MEDICAL']",['MEDICAL'],"['MEDICAL', 'FOOD', 'INDUSTRIAL']",['INFO']
2387,WIKIPEDIA,"['PERSONAL CARE', 'MEDICAL']","['PERSONAL CARE', 'INDUSTRIAL']",['PERSONAL CARE'],['INFO']
2388,WIKIPEDIA,['MEDICAL'],['MEDICAL'],['MEDICAL'],['MEDICAL']
2389,WIKIPEDIA,['INFO'],['INFO'],['INFO'],['INFO']
2390,WIKIPEDIA,['MEDICAL'],['MEDICAL'],['MEDICAL'],['MEDICAL']
2391,WIKIPEDIA,['MEDICAL'],['MEDICAL'],['MEDICAL'],['MEDICAL']
2392,WIKIPEDIA,"['PERSONAL CARE', 'FOOD']","['PERSONAL CARE', 'FOOD']",['PERSONAL CARE'],['PERSONAL CARE']
2393,WIKIPEDIA,['MEDICAL'],['MEDICAL'],['MEDICAL'],['MEDICAL']
2394,PUBMED,['MEDICAL'],['MEDICAL'],['MEDICAL'],['INFO']
2395,WIKIPEDIA,"['PERSONAL CARE', 'MEDICAL']","['PERSONAL CARE', 'INDUSTRIAL']","['PERSONAL CARE', 'INDUSTRIAL']",['PERSONAL CARE']
2396,WIKIPEDIA,['INFO'],"['ENDOGENOUS', 'FOOD']",['INFO'],['INFO']
2397,WIKIPEDIA,['MEDICAL'],['MEDICAL'],['MEDICAL'],['MEDICAL']
2398,PUBMED,['MEDICAL'],['INFO'],['MEDICAL'],['INFO']
2399,WIKIPEDIA,['MEDICAL'],['MEDICAL'],['MEDICAL'],['MEDICAL']
2400,WIKIPEDIA,['MEDICAL'],['INFO'],['MEDICAL'],['MEDICAL']
2401,WIKIPEDIA,['MEDICAL'],['INFO'],['MEDICAL'],['MEDICAL']
2402,WIKIPEDIA,['MEDICAL'],['MEDICAL'],['MEDICAL'],['MEDICAL']
2403,WIKIPEDIA,"['MEDICAL', 'FOOD']",['INFO'],"['MEDICAL', 'FOOD', 'PERSONAL CARE']",['INFO']
2404,WIKIPEDIA,['MEDICAL'],"['MEDICAL', 'INDUSTRIAL']",['MEDICAL'],['MEDICAL']
2405,PUBMED,['MEDICAL'],['INFO'],['MEDICAL'],['INFO']
2406,WIKIPEDIA,['MEDICAL'],['MEDICAL'],['MEDICAL'],['MEDICAL']
2407,PUBMED,['MEDICAL'],['MEDICAL'],['MEDICAL'],['INFO']
2408,WIKIPEDIA,['MEDICAL'],['MEDICAL'],['MEDICAL'],['MEDICAL']
2409,WIKIPEDIA,['MEDICAL'],['MEDICAL'],"['MEDICAL', 'PERSONAL CARE']",['MEDICAL']
2410,WIKIPEDIA,['MEDICAL'],['INFO'],"['MEDICAL', 'INDUSTRIAL']",['INFO']
2411,WIKIPEDIA,['MEDICAL'],['MEDICAL'],['MEDICAL'],['MEDICAL']
2412,WIKIPEDIA,['MEDICAL'],['INFO'],['MEDICAL'],['INFO']
2413,WIKIPEDIA,"['MEDICAL', 'FOOD', 'ENDOGENOUS']",['FOOD'],"['FOOD', 'ENDOGENOUS', 'MEDICAL']","['FOOD', 'PERSONAL CARE']"
2414,WIKIPEDIA,['MEDICAL'],['INFO'],['MEDICAL'],['MEDICAL']
2415,WIKIPEDIA,"['FOOD', 'INDUSTRIAL', 'MEDICAL', 'PERSONAL CARE']","['FOOD', 'INDUSTRIAL', 'PERSONAL CARE']","['FOOD', 'PERSONAL CARE', 'MEDICAL', 'INDUSTRIAL']","['FOOD', 'PERSONAL CARE', 'INDUSTRIAL']"
2416,WIKIPEDIA,['MEDICAL'],['MEDICAL'],['MEDICAL'],['MEDICAL']
2417,WIKIPEDIA,['MEDICAL'],['MEDICAL'],['MEDICAL'],['MEDICAL']
2418,WIKIPEDIA,"['FOOD', 'MEDICAL', 'ENDOGENOUS']",['INFO'],"['FOOD', 'ENDOGENOUS', 'PERSONAL CARE']",['INFO']
2419,WIKIPEDIA,"['ENDOGENOUS', 'FOOD', 'MEDICAL']","['ENDOGENOUS', 'FOOD']","['ENDOGENOUS', 'FOOD', 'MEDICAL']","['ENDOGENOUS', 'FOOD', 'PERSONAL CARE', 'MEDICAL']"
2420,WIKIPEDIA,['MEDICAL'],['INFO'],['MEDICAL'],['INFO']
2421,PUBMED,['MEDICAL'],['MEDICAL'],['MEDICAL'],['INFO']
2422,PUBMED,['MEDICAL'],['MEDICAL'],['MEDICAL'],['INFO']
2423,PUBMED,['INFO'],['MEDICAL'],['INFO'],['INFO']
2424,WIKIPEDIA,"['FOOD', 'INDUSTRIAL']","['FOOD', 'INDUSTRIAL']","['FOOD', 'INDUSTRIAL', 'PERSONAL CARE']","['FOOD', 'INDUSTRIAL']"
2425,PUBMED,"['INDUSTRIAL', 'MEDICAL']","['MEDICAL', 'INDUSTRIAL']",['INDUSTRIAL'],['INFO']
2426,WIKIPEDIA,['MEDICAL'],['MEDICAL'],['MEDICAL'],['MEDICAL']
2427,WIKIPEDIA,['MEDICAL'],['MEDICAL'],['MEDICAL'],['MEDICAL']
2428,WIKIPEDIA,['MEDICAL'],['INFO'],['MEDICAL'],['MEDICAL']
2429,WIKIPEDIA,"['ENDOGENOUS', 'MEDICAL']","['ENDOGENOUS', 'MEDICAL']",['ENDOGENOUS'],['ENDOGENOUS']
2430,PUBMED,['MEDICAL'],['MEDICAL'],['INFO'],['INFO']
2431,WIKIPEDIA,['MEDICAL'],['MEDICAL'],['MEDICAL'],['MEDICAL']
2432,PUBMED,"['MEDICAL', 'PERSONAL CARE']","['PERSONAL CARE', 'MEDICAL']","['MEDICAL', 'PERSONAL CARE']",['PERSONAL CARE']
2433,PUBMED,['INFO'],['INFO'],['INFO'],['INFO']
2434,WIKIPEDIA,['MEDICAL'],['INFO'],['MEDICAL'],['INFO']
2435,WIKIPEDIA,"['FOOD', 'INDUSTRIAL']","['FOOD', 'INDUSTRIAL']","['FOOD', 'PERSONAL CARE', 'INDUSTRIAL']","['FOOD', 'PERSONAL CARE']"
2436,WIKIPEDIA,['MEDICAL'],['MEDICAL'],['MEDICAL'],['MEDICAL']
2437,WIKIPEDIA,"['ENDOGENOUS', 'FOOD', 'MEDICAL']",['ENDOGENOUS'],"['ENDOGENOUS', 'FOOD']","['ENDOGENOUS', 'FOOD']"
2438,WIKIPEDIA,['MEDICAL'],['INFO'],['MEDICAL'],['MEDICAL']
2439,WIKIPEDIA,['MEDICAL'],['MEDICAL'],['MEDICAL'],['INFO']
2440,PUBMED,['INFO'],['INFO'],['INFO'],['INFO']
2441,WIKIPEDIA,['MEDICAL'],['MEDICAL'],['MEDICAL'],['INFO']
2442,WIKIPEDIA,"['FOOD', 'MEDICAL']","['FOOD', 'PERSONAL CARE']",['FOOD'],['FOOD']
2443,WIKIPEDIA,"['MEDICAL', 'FOOD']","['MEDICAL', 'FOOD']",['INFO'],['INFO']
2444,WIKIPEDIA,['MEDICAL'],['MEDICAL'],"['MEDICAL', 'FOOD']",['INFO']
2445,WIKIPEDIA,['INFO'],['INFO'],['INFO'],['INDUSTRIAL']
2446,PUBMED,['ENDOGENOUS'],"['ENDOGENOUS', 'FOOD']",['ENDOGENOUS'],['INFO']
2447,PUBMED,"['MEDICAL', 'FOOD', 'ENDOGENOUS']","['ENDOGENOUS', 'FOOD']","['ENDOGENOUS', 'FOOD', 'MEDICAL']",['INFO']
2448,WIKIPEDIA,['MEDICAL'],['MEDICAL'],['MEDICAL'],['INFO']
2449,WIKIPEDIA,['MEDICAL'],['MEDICAL'],['MEDICAL'],['INFO']
2450,WIKIPEDIA,['MEDICAL'],['MEDICAL'],['MEDICAL'],['MEDICAL']
2451,WIKIPEDIA,['MEDICAL'],['MEDICAL'],['MEDICAL'],['MEDICAL']
2452,WIKIPEDIA,['MEDICAL'],['MEDICAL'],['MEDICAL'],['INFO']
2453,WIKIPEDIA,['MEDICAL'],['MEDICAL'],['MEDICAL'],['MEDICAL']
2454,WIKIPEDIA,['MEDICAL'],['MEDICAL'],['MEDICAL'],['MEDICAL']
2455,WIKIPEDIA,['MEDICAL'],['MEDICAL'],['MEDICAL'],['MEDICAL']
2456,WIKIPEDIA,"['MEDICAL', 'FOOD']","['MEDICAL', 'FOOD']","['MEDICAL', 'FOOD']","['MEDICAL', 'FOOD']"
2457,WIKIPEDIA,['MEDICAL'],['MEDICAL'],['MEDICAL'],['INFO']
2458,WIKIPEDIA,['MEDICAL'],['MEDICAL'],['MEDICAL'],['MEDICAL']
2459,WIKIPEDIA,['MEDICAL'],['MEDICAL'],['MEDICAL'],['MEDICAL']
2460,WIKIPEDIA,"['FOOD', 'PERSONAL CARE', 'MEDICAL', 'ENDOGENOUS']","['FOOD', 'INDUSTRIAL']","['FOOD', 'PERSONAL CARE', 'INDUSTRIAL', 'INFO']","['FOOD', 'PERSONAL CARE', 'INDUSTRIAL']"
2461,WIKIPEDIA,"['FOOD', 'PERSONAL CARE', 'INDUSTRIAL', 'MEDICAL', 'ENDOGENOUS']",['FOOD'],"['FOOD', 'PERSONAL CARE', 'INDUSTRIAL', 'MEDICAL']",['INFO']
2462,PUBMED,"['MEDICAL', 'ENDOGENOUS']",['MEDICAL'],['MEDICAL'],['MEDICAL']
2463,WIKIPEDIA,['MEDICAL'],['MEDICAL'],['MEDICAL'],['MEDICAL']
2464,PUBMED,"['MEDICAL', 'INDUSTRIAL']",['INFO'],"['INDUSTRIAL', 'PERSONAL CARE']","['MEDICAL', 'PERSONAL CARE']"
2465,WIKIPEDIA,['MEDICAL'],['INFO'],['MEDICAL'],['INFO']
2466,WIKIPEDIA,['MEDICAL'],['MEDICAL'],['MEDICAL'],['MEDICAL']
2467,WIKIPEDIA,['MEDICAL'],['MEDICAL'],['MEDICAL'],['MEDICAL']
2468,WIKIPEDIA,['MEDICAL'],['INFO'],['MEDICAL'],['INFO']
2469,WIKIPEDIA,['INDUSTRIAL'],['INFO'],['INDUSTRIAL'],['INFO']
2470,WIKIPEDIA,"['FOOD', 'PERSONAL CARE']",['FOOD'],"['FOOD', 'PERSONAL CARE']","['FOOD', 'PERSONAL CARE']"
2471,WIKIPEDIA,['MEDICAL'],['INFO'],['MEDICAL'],['MEDICAL']
2472,WIKIPEDIA,['MEDICAL'],"['MEDICAL', 'INDUSTRIAL']","['MEDICAL', 'INDUSTRIAL']",['MEDICAL']
2473,WIKIPEDIA,['MEDICAL'],['MEDICAL'],['MEDICAL'],['INFO']
2474,WIKIPEDIA,['MEDICAL'],['MEDICAL'],['MEDICAL'],['MEDICAL']
2475,WIKIPEDIA,"['FOOD', 'ENDOGENOUS']",['FOOD'],['FOOD'],"['FOOD', 'PERSONAL CARE']"
2476,WIKIPEDIA,"['ENDOGENOUS', 'FOOD']","['ENDOGENOUS', 'FOOD']",['FOOD'],"['FOOD', 'PERSONAL CARE']"
2477,PUBMED,['MEDICAL'],['INFO'],['MEDICAL'],['INFO']
2478,WIKIPEDIA,['MEDICAL'],['MEDICAL'],['MEDICAL'],['MEDICAL']
2479,WIKIPEDIA,['MEDICAL'],['MEDICAL'],['MEDICAL'],['MEDICAL']
2480,WIKIPEDIA,['MEDICAL'],['MEDICAL'],['INFO'],['INFO']
2481,WIKIPEDIA,"['MEDICAL', 'FOOD']","['FOOD', 'MEDICAL']","['MEDICAL', 'FOOD']",['INFO']
2482,WIKIPEDIA,['MEDICAL'],['MEDICAL'],['MEDICAL'],['MEDICAL']
2483,WIKIPEDIA,['INFO'],['INFO'],['INFO'],['INFO']
2484,WIKIPEDIA,['ENDOGENOUS'],"['ENDOGENOUS', 'FOOD']",['ENDOGENOUS'],"['ENDOGENOUS', 'FOOD']"
2485,WIKIPEDIA,"['INDUSTRIAL', 'PERSONAL CARE']",['INDUSTRIAL'],"['INDUSTRIAL', 'PERSONAL CARE']","['INDUSTRIAL', 'PERSONAL CARE']"
2486,WIKIPEDIA,"['MEDICAL', 'PERSONAL CARE']","['MEDICAL', 'INDUSTRIAL']","['MEDICAL', 'PERSONAL CARE']",['INFO']
2487,WIKIPEDIA,['MEDICAL'],['INFO'],['MEDICAL'],['INFO']
2488,PUBMED,"['MEDICAL', 'FOOD']","['MEDICAL', 'INDUSTRIAL']",['MEDICAL'],['MEDICAL']
2489,WIKIPEDIA,['MEDICAL'],['MEDICAL'],['MEDICAL'],['MEDICAL']
2490,WIKIPEDIA,['MEDICAL'],['INFO'],['INFO'],['MEDICAL']
2491,WIKIPEDIA,['MEDICAL'],['MEDICAL'],['MEDICAL'],['MEDICAL']
2492,PUBMED,['MEDICAL'],['MEDICAL'],['MEDICAL'],['INFO']
2493,PUBMED,['INDUSTRIAL'],"['INDUSTRIAL', 'PERSONAL CARE']",['INDUSTRIAL'],['INDUSTRIAL']
2494,WIKIPEDIA,['MEDICAL'],['MEDICAL'],['MEDICAL'],['INFO']
2495,PUBMED,['INFO'],"['MEDICAL', 'ENDOGENOUS']",['INFO'],['INFO']
2496,WIKIPEDIA,['MEDICAL'],['MEDICAL'],['MEDICAL'],['MEDICAL']
2497,WIKIPEDIA,['MEDICAL'],['MEDICAL'],['MEDICAL'],['MEDICAL']
2498,WIKIPEDIA,"['FOOD', 'INDUSTRIAL', 'PERSONAL CARE']","['FOOD', 'PERSONAL CARE', 'INDUSTRIAL']","['FOOD', 'INDUSTRIAL', 'PERSONAL CARE']","['FOOD', 'PERSONAL CARE', 'INDUSTRIAL']"
2499,WIKIPEDIA,"['FOOD', 'INDUSTRIAL', 'MEDICAL']",['FOOD'],"['FOOD', 'INDUSTRIAL']",['INFO']
2500,WIKIPEDIA,['MEDICAL'],['MEDICAL'],['INFO'],['MEDICAL']
2501,WIKIPEDIA,['MEDICAL'],['MEDICAL'],['MEDICAL'],['INFO']
2502,WIKIPEDIA,['MEDICAL'],['INFO'],['MEDICAL'],['INFO']
2503,WIKIPEDIA,['MEDICAL'],['INFO'],['MEDICAL'],['INFO']
2504,WIKIPEDIA,['MEDICAL'],['MEDICAL'],['MEDICAL'],['MEDICAL']
2505,WIKIPEDIA,['MEDICAL'],['INFO'],['MEDICAL'],['MEDICAL']
2506,PUBMED,"['MEDICAL', 'FOOD']",['FOOD'],"['MEDICAL', 'PERSONAL CARE', 'FOOD']","['FOOD', 'PERSONAL CARE']"
2507,PUBMED,"['MEDICAL', 'ENDOGENOUS']",['FOOD'],['MEDICAL'],['INFO']
2508,WIKIPEDIA,"['FOOD', 'INDUSTRIAL', 'MEDICAL']",['INFO'],"['FOOD', 'INDUSTRIAL', 'MEDICAL']",['INFO']
2509,WIKIPEDIA,['MEDICAL'],['INFO'],['MEDICAL'],['INFO']
2510,PUBMED,"['MEDICAL', 'ENDOGENOUS']","['ENDOGENOUS', 'MEDICAL']","['MEDICAL', 'ENDOGENOUS']",['INFO']
2511,WIKIPEDIA,['MEDICAL'],['MEDICAL'],"['MEDICAL', 'INDUSTRIAL']",['MEDICAL']
2512,WIKIPEDIA,"['ENDOGENOUS', 'MEDICAL']","['MEDICAL', 'ENDOGENOUS']","['ENDOGENOUS', 'MEDICAL']","['ENDOGENOUS', 'MEDICAL']"
2513,WIKIPEDIA,"['FOOD', 'PERSONAL CARE', 'MEDICAL', 'INDUSTRIAL']","['FOOD', 'PERSONAL CARE', 'INDUSTRIAL']","['FOOD', 'PERSONAL CARE', 'MEDICAL', 'INDUSTRIAL']","['FOOD', 'PERSONAL CARE', 'INDUSTRIAL']"
2514,WIKIPEDIA,"['FOOD', 'MEDICAL']","['MEDICAL', 'FOOD', 'INDUSTRIAL']","['FOOD', 'PERSONAL CARE', 'INDUSTRIAL']","['FOOD', 'PERSONAL CARE']"
2515,WIKIPEDIA,"['MEDICAL', 'INDUSTRIAL']","['MEDICAL', 'INDUSTRIAL', 'FOOD']","['MEDICAL', 'FOOD', 'INDUSTRIAL']","['MEDICAL', 'PERSONAL CARE', 'FOOD']"
2516,WIKIPEDIA,['MEDICAL'],['MEDICAL'],['MEDICAL'],['MEDICAL']
2517,PUBMED,['MEDICAL'],['MEDICAL'],['MEDICAL'],['MEDICAL']
2518,WIKIPEDIA,['MEDICAL'],"['MEDICAL', 'FOOD']",['MEDICAL'],"['MEDICAL', 'FOOD']"
2519,PUBMED,['MEDICAL'],['MEDICAL'],['MEDICAL'],['MEDICAL']
2520,PUBMED,['MEDICAL'],['MEDICAL'],['MEDICAL'],['MEDICAL']
2521,WIKIPEDIA,['MEDICAL'],['MEDICAL'],['MEDICAL'],['MEDICAL']
2522,WIKIPEDIA,['ENDOGENOUS'],['ENDOGENOUS'],['ENDOGENOUS'],"['ENDOGENOUS', 'FOOD', 'PERSONAL CARE']"
2523,WIKIPEDIA,['MEDICAL'],['MEDICAL'],['MEDICAL'],['MEDICAL']
2524,WIKIPEDIA,['MEDICAL'],['MEDICAL'],['MEDICAL'],['MEDICAL']
2525,WIKIPEDIA,"['FOOD', 'MEDICAL']","['FOOD', 'MEDICAL']",['FOOD'],"['FOOD', 'PERSONAL CARE', 'MEDICAL']"
2526,PUBMED,['MEDICAL'],['MEDICAL'],['MEDICAL'],['MEDICAL']
2527,WIKIPEDIA,['ENDOGENOUS'],['ENDOGENOUS'],['ENDOGENOUS'],['ENDOGENOUS']
2528,WIKIPEDIA,"['MEDICAL', 'FOOD', 'ENDOGENOUS']","['MEDICAL', 'FOOD']","['MEDICAL', 'FOOD']","['MEDICAL', 'FOOD']"
2529,WIKIPEDIA,['MEDICAL'],['MEDICAL'],['MEDICAL'],['INFO']
2530,WIKIPEDIA,['MEDICAL'],"['MEDICAL', 'INDUSTRIAL']","['MEDICAL', 'INDUSTRIAL']","['MEDICAL', 'INDUSTRIAL']"
2531,PUBMED,['MEDICAL'],['MEDICAL'],['MEDICAL'],['MEDICAL']
2532,WIKIPEDIA,['MEDICAL'],['MEDICAL'],['MEDICAL'],['MEDICAL']
2533,PUBMED,"['FOOD', 'MEDICAL']","['MEDICAL', 'FOOD']","['FOOD', 'MEDICAL']","['FOOD', 'PERSONAL CARE', 'MEDICAL']"
2534,WIKIPEDIA,['MEDICAL'],['MEDICAL'],['INFO'],['INFO']
2535,WIKIPEDIA,['MEDICAL'],['MEDICAL'],"['MEDICAL', 'ENDOGENOUS']",['MEDICAL']
2536,WIKIPEDIA,['INDUSTRIAL'],['INDUSTRIAL'],['INFO'],['INFO']
2537,WIKIPEDIA,['MEDICAL'],['MEDICAL'],['MEDICAL'],['MEDICAL']
2538,PUBMED,['MEDICAL'],['MEDICAL'],['MEDICAL'],['MEDICAL']
2539,WIKIPEDIA,"['MEDICAL', 'FOOD']","['MEDICAL', 'FOOD']","['MEDICAL', 'FOOD']","['MEDICAL', 'FOOD']"
2540,WIKIPEDIA,"['MEDICAL', 'PERSONAL CARE', 'INDUSTRIAL']","['PERSONAL CARE', 'INDUSTRIAL']","['MEDICAL', 'PERSONAL CARE', 'INDUSTRIAL']","['MEDICAL', 'PERSONAL CARE']"
2541,WIKIPEDIA,"['FOOD', 'MEDICAL', 'PERSONAL CARE']",['INFO'],"['FOOD', 'PERSONAL CARE', 'MEDICAL']",['INFO']
2542,WIKIPEDIA,['INFO'],['INFO'],['INFO'],['INFO']
2543,WIKIPEDIA,['MEDICAL'],['MEDICAL'],['MEDICAL'],['MEDICAL']
2544,WIKIPEDIA,['MEDICAL'],['MEDICAL'],['MEDICAL'],['MEDICAL']
2545,PUBMED,['MEDICAL'],['MEDICAL'],['MEDICAL'],['MEDICAL']
2546,WIKIPEDIA,"['MEDICAL', 'FOOD']",['INFO'],"['MEDICAL', 'FOOD']",['INFO']
2547,WIKIPEDIA,['MEDICAL'],['MEDICAL'],['INFO'],['INFO']
2548,WIKIPEDIA,['MEDICAL'],['INFO'],['MEDICAL'],['INFO']
2549,WIKIPEDIA,['MEDICAL'],['MEDICAL'],['MEDICAL'],['MEDICAL']
2550,WIKIPEDIA,['MEDICAL'],['MEDICAL'],['MEDICAL'],['MEDICAL']
2551,WIKIPEDIA,['MEDICAL'],['MEDICAL'],['MEDICAL'],['INFO']
2552,WIKIPEDIA,"['MEDICAL', 'INDUSTRIAL']",['INFO'],['INFO'],['INFO']
2553,WIKIPEDIA,['MEDICAL'],['MEDICAL'],['MEDICAL'],['MEDICAL']
2554,WIKIPEDIA,['MEDICAL'],['INFO'],['MEDICAL'],['INFO']
2555,WIKIPEDIA,"['MEDICAL', 'INDUSTRIAL']",['MEDICAL'],"['MEDICAL', 'INDUSTRIAL']",['INFO']
2556,WIKIPEDIA,['MEDICAL'],"['MEDICAL', 'INDUSTRIAL']",['MEDICAL'],['MEDICAL']
2557,WIKIPEDIA,['MEDICAL'],['MEDICAL'],['MEDICAL'],['MEDICAL']
2558,WIKIPEDIA,['MEDICAL'],['MEDICAL'],['MEDICAL'],['MEDICAL']
2559,WIKIPEDIA,['MEDICAL'],['MEDICAL'],['MEDICAL'],['MEDICAL']
2560,WIKIPEDIA,['MEDICAL'],['MEDICAL'],['MEDICAL'],['MEDICAL']
2561,WIKIPEDIA,['MEDICAL'],['MEDICAL'],['MEDICAL'],['MEDICAL']
2562,WIKIPEDIA,['MEDICAL'],['INFO'],['MEDICAL'],['MEDICAL']
2563,WIKIPEDIA,['MEDICAL'],['MEDICAL'],['MEDICAL'],['INFO']
2564,WIKIPEDIA,['INFO'],['INFO'],['INFO'],['INFO']
2565,WIKIPEDIA,"['MEDICAL', 'FOOD']",['INFO'],"['MEDICAL', 'FOOD']",['INFO']
2566,WIKIPEDIA,['INFO'],['INFO'],['INFO'],['INFO']
2567,WIKIPEDIA,['MEDICAL'],['MEDICAL'],['INFO'],['INFO']
2568,WIKIPEDIA,"['FOOD', 'PERSONAL CARE']","['PERSONAL CARE', 'FOOD', 'INDUSTRIAL']","['FOOD', 'PERSONAL CARE']","['FOOD', 'PERSONAL CARE']"
2569,WIKIPEDIA,['MEDICAL'],['MEDICAL'],['MEDICAL'],['MEDICAL']
2570,PUBMED,['INFO'],['INFO'],['INFO'],['INFO']
2571,PUBMED,['MEDICAL'],['MEDICAL'],['MEDICAL'],['INFO']
2572,PUBMED,['INFO'],['INFO'],['INFO'],['INFO']
2573,WIKIPEDIA,['MEDICAL'],['MEDICAL'],['MEDICAL'],['MEDICAL']
2574,PUBMED,['MEDICAL'],['INFO'],"['MEDICAL', 'FOOD']",['MEDICAL']
2575,WIKIPEDIA,['MEDICAL'],['MEDICAL'],['MEDICAL'],['MEDICAL']
2576,WIKIPEDIA,['MEDICAL'],['MEDICAL'],['MEDICAL'],['MEDICAL']
2577,PUBMED,['MEDICAL'],['MEDICAL'],['MEDICAL'],['MEDICAL']
2578,WIKIPEDIA,"['MEDICAL', 'INDUSTRIAL']","['MEDICAL', 'PERSONAL CARE']","['MEDICAL', 'INDUSTRIAL']","['MEDICAL', 'INDUSTRIAL']"
2579,WIKIPEDIA,['MEDICAL'],['MEDICAL'],['MEDICAL'],['MEDICAL']
2580,WIKIPEDIA,"['INDUSTRIAL', 'MEDICAL']","['MEDICAL', 'INDUSTRIAL']","['INDUSTRIAL', 'PERSONAL CARE']","['INDUSTRIAL', 'PERSONAL CARE']"
2581,WIKIPEDIA,['INFO'],['INFO'],"['ENDOGENOUS', 'FOOD']",['INFO']
2582,WIKIPEDIA,['MEDICAL'],['INFO'],['MEDICAL'],['MEDICAL']
2583,WIKIPEDIA,['MEDICAL'],['MEDICAL'],['MEDICAL'],['INFO']
2584,WIKIPEDIA,"['FOOD', 'INFO']",['FOOD'],['INFO'],['FOOD']
2585,WIKIPEDIA,['MEDICAL'],['MEDICAL'],['MEDICAL'],['MEDICAL']
2586,WIKIPEDIA,['MEDICAL'],['MEDICAL'],['MEDICAL'],['MEDICAL']
2587,WIKIPEDIA,['MEDICAL'],['MEDICAL'],['MEDICAL'],['MEDICAL']
2588,WIKIPEDIA,['MEDICAL'],['MEDICAL'],['MEDICAL'],['MEDICAL']
2589,WIKIPEDIA,['MEDICAL'],['MEDICAL'],['MEDICAL'],['MEDICAL']
2590,WIKIPEDIA,['MEDICAL'],['MEDICAL'],['MEDICAL'],['MEDICAL']
2591,PUBMED,['MEDICAL'],['MEDICAL'],['MEDICAL'],['INFO']
2592,PUBMED,['MEDICAL'],['MEDICAL'],['MEDICAL'],['INFO']
2593,WIKIPEDIA,"['MEDICAL', 'FOOD']",['MEDICAL'],"['MEDICAL', 'FOOD']",['MEDICAL']
2594,WIKIPEDIA,['MEDICAL'],['MEDICAL'],['MEDICAL'],['MEDICAL']
2595,WIKIPEDIA,"['MEDICAL', 'FOOD']",['MEDICAL'],['MEDICAL'],"['MEDICAL', 'PERSONAL CARE']"
2596,WIKIPEDIA,['MEDICAL'],['MEDICAL'],['MEDICAL'],['INFO']
2597,WIKIPEDIA,['MEDICAL'],['MEDICAL'],['INFO'],['INFO']
2598,PUBMED,"['FOOD', 'INFO']",['FOOD'],"['FOOD', 'MEDICAL']",['FOOD']
2599,WIKIPEDIA,"['ENDOGENOUS', 'FOOD', 'MEDICAL']",['ENDOGENOUS'],"['ENDOGENOUS', 'FOOD', 'MEDICAL']",['INFO']
2600,WIKIPEDIA,"['ENDOGENOUS', 'PERSONAL CARE', 'FOOD', 'MEDICAL']","['ENDOGENOUS', 'FOOD']","['ENDOGENOUS', 'PERSONAL CARE', 'FOOD']","['ENDOGENOUS', 'FOOD', 'PERSONAL CARE']"
2601,WIKIPEDIA,"['ENDOGENOUS', 'PERSONAL CARE', 'FOOD']","['ENDOGENOUS', 'FOOD']","['ENDOGENOUS', 'FOOD', 'PERSONAL CARE', 'MEDICAL']","['ENDOGENOUS', 'FOOD', 'PERSONAL CARE']"
2602,WIKIPEDIA,"['FOOD', 'ENDOGENOUS', 'MEDICAL']","['ENDOGENOUS', 'FOOD']","['ENDOGENOUS', 'FOOD']",['INFO']
2603,WIKIPEDIA,"['ENDOGENOUS', 'FOOD']","['ENDOGENOUS', 'FOOD']","['ENDOGENOUS', 'FOOD']","['ENDOGENOUS', 'FOOD', 'PERSONAL CARE', 'MEDICAL']"
2604,PUBMED,"['MEDICAL', 'INDUSTRIAL']","['MEDICAL', 'INDUSTRIAL']",['MEDICAL'],"['MEDICAL', 'INDUSTRIAL']"
2605,WIKIPEDIA,['MEDICAL'],['MEDICAL'],['MEDICAL'],['MEDICAL']
2606,WIKIPEDIA,['MEDICAL'],['MEDICAL'],['MEDICAL'],['INFO']
2607,WIKIPEDIA,['MEDICAL'],['MEDICAL'],['MEDICAL'],['INFO']
2608,PUBMED,['MEDICAL'],['INFO'],['MEDICAL'],['INFO']
2609,WIKIPEDIA,['MEDICAL'],['INFO'],['MEDICAL'],['INFO']
2610,WIKIPEDIA,"['FOOD', 'MEDICAL', 'INDUSTRIAL']",['FOOD'],"['FOOD', 'MEDICAL', 'INDUSTRIAL']","['FOOD', 'MEDICAL', 'PERSONAL CARE']"
2611,WIKIPEDIA,['MEDICAL'],['MEDICAL'],"['MEDICAL', 'ENDOGENOUS']","['MEDICAL', 'PERSONAL CARE']"
2612,PUBMED,['MEDICAL'],['MEDICAL'],['MEDICAL'],['INFO']
2613,WIKIPEDIA,['MEDICAL'],['MEDICAL'],['MEDICAL'],['MEDICAL']
2614,WIKIPEDIA,"['FOOD', 'ENDOGENOUS']","['ENDOGENOUS', 'FOOD']","['ENDOGENOUS', 'FOOD', 'MEDICAL', 'INDUSTRIAL']","['ENDOGENOUS', 'FOOD', 'MEDICAL']"
2615,WIKIPEDIA,['MEDICAL'],['MEDICAL'],['MEDICAL'],['MEDICAL']
2616,WIKIPEDIA,"['MEDICAL', 'FOOD']",['INFO'],['INFO'],['INFO']
2617,WIKIPEDIA,['MEDICAL'],['MEDICAL'],['MEDICAL'],['MEDICAL']
2618,WIKIPEDIA,['MEDICAL'],['MEDICAL'],['MEDICAL'],['MEDICAL']
2619,WIKIPEDIA,['INFO'],['INFO'],['MEDICAL'],['INFO']
2620,PUBMED,['INFO'],['INFO'],['INFO'],['INFO']
2621,WIKIPEDIA,['MEDICAL'],['MEDICAL'],['MEDICAL'],['MEDICAL']
2622,WIKIPEDIA,['MEDICAL'],['MEDICAL'],['MEDICAL'],['MEDICAL']
2623,PUBMED,['INFO'],['INFO'],['INFO'],['INFO']
2624,WIKIPEDIA,['MEDICAL'],['INFO'],"['MEDICAL', 'PERSONAL CARE']",['INFO']
2625,WIKIPEDIA,['MEDICAL'],['MEDICAL'],['MEDICAL'],['MEDICAL']
2626,WIKIPEDIA,['MEDICAL'],['MEDICAL'],['MEDICAL'],['MEDICAL']
2627,WIKIPEDIA,['MEDICAL'],['MEDICAL'],['MEDICAL'],['INFO']
2628,WIKIPEDIA,['INFO'],['MEDICAL'],['INFO'],['INFO']
2629,PUBMED,['MEDICAL'],['MEDICAL'],['MEDICAL'],['INFO']
2630,PUBMED,['MEDICAL'],['MEDICAL'],['MEDICAL'],['INFO']
2631,WIKIPEDIA,['MEDICAL'],['MEDICAL'],['MEDICAL'],['MEDICAL']
2632,WIKIPEDIA,['MEDICAL'],['INFO'],['MEDICAL'],['INFO']
2633,WIKIPEDIA,['MEDICAL'],['MEDICAL'],['MEDICAL'],['INFO']
2634,WIKIPEDIA,"['MEDICAL', 'FOOD']",['MEDICAL'],"['MEDICAL', 'FOOD']",['MEDICAL']
2635,WIKIPEDIA,"['ENDOGENOUS', 'MEDICAL']","['ENDOGENOUS', 'MEDICAL']",['ENDOGENOUS'],"['ENDOGENOUS', 'MEDICAL']"
2636,WIKIPEDIA,"['MEDICAL', 'PERSONAL CARE']",['PERSONAL CARE'],"['MEDICAL', 'PERSONAL CARE']",['PERSONAL CARE']
2637,WIKIPEDIA,"['MEDICAL', 'ENDOGENOUS']",['MEDICAL'],"['MEDICAL', 'ENDOGENOUS']",['MEDICAL']
2638,WIKIPEDIA,['MEDICAL'],['MEDICAL'],['MEDICAL'],['MEDICAL']
2639,WIKIPEDIA,['MEDICAL'],['MEDICAL'],['MEDICAL'],['MEDICAL']
2640,WIKIPEDIA,"['MEDICAL', 'INDUSTRIAL']","['MEDICAL', 'INDUSTRIAL']","['MEDICAL', 'INDUSTRIAL']",['INFO']
2641,WIKIPEDIA,['ENDOGENOUS'],['ENDOGENOUS'],['ENDOGENOUS'],['INFO']
2642,WIKIPEDIA,['MEDICAL'],['MEDICAL'],['MEDICAL'],['MEDICAL']
2643,WIKIPEDIA,['MEDICAL'],['INFO'],['MEDICAL'],['MEDICAL']
2644,PUBMED,['MEDICAL'],['INFO'],['MEDICAL'],['MEDICAL']
2645,WIKIPEDIA,"['FOOD', 'PERSONAL CARE']",['FOOD'],"['FOOD', 'PERSONAL CARE']",['INFO']
2646,PUBMED,['MEDICAL'],['MEDICAL'],['MEDICAL'],['MEDICAL']
2647,WIKIPEDIA,['MEDICAL'],['MEDICAL'],['MEDICAL'],['MEDICAL']
2648,WIKIPEDIA,['INFO'],['INFO'],['INFO'],"['ENDOGENOUS', 'FOOD']"
2649,WIKIPEDIA,['MEDICAL'],['MEDICAL'],['MEDICAL'],['MEDICAL']
2650,WIKIPEDIA,['MEDICAL'],['INFO'],['MEDICAL'],['MEDICAL']
2651,WIKIPEDIA,['MEDICAL'],['MEDICAL'],['MEDICAL'],['INFO']
2652,PUBMED,['MEDICAL'],['INFO'],"['MEDICAL', 'FOOD']",['INFO']
2653,WIKIPEDIA,['ENDOGENOUS'],['ENDOGENOUS'],['ENDOGENOUS'],['ENDOGENOUS']
2654,PUBMED,"['FOOD', 'MEDICAL']",['FOOD'],"['FOOD', 'MEDICAL']",['INFO']
2655,WIKIPEDIA,['MEDICAL'],['MEDICAL'],['MEDICAL'],['MEDICAL']
2656,WIKIPEDIA,['MEDICAL'],['MEDICAL'],['INFO'],['INFO']
2657,PUBMED,['INFO'],['INFO'],['INFO'],['INFO']
2658,WIKIPEDIA,"['ENDOGENOUS', 'FOOD']","['ENDOGENOUS', 'FOOD']",['ENDOGENOUS'],"['ENDOGENOUS', 'FOOD']"
2659,WIKIPEDIA,"['MEDICAL', 'PERSONAL CARE']","['MEDICAL', 'PERSONAL CARE']","['MEDICAL', 'PERSONAL CARE']","['MEDICAL', 'PERSONAL CARE']"
2660,WIKIPEDIA,['MEDICAL'],['INFO'],['MEDICAL'],['MEDICAL']
2661,PUBMED,['MEDICAL'],['INFO'],['MEDICAL'],['INFO']
2662,WIKIPEDIA,"['MEDICAL', 'INDUSTRIAL']",['MEDICAL'],['INFO'],['INFO']
2663,WIKIPEDIA,"['PERSONAL CARE', 'INDUSTRIAL']","['FOOD', 'INDUSTRIAL', 'PERSONAL CARE']","['FOOD', 'PERSONAL CARE', 'INDUSTRIAL']","['FOOD', 'PERSONAL CARE', 'INDUSTRIAL']"
2664,WIKIPEDIA,['MEDICAL'],['MEDICAL'],['MEDICAL'],['MEDICAL']
2665,WIKIPEDIA,['MEDICAL'],['MEDICAL'],['MEDICAL'],['MEDICAL']
2666,,['INFO'],"['MEDICAL', 'FOOD']",['INFO'],"['MEDICAL', 'FOOD']"
2667,PUBMED,['MEDICAL'],['INFO'],['MEDICAL'],['MEDICAL']
2668,WIKIPEDIA,"['FOOD', 'MEDICAL']",['FOOD'],"['FOOD', 'MEDICAL']",['INFO']
2669,WIKIPEDIA,['INFO'],['INDUSTRIAL'],['INFO'],['INDUSTRIAL']
2670,WIKIPEDIA,['ENDOGENOUS'],['INFO'],['ENDOGENOUS'],['INFO']
2671,WIKIPEDIA,['MEDICAL'],['INFO'],['MEDICAL'],['INFO']
2672,WIKIPEDIA,['MEDICAL'],['MEDICAL'],['MEDICAL'],['MEDICAL']
2673,WIKIPEDIA,['MEDICAL'],['MEDICAL'],['MEDICAL'],['INFO']
2674,PUBMED,"['MEDICAL', 'ENDOGENOUS']",['INFO'],"['MEDICAL', 'ENDOGENOUS']","['ENDOGENOUS', 'MEDICAL']"
2675,PUBMED,['MEDICAL'],['MEDICAL'],['MEDICAL'],['MEDICAL']
2676,WIKIPEDIA,['MEDICAL'],['MEDICAL'],['MEDICAL'],['INFO']
2677,WIKIPEDIA,['MEDICAL'],['MEDICAL'],['MEDICAL'],['MEDICAL']
2678,WIKIPEDIA,"['ENDOGENOUS', 'MEDICAL']","['ENDOGENOUS', 'MEDICAL']","['ENDOGENOUS', 'MEDICAL']","['ENDOGENOUS', 'FOOD']"
2679,WIKIPEDIA,['MEDICAL'],['MEDICAL'],['MEDICAL'],['MEDICAL']
2680,WIKIPEDIA,"['MEDICAL', 'INDUSTRIAL']",['MEDICAL'],"['MEDICAL', 'INDUSTRIAL']",['MEDICAL']
2681,WIKIPEDIA,['FOOD'],['FOOD'],['FOOD'],['FOOD']
2682,WIKIPEDIA,['MEDICAL'],['MEDICAL'],"['MEDICAL', 'INDUSTRIAL']",['INFO']
2683,WIKIPEDIA,"['MEDICAL', 'INDUSTRIAL']",['INFO'],"['MEDICAL', 'PERSONAL CARE', 'INDUSTRIAL']","['MEDICAL', 'INDUSTRIAL']"
2684,WIKIPEDIA,"['PERSONAL CARE', 'MEDICAL']","['PERSONAL CARE', 'INDUSTRIAL']",['INFO'],"['PERSONAL CARE', 'INDUSTRIAL']"
2685,PUBMED,['MEDICAL'],['MEDICAL'],['MEDICAL'],['INFO']
2686,WIKIPEDIA,"['MEDICAL', 'FOOD', 'INDUSTRIAL', 'PERSONAL CARE']","['FOOD', 'PERSONAL CARE']","['FOOD', 'PERSONAL CARE', 'INDUSTRIAL', 'MEDICAL']",['INFO']
2687,PUBMED,['MEDICAL'],['MEDICAL'],['MEDICAL'],['INFO']
2688,WIKIPEDIA,['MEDICAL'],['MEDICAL'],['MEDICAL'],['MEDICAL']
2689,WIKIPEDIA,['MEDICAL'],['MEDICAL'],['MEDICAL'],['MEDICAL']
2690,WIKIPEDIA,"['ENDOGENOUS', 'FOOD', 'MEDICAL']","['ENDOGENOUS', 'FOOD']","['ENDOGENOUS', 'FOOD', 'MEDICAL', 'INDUSTRIAL']","['ENDOGENOUS', 'FOOD', 'PERSONAL CARE']"
2691,WIKIPEDIA,['INFO'],['INFO'],['INFO'],"['ENDOGENOUS', 'FOOD']"
2692,WIKIPEDIA,['MEDICAL'],['MEDICAL'],['MEDICAL'],['INFO']
2693,WIKIPEDIA,"['FOOD', 'MEDICAL']","['FOOD', 'MEDICAL']","['MEDICAL', 'FOOD']","['FOOD', 'MEDICAL']"
2694,WIKIPEDIA,"['ENDOGENOUS', 'MEDICAL']",['ENDOGENOUS'],"['MEDICAL', 'ENDOGENOUS']",['INFO']
2695,WIKIPEDIA,"['FOOD', 'MEDICAL']",['FOOD'],['FOOD'],['INFO']
2696,WIKIPEDIA,"['FOOD', 'MEDICAL']",['FOOD'],"['FOOD', 'MEDICAL']",['FOOD']
2697,WIKIPEDIA,['MEDICAL'],['MEDICAL'],['INFO'],['INFO']
2698,WIKIPEDIA,['MEDICAL'],['MEDICAL'],['MEDICAL'],['MEDICAL']
2699,WIKIPEDIA,"['INDUSTRIAL', 'FOOD']",['INDUSTRIAL'],"['INDUSTRIAL', 'FOOD']",['INFO']
2700,PUBMED,['MEDICAL'],['INFO'],['INFO'],['INFO']
2701,WIKIPEDIA,['INFO'],['INFO'],['INFO'],['INFO']
2702,WIKIPEDIA,"['MEDICAL', 'INDUSTRIAL']",['MEDICAL'],['MEDICAL'],['INFO']
2703,WIKIPEDIA,['INDUSTRIAL'],['INDUSTRIAL'],['INDUSTRIAL'],['INFO']
2704,WIKIPEDIA,"['FOOD', 'ENDOGENOUS', 'PERSONAL CARE']","['FOOD', 'ENDOGENOUS']","['FOOD', 'PERSONAL CARE', 'INDUSTRIAL']","['FOOD', 'PERSONAL CARE']"
2705,WIKIPEDIA,['MEDICAL'],['MEDICAL'],['MEDICAL'],['MEDICAL']
2706,WIKIPEDIA,['MEDICAL'],['MEDICAL'],['MEDICAL'],['MEDICAL']
2707,WIKIPEDIA,['MEDICAL'],['MEDICAL'],['MEDICAL'],['MEDICAL']
2708,WIKIPEDIA,['MEDICAL'],['MEDICAL'],['MEDICAL'],['MEDICAL']
2709,WIKIPEDIA,['MEDICAL'],['MEDICAL'],['MEDICAL'],['MEDICAL']
2710,WIKIPEDIA,['MEDICAL'],['MEDICAL'],['MEDICAL'],['INFO']
2711,WIKIPEDIA,['MEDICAL'],['MEDICAL'],['MEDICAL'],['MEDICAL']
2712,WIKIPEDIA,['MEDICAL'],['MEDICAL'],['INFO'],['INFO']
2713,WIKIPEDIA,['MEDICAL'],['MEDICAL'],['MEDICAL'],['MEDICAL']
2714,WIKIPEDIA,['MEDICAL'],['MEDICAL'],['MEDICAL'],['MEDICAL']
2715,WIKIPEDIA,['MEDICAL'],['MEDICAL'],['MEDICAL'],['MEDICAL']
2716,WIKIPEDIA,['MEDICAL'],['MEDICAL'],['MEDICAL'],['INFO']
2717,WIKIPEDIA,['MEDICAL'],"['MEDICAL', 'PERSONAL CARE']","['MEDICAL', 'PERSONAL CARE']",['INFO']
2718,WIKIPEDIA,['MEDICAL'],['MEDICAL'],['MEDICAL'],['MEDICAL']
2719,PUBMED,"['MEDICAL', 'INDUSTRIAL']",['INFO'],['INDUSTRIAL'],['INFO']
2720,WIKIPEDIA,"['MEDICAL', 'FOOD']",['INFO'],"['MEDICAL', 'FOOD']",['INFO']
2721,WIKIPEDIA,['MEDICAL'],['MEDICAL'],['MEDICAL'],['INFO']
2722,WIKIPEDIA,['MEDICAL'],['MEDICAL'],['MEDICAL'],['MEDICAL']
2723,WIKIPEDIA,['MEDICAL'],['MEDICAL'],['MEDICAL'],['MEDICAL']
2724,WIKIPEDIA,['MEDICAL'],['MEDICAL'],['MEDICAL'],['INFO']
2725,WIKIPEDIA,['MEDICAL'],['MEDICAL'],['MEDICAL'],['MEDICAL']
2726,PUBMED,"['MEDICAL', 'ENDOGENOUS']","['MEDICAL', 'ENDOGENOUS']","['MEDICAL', 'ENDOGENOUS']","['ENDOGENOUS', 'MEDICAL']"
2727,WIKIPEDIA,['MEDICAL'],['MEDICAL'],['INFO'],['INFO']
2728,WIKIPEDIA,['MEDICAL'],['MEDICAL'],['MEDICAL'],['MEDICAL']
2729,WIKIPEDIA,['MEDICAL'],['MEDICAL'],['MEDICAL'],['MEDICAL']
2730,WIKIPEDIA,['ENDOGENOUS'],['ENDOGENOUS'],['ENDOGENOUS'],"['ENDOGENOUS', 'FOOD']"
2731,WIKIPEDIA,['MEDICAL'],['MEDICAL'],['MEDICAL'],['MEDICAL']
2732,WIKIPEDIA,"['FOOD', 'INDUSTRIAL']",['INFO'],"['FOOD', 'INDUSTRIAL']",['FOOD']
2733,WIKIPEDIA,['MEDICAL'],['INFO'],"['MEDICAL', 'FOOD']",['INFO']
2734,WIKIPEDIA,['MEDICAL'],['MEDICAL'],['MEDICAL'],['MEDICAL']
2735,WIKIPEDIA,"['MEDICAL', 'ENDOGENOUS']",['MEDICAL'],"['MEDICAL', 'ENDOGENOUS']",['MEDICAL']
2736,PUBMED,['MEDICAL'],['INFO'],['MEDICAL'],['INFO']
2737,WIKIPEDIA,['MEDICAL'],['MEDICAL'],['MEDICAL'],['MEDICAL']
2738,PUBMED,"['MEDICAL', 'INDUSTRIAL']",['INFO'],['MEDICAL'],['INFO']
2739,PUBMED,['INFO'],['INFO'],['INFO'],['INFO']
2740,WIKIPEDIA,"['FOOD', 'MEDICAL', 'PERSONAL CARE', 'INDUSTRIAL']",['INFO'],"['ENDOGENOUS', 'FOOD', 'PERSONAL CARE', 'MEDICAL', 'INDUSTRIAL']","['ENDOGENOUS', 'FOOD', 'PERSONAL CARE', 'INDUSTRIAL']"
2741,WIKIPEDIA,['MEDICAL'],['MEDICAL'],['MEDICAL'],['MEDICAL']
2742,PUBMED,['MEDICAL'],['MEDICAL'],['MEDICAL'],['MEDICAL']
2743,WIKIPEDIA,['MEDICAL'],['MEDICAL'],['INFO'],['INFO']
2744,WIKIPEDIA,['MEDICAL'],['MEDICAL'],['INFO'],['INFO']
2745,WIKIPEDIA,['ENDOGENOUS'],['INFO'],['ENDOGENOUS'],"['ENDOGENOUS', 'FOOD']"
2746,WIKIPEDIA,['MEDICAL'],['MEDICAL'],['MEDICAL'],['MEDICAL']
2747,WIKIPEDIA,['MEDICAL'],['MEDICAL'],['MEDICAL'],['MEDICAL']
2748,WIKIPEDIA,"['FOOD', 'ENDOGENOUS']",['INFO'],['FOOD'],['INFO']
2749,WIKIPEDIA,"['FOOD', 'ENDOGENOUS']","['FOOD', 'ENDOGENOUS']",['FOOD'],['INFO']
2750,WIKIPEDIA,"['FOOD', 'INFO']",['FOOD'],['FOOD'],['INFO']
2751,WIKIPEDIA,['MEDICAL'],['FOOD'],['MEDICAL'],['INFO']
2752,WIKIPEDIA,"['ENDOGENOUS', 'MEDICAL']",['ENDOGENOUS'],['ENDOGENOUS'],['ENDOGENOUS']
2753,WIKIPEDIA,['MEDICAL'],['MEDICAL'],['MEDICAL'],['MEDICAL']
2754,WIKIPEDIA,"['MEDICAL', 'INDUSTRIAL']",['INFO'],"['MEDICAL', 'INDUSTRIAL']",['INFO']
2755,,['INFO'],"['MEDICAL', 'ENDOGENOUS', 'FOOD']",['INFO'],['INFO']
2756,WIKIPEDIA,"['MEDICAL', 'ENDOGENOUS', 'FOOD']",['MEDICAL'],"['MEDICAL', 'ENDOGENOUS', 'FOOD']",['INFO']
2757,PUBMED,"['MEDICAL', 'ENDOGENOUS']","['MEDICAL', 'ENDOGENOUS', 'FOOD']",['MEDICAL'],"['ENDOGENOUS', 'FOOD', 'MEDICAL']"
2758,WIKIPEDIA,"['FOOD', 'INDUSTRIAL']","['FOOD', 'INDUSTRIAL']",['FOOD'],['FOOD']
2759,WIKIPEDIA,['INDUSTRIAL'],['INFO'],['INFO'],['INFO']
2760,WIKIPEDIA,['MEDICAL'],['INFO'],['MEDICAL'],['INFO']
2761,WIKIPEDIA,"['FOOD', 'MEDICAL']",['FOOD'],['FOOD'],['INFO']
2762,WIKIPEDIA,['MEDICAL'],['INFO'],['MEDICAL'],['MEDICAL']
2763,WIKIPEDIA,['MEDICAL'],['MEDICAL'],['MEDICAL'],['MEDICAL']
2764,WIKIPEDIA,['MEDICAL'],['MEDICAL'],['MEDICAL'],['MEDICAL']
2765,WIKIPEDIA,['MEDICAL'],['MEDICAL'],['MEDICAL'],['MEDICAL']
2766,WIKIPEDIA,['MEDICAL'],['INFO'],['MEDICAL'],['MEDICAL']
2767,WIKIPEDIA,['MEDICAL'],['MEDICAL'],['MEDICAL'],['MEDICAL']
2768,WIKIPEDIA,['MEDICAL'],['MEDICAL'],['MEDICAL'],['MEDICAL']
2769,WIKIPEDIA,['MEDICAL'],['MEDICAL'],['INFO'],['MEDICAL']
2770,PUBMED,['MEDICAL'],['MEDICAL'],['MEDICAL'],['MEDICAL']
2771,PUBMED,['MEDICAL'],['MEDICAL'],['MEDICAL'],['INFO']
2772,WIKIPEDIA,['MEDICAL'],['MEDICAL'],['INFO'],['INFO']
2773,WIKIPEDIA,['MEDICAL'],['MEDICAL'],['MEDICAL'],['MEDICAL']
2774,WIKIPEDIA,['MEDICAL'],['INFO'],['MEDICAL'],['INFO']
2775,WIKIPEDIA,['MEDICAL'],['MEDICAL'],['MEDICAL'],['MEDICAL']
2776,WIKIPEDIA,['MEDICAL'],['MEDICAL'],['MEDICAL'],['MEDICAL']
2777,WIKIPEDIA,['MEDICAL'],['MEDICAL'],['INFO'],['INFO']
2778,PUBMED,['INFO'],['ENDOGENOUS'],"['MEDICAL', 'FOOD']",['INFO']
2779,PUBMED,['INFO'],['INFO'],['INFO'],['INFO']
2780,WIKIPEDIA,"['ENDOGENOUS', 'FOOD']","['ENDOGENOUS', 'FOOD']",['ENDOGENOUS'],"['ENDOGENOUS', 'FOOD', 'PERSONAL CARE', 'MEDICAL']"
2781,WIKIPEDIA,['MEDICAL'],['MEDICAL'],['MEDICAL'],['MEDICAL']
2782,WIKIPEDIA,['MEDICAL'],['MEDICAL'],['MEDICAL'],['MEDICAL']
2783,PUBMED,"['MEDICAL', 'ENDOGENOUS']",['ENDOGENOUS'],"['ENDOGENOUS', 'MEDICAL']","['ENDOGENOUS', 'FOOD']"
2784,WIKIPEDIA,"['ENDOGENOUS', 'FOOD', 'PERSONAL CARE', 'MEDICAL']","['ENDOGENOUS', 'FOOD']","['ENDOGENOUS', 'FOOD', 'PERSONAL CARE', 'MEDICAL']","['ENDOGENOUS', 'FOOD', 'PERSONAL CARE']"
2785,WIKIPEDIA,"['FOOD', 'ENDOGENOUS']",['FOOD'],['FOOD'],"['FOOD', 'PERSONAL CARE']"
2786,WIKIPEDIA,['MEDICAL'],['MEDICAL'],['MEDICAL'],['INFO']
2787,WIKIPEDIA,['MEDICAL'],['INFO'],['MEDICAL'],['MEDICAL']
2788,PUBMED,['MEDICAL'],['MEDICAL'],['MEDICAL'],['INFO']
2789,WIKIPEDIA,"['INDUSTRIAL', 'PERSONAL CARE', 'MEDICAL']",['INFO'],"['PERSONAL CARE', 'MEDICAL']",['PERSONAL CARE']
2790,WIKIPEDIA,"['FOOD', 'PERSONAL CARE', 'INDUSTRIAL']",['INFO'],"['FOOD', 'PERSONAL CARE', 'INDUSTRIAL']",['INFO']
2791,WIKIPEDIA,['MEDICAL'],['INFO'],['MEDICAL'],['MEDICAL']
2792,PUBMED,['MEDICAL'],['INFO'],['MEDICAL'],['INFO']
2793,WIKIPEDIA,['ENDOGENOUS'],['ENDOGENOUS'],['ENDOGENOUS'],['INFO']
2794,PUBMED,['INFO'],['INFO'],['MEDICAL'],['INFO']
2795,WIKIPEDIA,['MEDICAL'],"['MEDICAL', 'INDUSTRIAL']",['INFO'],['INFO']
2796,WIKIPEDIA,['MEDICAL'],['INFO'],['MEDICAL'],['INFO']
2797,WIKIPEDIA,['MEDICAL'],['MEDICAL'],['MEDICAL'],['MEDICAL']
2798,PUBMED,"['MEDICAL', 'ENDOGENOUS']",['INFO'],"['MEDICAL', 'FOOD']",['PERSONAL CARE']
2799,PUBMED,['INFO'],['INFO'],['MEDICAL'],['MEDICAL']
2800,WIKIPEDIA,"['MEDICAL', 'ENDOGENOUS']",['MEDICAL'],"['MEDICAL', 'ENDOGENOUS']","['MEDICAL', 'ENDOGENOUS']"
2801,WIKIPEDIA,['INDUSTRIAL'],['INDUSTRIAL'],['INDUSTRIAL'],['INDUSTRIAL']
2802,PUBMED,['MEDICAL'],['MEDICAL'],['MEDICAL'],['INFO']
2803,WIKIPEDIA,['MEDICAL'],['INFO'],['MEDICAL'],['INFO']
2804,PUBMED,['INFO'],['INFO'],['MEDICAL'],['INFO']
2805,WIKIPEDIA,['MEDICAL'],['MEDICAL'],['MEDICAL'],['MEDICAL']
2806,WIKIPEDIA,['MEDICAL'],['MEDICAL'],['MEDICAL'],['MEDICAL']
2807,PUBMED,['MEDICAL'],['MEDICAL'],['MEDICAL'],['INFO']
2808,WIKIPEDIA,['MEDICAL'],['MEDICAL'],['MEDICAL'],['MEDICAL']
2809,WIKIPEDIA,['MEDICAL'],['MEDICAL'],['MEDICAL'],['MEDICAL']
2810,WIKIPEDIA,['MEDICAL'],['MEDICAL'],['INFO'],['INFO']
2811,WIKIPEDIA,['MEDICAL'],['MEDICAL'],['MEDICAL'],['MEDICAL']
2812,WIKIPEDIA,['MEDICAL'],['MEDICAL'],['MEDICAL'],['MEDICAL']
2813,WIKIPEDIA,['MEDICAL'],['MEDICAL'],['MEDICAL'],['MEDICAL']
2814,WIKIPEDIA,['MEDICAL'],['MEDICAL'],['MEDICAL'],['MEDICAL']
2815,PUBMED,"['INDUSTRIAL', 'MEDICAL', 'PERSONAL CARE']",['INFO'],"['INDUSTRIAL', 'PERSONAL CARE', 'FOOD']",['INFO']
2816,WIKIPEDIA,"['MEDICAL', 'FOOD']","['MEDICAL', 'FOOD']","['MEDICAL', 'FOOD']","['MEDICAL', 'FOOD']"
2817,WIKIPEDIA,['MEDICAL'],['MEDICAL'],['MEDICAL'],['MEDICAL']
2818,WIKIPEDIA,['MEDICAL'],"['MEDICAL', 'INDUSTRIAL']",['MEDICAL'],['MEDICAL']
2819,WIKIPEDIA,"['MEDICAL', 'ENDOGENOUS']","['ENDOGENOUS', 'MEDICAL']","['ENDOGENOUS', 'MEDICAL']","['ENDOGENOUS', 'MEDICAL']"
2820,WIKIPEDIA,['MEDICAL'],['INFO'],['MEDICAL'],['INFO']
2821,WIKIPEDIA,['INFO'],['INFO'],"['MEDICAL', 'ENDOGENOUS', 'FOOD', 'INDUSTRIAL']",['INFO']
2822,WIKIPEDIA,['MEDICAL'],['MEDICAL'],['MEDICAL'],['INFO']
2823,WIKIPEDIA,['MEDICAL'],['MEDICAL'],['MEDICAL'],['MEDICAL']
2824,PUBMED,"['MEDICAL', 'FOOD']",['FOOD'],"['MEDICAL', 'FOOD']","['FOOD', 'PERSONAL CARE']"
2825,WIKIPEDIA,"['MEDICAL', 'FOOD']",['MEDICAL'],['MEDICAL'],['MEDICAL']
2826,PUBMED,['INFO'],['MEDICAL'],['INFO'],"['MEDICAL', 'FOOD', 'PERSONAL CARE']"
2827,PUBMED,['MEDICAL'],['INFO'],['MEDICAL'],['INFO']
2828,WIKIPEDIA,['MEDICAL'],['MEDICAL'],['MEDICAL'],['MEDICAL']
2829,WIKIPEDIA,['MEDICAL'],['INFO'],['MEDICAL'],['MEDICAL']
2830,WIKIPEDIA,"['MEDICAL', 'ENDOGENOUS']","['MEDICAL', 'ENDOGENOUS']","['MEDICAL', 'ENDOGENOUS']","['ENDOGENOUS', 'MEDICAL']"
2831,WIKIPEDIA,"['ENDOGENOUS', 'FOOD', 'MEDICAL']","['ENDOGENOUS', 'FOOD']","['ENDOGENOUS', 'FOOD']","['ENDOGENOUS', 'FOOD', 'MEDICAL']"
2832,WIKIPEDIA,['MEDICAL'],['INFO'],['MEDICAL'],['MEDICAL']
2833,WIKIPEDIA,"['INDUSTRIAL', 'MEDICAL']",['INDUSTRIAL'],['INFO'],['INDUSTRIAL']
2834,WIKIPEDIA,['MEDICAL'],['MEDICAL'],['MEDICAL'],['MEDICAL']
2835,WIKIPEDIA,['FOOD'],['FOOD'],['FOOD'],['FOOD']
2836,WIKIPEDIA,"['FOOD', 'INDUSTRIAL']",['FOOD'],"['FOOD', 'INDUSTRIAL', 'MEDICAL']","['FOOD', 'PERSONAL CARE', 'INDUSTRIAL']"
2837,PUBMED,['INFO'],"['ENDOGENOUS', 'FOOD']",['INFO'],['INFO']
2838,WIKIPEDIA,['MEDICAL'],['INFO'],['MEDICAL'],['INFO']
2839,WIKIPEDIA,['MEDICAL'],['MEDICAL'],['MEDICAL'],['MEDICAL']
2840,WIKIPEDIA,['MEDICAL'],['MEDICAL'],['MEDICAL'],['INFO']
2841,WIKIPEDIA,['MEDICAL'],['MEDICAL'],['MEDICAL'],['MEDICAL']
2842,WIKIPEDIA,['MEDICAL'],['MEDICAL'],['MEDICAL'],['MEDICAL']
2843,WIKIPEDIA,['MEDICAL'],['MEDICAL'],['MEDICAL'],['MEDICAL']
2844,WIKIPEDIA,"['MEDICAL', 'INFO']",['INFO'],['INFO'],['INFO']
2845,WIKIPEDIA,"['FOOD', 'ENDOGENOUS']",['FOOD'],"['FOOD', 'INDUSTRIAL']",['FOOD']
2846,WIKIPEDIA,['INDUSTRIAL'],['INFO'],['INFO'],['INFO']
2847,WIKIPEDIA,['INDUSTRIAL'],['INDUSTRIAL'],['INDUSTRIAL'],['INFO']
2848,WIKIPEDIA,"['MEDICAL', 'FOOD', 'INDUSTRIAL']",['INFO'],"['FOOD', 'INDUSTRIAL', 'MEDICAL']","['FOOD', 'MEDICAL']"
2849,WIKIPEDIA,['MEDICAL'],['INFO'],['MEDICAL'],['INFO']
2850,WIKIPEDIA,['INDUSTRIAL'],['INDUSTRIAL'],['INDUSTRIAL'],['INFO']
2851,PUBMED,['INFO'],['INFO'],['ENDOGENOUS'],['INFO']
2852,WIKIPEDIA,['ENDOGENOUS'],['ENDOGENOUS'],['ENDOGENOUS'],['INFO']
2853,WIKIPEDIA,['MEDICAL'],['MEDICAL'],['INFO'],['INFO']
2854,PUBMED,['INFO'],['MEDICAL'],['INFO'],['INFO']
2855,PUBMED,['MEDICAL'],['INFO'],['MEDICAL'],['INFO']
2856,WIKIPEDIA,"['FOOD', 'PERSONAL CARE', 'INFO']",['FOOD'],"['FOOD', 'PERSONAL CARE']",['INFO']
2857,PUBMED,['MEDICAL'],['INFO'],['MEDICAL'],['INFO']
2858,WIKIPEDIA,"['MEDICAL', 'INDUSTRIAL']",['INFO'],['INFO'],['INFO']
2859,WIKIPEDIA,['MEDICAL'],['MEDICAL'],['MEDICAL'],['MEDICAL']
2860,WIKIPEDIA,['MEDICAL'],['MEDICAL'],['MEDICAL'],['MEDICAL']
2861,PUBMED,['MEDICAL'],['MEDICAL'],['MEDICAL'],['INFO']
2862,WIKIPEDIA,"['MEDICAL', 'PERSONAL CARE']",['INFO'],"['MEDICAL', 'PERSONAL CARE']",['INFO']
2863,WIKIPEDIA,['MEDICAL'],['MEDICAL'],['MEDICAL'],['MEDICAL']
2864,WIKIPEDIA,['ENDOGENOUS'],"['ENDOGENOUS', 'FOOD']",['ENDOGENOUS'],['INFO']
2865,PUBMED,['INFO'],['INFO'],['INFO'],['INFO']
2866,WIKIPEDIA,"['FOOD', 'PERSONAL CARE', 'MEDICAL']","['PERSONAL CARE', 'FOOD']","['FOOD', 'PERSONAL CARE', 'MEDICAL']","['FOOD', 'PERSONAL CARE']"
2867,WIKIPEDIA,['MEDICAL'],['MEDICAL'],['MEDICAL'],['MEDICAL']
2868,WIKIPEDIA,['MEDICAL'],['MEDICAL'],['INFO'],['INFO']
2869,WIKIPEDIA,['MEDICAL'],['INFO'],['MEDICAL'],['INFO']
2870,WIKIPEDIA,['MEDICAL'],['MEDICAL'],['MEDICAL'],['MEDICAL']
2871,WIKIPEDIA,"['FOOD', 'ENDOGENOUS']",['FOOD'],['FOOD'],['FOOD']
2872,WIKIPEDIA,"['MEDICAL', 'FOOD', 'PERSONAL CARE']","['PERSONAL CARE', 'FOOD', 'INDUSTRIAL']","['FOOD', 'PERSONAL CARE', 'MEDICAL', 'INDUSTRIAL']","['FOOD', 'PERSONAL CARE']"
2873,WIKIPEDIA,['MEDICAL'],['MEDICAL'],['MEDICAL'],['INFO']
2874,WIKIPEDIA,['MEDICAL'],['MEDICAL'],['MEDICAL'],['MEDICAL']
2875,WIKIPEDIA,['MEDICAL'],['MEDICAL'],['MEDICAL'],['MEDICAL']
2876,WIKIPEDIA,"['MEDICAL', 'PERSONAL CARE', 'FOOD']",['FOOD'],"['MEDICAL', 'FOOD', 'PERSONAL CARE']",['INFO']
2877,WIKIPEDIA,"['FOOD', 'MEDICAL']","['PERSONAL CARE', 'FOOD']","['MEDICAL', 'FOOD']","['MEDICAL', 'FOOD', 'PERSONAL CARE']"
2878,WIKIPEDIA,['ENDOGENOUS'],['ENDOGENOUS'],"['ENDOGENOUS', 'FOOD']","['ENDOGENOUS', 'FOOD']"
2879,WIKIPEDIA,['ENDOGENOUS'],['ENDOGENOUS'],['ENDOGENOUS'],['ENDOGENOUS']
2880,PUBMED,['MEDICAL'],['MEDICAL'],['MEDICAL'],['MEDICAL']
2881,WIKIPEDIA,"['MEDICAL', 'ENDOGENOUS', 'FOOD']",['INFO'],"['ENDOGENOUS', 'FOOD', 'MEDICAL']",['INFO']
2882,WIKIPEDIA,"['ENDOGENOUS', 'FOOD']",['ENDOGENOUS'],['ENDOGENOUS'],"['ENDOGENOUS', 'FOOD']"
2883,WIKIPEDIA,"['ENDOGENOUS', 'FOOD']",['INFO'],"['ENDOGENOUS', 'FOOD']","['ENDOGENOUS', 'FOOD']"
2884,WIKIPEDIA,['MEDICAL'],['MEDICAL'],['MEDICAL'],['INFO']
2885,WIKIPEDIA,['MEDICAL'],['MEDICAL'],['MEDICAL'],['MEDICAL']
2886,WIKIPEDIA,['MEDICAL'],['INFO'],['MEDICAL'],['INFO']
2887,WIKIPEDIA,"['FOOD', 'PERSONAL CARE', 'INDUSTRIAL']",['INFO'],"['FOOD', 'PERSONAL CARE', 'INDUSTRIAL']",['INFO']
2888,WIKIPEDIA,['MEDICAL'],['MEDICAL'],['MEDICAL'],['INFO']
2889,WIKIPEDIA,"['FOOD', 'ENDOGENOUS', 'MEDICAL']",['FOOD'],['FOOD'],"['FOOD', 'MEDICAL']"
2890,WIKIPEDIA,"['FOOD', 'ENDOGENOUS', 'MEDICAL']",['FOOD'],"['ENDOGENOUS', 'FOOD', 'MEDICAL']","['FOOD', 'PERSONAL CARE']"
2891,WIKIPEDIA,['INFO'],['INFO'],['INFO'],['INFO']
2892,WIKIPEDIA,['MEDICAL'],['MEDICAL'],['MEDICAL'],['MEDICAL']
2893,WIKIPEDIA,['MEDICAL'],['MEDICAL'],['MEDICAL'],['MEDICAL']
2894,PUBMED,['MEDICAL'],['MEDICAL'],"['MEDICAL', 'INDUSTRIAL']",['INFO']
2895,WIKIPEDIA,"['FOOD', 'INFO']",['FOOD'],['FOOD'],['FOOD']
2896,PUBMED,['MEDICAL'],['MEDICAL'],['MEDICAL'],['MEDICAL']
2897,WIKIPEDIA,['MEDICAL'],['MEDICAL'],['MEDICAL'],['MEDICAL']
2898,WIKIPEDIA,"['MEDICAL', 'INDUSTRIAL']",['MEDICAL'],['INFO'],['INFO']
2899,PUBMED,['MEDICAL'],['MEDICAL'],['MEDICAL'],['MEDICAL']
2900,WIKIPEDIA,"['PERSONAL CARE', 'INDUSTRIAL']",['PERSONAL CARE'],"['PERSONAL CARE', 'INDUSTRIAL']",['PERSONAL CARE']
2901,PUBMED,['MEDICAL'],['MEDICAL'],['MEDICAL'],['INFO']
2902,PUBMED,['MEDICAL'],"['MEDICAL', 'INDUSTRIAL']",['MEDICAL'],['INFO']
2903,PUBMED,"['MEDICAL', 'FOOD']",['INFO'],"['MEDICAL', 'FOOD']",['INFO']
2904,WIKIPEDIA,"['ENDOGENOUS', 'FOOD']","['ENDOGENOUS', 'FOOD']","['ENDOGENOUS', 'FOOD', 'INDUSTRIAL']","['ENDOGENOUS', 'FOOD', 'PERSONAL CARE']"
2905,WIKIPEDIA,"['ENDOGENOUS', 'FOOD']","['ENDOGENOUS', 'FOOD']","['ENDOGENOUS', 'FOOD', 'INDUSTRIAL']","['ENDOGENOUS', 'FOOD', 'PERSONAL CARE']"
2906,WIKIPEDIA,['MEDICAL'],['MEDICAL'],['MEDICAL'],['INFO']
2907,WIKIPEDIA,['MEDICAL'],['MEDICAL'],['MEDICAL'],['INFO']
2908,WIKIPEDIA,['MEDICAL'],['MEDICAL'],['MEDICAL'],['MEDICAL']
2909,WIKIPEDIA,"['MEDICAL', 'INDUSTRIAL', 'PERSONAL CARE']","['MEDICAL', 'INDUSTRIAL']","['MEDICAL', 'PERSONAL CARE', 'INDUSTRIAL']","['MEDICAL', 'INDUSTRIAL', 'PERSONAL CARE']"
2910,WIKIPEDIA,['MEDICAL'],['INDUSTRIAL'],['MEDICAL'],['MEDICAL']
2911,WIKIPEDIA,['MEDICAL'],['MEDICAL'],['MEDICAL'],['INFO']
2912,WIKIPEDIA,['MEDICAL'],['MEDICAL'],['MEDICAL'],['MEDICAL']
2913,WIKIPEDIA,['MEDICAL'],['INFO'],['MEDICAL'],['MEDICAL']
2914,WIKIPEDIA,['MEDICAL'],['MEDICAL'],['MEDICAL'],['MEDICAL']
2915,WIKIPEDIA,"['INDUSTRIAL', 'MEDICAL']",['INDUSTRIAL'],['INFO'],['INFO']
2916,PUBMED,"['MEDICAL', 'FOOD']",['INFO'],"['MEDICAL', 'FOOD']",['INFO']
2917,WIKIPEDIA,['MEDICAL'],['MEDICAL'],['MEDICAL'],['MEDICAL']
2918,WIKIPEDIA,['MEDICAL'],['MEDICAL'],['MEDICAL'],['MEDICAL']
2919,WIKIPEDIA,['MEDICAL'],['MEDICAL'],['MEDICAL'],['MEDICAL']
2920,WIKIPEDIA,['MEDICAL'],['MEDICAL'],['MEDICAL'],['MEDICAL']
2921,WIKIPEDIA,['MEDICAL'],['MEDICAL'],['MEDICAL'],['MEDICAL']
2922,PUBMED,['INFO'],['INDUSTRIAL'],['INDUSTRIAL'],['INFO']
2923,WIKIPEDIA,"['FOOD', 'INDUSTRIAL', 'MEDICAL']","['FOOD', 'INDUSTRIAL', 'ENDOGENOUS']","['FOOD', 'INDUSTRIAL', 'MEDICAL', 'PERSONAL CARE']","['FOOD', 'MEDICAL', 'PERSONAL CARE', 'INDUSTRIAL']"
2924,WIKIPEDIA,"['FOOD', 'INFO']",['INFO'],['FOOD'],['INFO']
2925,WIKIPEDIA,['MEDICAL'],['MEDICAL'],['MEDICAL'],['MEDICAL']
2926,WIKIPEDIA,['MEDICAL'],"['MEDICAL', 'INDUSTRIAL']","['MEDICAL', 'INDUSTRIAL']",['INFO']
2927,PUBMED,['INFO'],['ENDOGENOUS'],['ENDOGENOUS'],['INFO']
2928,WIKIPEDIA,"['MEDICAL', 'FOOD']",['INFO'],"['MEDICAL', 'FOOD']",['INFO']
2929,WIKIPEDIA,['FOOD'],"['ENDOGENOUS', 'FOOD']",['FOOD'],['FOOD']
2930,WIKIPEDIA,['MEDICAL'],['MEDICAL'],['MEDICAL'],['MEDICAL']
2931,WIKIPEDIA,['INFO'],['ENDOGENOUS'],['ENDOGENOUS'],['ENDOGENOUS']
2932,PUBMED,['MEDICAL'],['MEDICAL'],['MEDICAL'],['INFO']
2933,WIKIPEDIA,['FOOD'],['FOOD'],['FOOD'],['FOOD']
2934,WIKIPEDIA,"['FOOD', 'INFO']",['FOOD'],['INFO'],['INFO']
2935,WIKIPEDIA,['MEDICAL'],['MEDICAL'],['MEDICAL'],['MEDICAL']
2936,WIKIPEDIA,['INFO'],['INFO'],['INFO'],['INFO']
2937,PUBMED,['MEDICAL'],['MEDICAL'],['MEDICAL'],['MEDICAL']
2938,WIKIPEDIA,['MEDICAL'],['MEDICAL'],['MEDICAL'],['MEDICAL']
2939,WIKIPEDIA,['MEDICAL'],['MEDICAL'],['MEDICAL'],['INFO']
2940,WIKIPEDIA,['MEDICAL'],['MEDICAL'],['MEDICAL'],['MEDICAL']
2941,WIKIPEDIA,['MEDICAL'],['MEDICAL'],['MEDICAL'],['INFO']
2942,WIKIPEDIA,['INFO'],['ENDOGENOUS'],['INFO'],"['ENDOGENOUS', 'FOOD']"
2943,WIKIPEDIA,['INFO'],"['ENDOGENOUS', 'FOOD']",['INFO'],['ENDOGENOUS']
2944,WIKIPEDIA,['MEDICAL'],['MEDICAL'],['MEDICAL'],['MEDICAL']
2945,WIKIPEDIA,['INFO'],['INFO'],['INFO'],['INFO']
2946,WIKIPEDIA,"['MEDICAL', 'FOOD']",['MEDICAL'],"['MEDICAL', 'FOOD']",['INFO']
2947,WIKIPEDIA,['MEDICAL'],['INFO'],['MEDICAL'],['INFO']
2948,PUBMED,['MEDICAL'],"['MEDICAL', 'INDUSTRIAL']",['MEDICAL'],['INFO']
2949,PUBMED,['MEDICAL'],['INFO'],['MEDICAL'],['INFO']
2950,WIKIPEDIA,['MEDICAL'],['MEDICAL'],['MEDICAL'],['MEDICAL']
2951,WIKIPEDIA,['MEDICAL'],['MEDICAL'],['MEDICAL'],['MEDICAL']
2952,WIKIPEDIA,"['ENDOGENOUS', 'FOOD', 'INFO']",['INFO'],"['ENDOGENOUS', 'FOOD']","['ENDOGENOUS', 'MEDICAL', 'FOOD']"
2953,WIKIPEDIA,['MEDICAL'],['INFO'],['MEDICAL'],['MEDICAL']
2954,WIKIPEDIA,['MEDICAL'],['MEDICAL'],['INFO'],['INFO']
2955,WIKIPEDIA,"['ENDOGENOUS', 'MEDICAL']",['INFO'],"['ENDOGENOUS', 'FOOD', 'MEDICAL']",['ENDOGENOUS']
2956,PUBMED,['MEDICAL'],['INFO'],['MEDICAL'],['INFO']
2957,WIKIPEDIA,['MEDICAL'],['MEDICAL'],['MEDICAL'],['MEDICAL']
2958,WIKIPEDIA,['MEDICAL'],['MEDICAL'],['MEDICAL'],['MEDICAL']
2959,WIKIPEDIA,"['FOOD', 'ENDOGENOUS']","['ENDOGENOUS', 'FOOD']",['FOOD'],"['FOOD', 'PERSONAL CARE']"
2960,WIKIPEDIA,['MEDICAL'],['MEDICAL'],['INFO'],['INFO']
2961,PUBMED,"['MEDICAL', 'FOOD']",['FOOD'],"['FOOD', 'MEDICAL']","['FOOD', 'PERSONAL CARE']"
2962,PUBMED,['MEDICAL'],['MEDICAL'],['MEDICAL'],['INFO']
2963,WIKIPEDIA,"['MEDICAL', 'INDUSTRIAL']","['MEDICAL', 'INDUSTRIAL']",['MEDICAL'],['INFO']
2964,WIKIPEDIA,"['INDUSTRIAL', 'MEDICAL', 'ENDOGENOUS']",['INFO'],"['INDUSTRIAL', 'MEDICAL', 'FOOD', 'ENDOGENOUS']","['MEDICAL', 'ENDOGENOUS', 'FOOD', 'INDUSTRIAL']"
2965,PUBMED,['INFO'],['INFO'],['INFO'],"['MEDICAL', 'FOOD']"
2966,WIKIPEDIA,"['MEDICAL', 'INDUSTRIAL']","['MEDICAL', 'INDUSTRIAL']","['MEDICAL', 'INDUSTRIAL', 'PERSONAL CARE', 'FOOD']","['MEDICAL', 'INDUSTRIAL']"
2967,WIKIPEDIA,"['INDUSTRIAL', 'MEDICAL']",['INFO'],['INFO'],['INFO']
2968,WIKIPEDIA,['MEDICAL'],['MEDICAL'],['MEDICAL'],['INFO']
2969,WIKIPEDIA,['MEDICAL'],['MEDICAL'],['MEDICAL'],['MEDICAL']
2970,WIKIPEDIA,['MEDICAL'],['INFO'],['MEDICAL'],['INFO']
2971,WIKIPEDIA,['MEDICAL'],['MEDICAL'],['MEDICAL'],['MEDICAL']
2972,PUBMED,['MEDICAL'],['INFO'],['MEDICAL'],['MEDICAL']
2973,PUBMED,['ENDOGENOUS'],['INFO'],['ENDOGENOUS'],['INFO']
2974,WIKIPEDIA,"['ENDOGENOUS', 'FOOD', 'MEDICAL']","['MEDICAL', 'ENDOGENOUS']","['ENDOGENOUS', 'FOOD', 'MEDICAL']","['ENDOGENOUS', 'MEDICAL', 'FOOD', 'PERSONAL CARE']"
2975,WIKIPEDIA,['MEDICAL'],['MEDICAL'],['MEDICAL'],['MEDICAL']
2976,WIKIPEDIA,['MEDICAL'],['INFO'],['MEDICAL'],['INFO']
2977,WIKIPEDIA,"['FOOD', 'INDUSTRIAL']",['FOOD'],"['FOOD', 'PERSONAL CARE', 'INDUSTRIAL']","['FOOD', 'PERSONAL CARE']"
2978,WIKIPEDIA,"['INFO', 'FOOD']",['INFO'],"['INFO', 'FOOD']",['INFO']
2979,WIKIPEDIA,['MEDICAL'],['MEDICAL'],['MEDICAL'],['MEDICAL']
2980,WIKIPEDIA,['MEDICAL'],['INFO'],['MEDICAL'],['MEDICAL']
2981,WIKIPEDIA,['MEDICAL'],['MEDICAL'],['MEDICAL'],['MEDICAL']
2982,WIKIPEDIA,"['ENDOGENOUS', 'FOOD']",['ENDOGENOUS'],['ENDOGENOUS'],['INFO']
2983,WIKIPEDIA,"['ENDOGENOUS', 'FOOD']",['ENDOGENOUS'],"['ENDOGENOUS', 'FOOD']","['ENDOGENOUS', 'FOOD']"
2984,WIKIPEDIA,['MEDICAL'],['MEDICAL'],['MEDICAL'],['INFO']
2985,WIKIPEDIA,['PERSONAL CARE'],"['PERSONAL CARE', 'INDUSTRIAL', 'FOOD']",['PERSONAL CARE'],"['FOOD', 'PERSONAL CARE', 'INDUSTRIAL']"
2986,WIKIPEDIA,['MEDICAL'],['MEDICAL'],['MEDICAL'],['MEDICAL']
2987,WIKIPEDIA,"['FOOD', 'INDUSTRIAL']",['INFO'],"['FOOD', 'INDUSTRIAL']",['INFO']
2988,WIKIPEDIA,"['FOOD', 'INDUSTRIAL', 'MEDICAL']",['INFO'],"['MEDICAL', 'ENDOGENOUS', 'FOOD', 'INDUSTRIAL']",['INFO']
2989,WIKIPEDIA,['MEDICAL'],['MEDICAL'],['MEDICAL'],['INFO']
2990,WIKIPEDIA,['INFO'],['ENDOGENOUS'],['INFO'],['ENDOGENOUS']
2991,WIKIPEDIA,"['MEDICAL', 'INDUSTRIAL']",['INFO'],"['MEDICAL', 'INDUSTRIAL']",['MEDICAL']
2992,WIKIPEDIA,"['FOOD', 'INDUSTRIAL', 'MEDICAL', 'PERSONAL CARE']",['INFO'],"['FOOD', 'MEDICAL', 'INDUSTRIAL']",['INFO']
2993,WIKIPEDIA,"['INFO', 'MEDICAL']",['INFO'],['MEDICAL'],['INFO']
2994,WIKIPEDIA,['ENDOGENOUS'],['ENDOGENOUS'],['ENDOGENOUS'],['ENDOGENOUS']
2995,PUBMED,['MEDICAL'],['INFO'],['MEDICAL'],['INFO']
2996,WIKIPEDIA,"['ENDOGENOUS', 'FOOD', 'MEDICAL']","['ENDOGENOUS', 'FOOD']","['ENDOGENOUS', 'FOOD', 'PERSONAL CARE']","['ENDOGENOUS', 'FOOD', 'PERSONAL CARE']"
2997,WIKIPEDIA,"['FOOD', 'MEDICAL']",['FOOD'],"['MEDICAL', 'FOOD']",['INFO']
2998,WIKIPEDIA,['MEDICAL'],['MEDICAL'],['MEDICAL'],['MEDICAL']
2999,WIKIPEDIA,['MEDICAL'],['MEDICAL'],['MEDICAL'],['MEDICAL']
3000,WIKIPEDIA,['MEDICAL'],['MEDICAL'],['MEDICAL'],['MEDICAL']
3001,WIKIPEDIA,['MEDICAL'],['MEDICAL'],['MEDICAL'],['MEDICAL']
3002,WIKIPEDIA,['MEDICAL'],['MEDICAL'],['MEDICAL'],['MEDICAL']
3003,PUBMED,"['FOOD', 'MEDICAL', 'ENDOGENOUS']",['FOOD'],"['MEDICAL', 'FOOD']","['ENDOGENOUS', 'FOOD']"
3004,WIKIPEDIA,"['FOOD', 'ENDOGENOUS']",['FOOD'],"['FOOD', 'PERSONAL CARE', 'INDUSTRIAL']","['FOOD', 'MEDICAL']"
3005,WIKIPEDIA,['MEDICAL'],['INFO'],['MEDICAL'],['INFO']
3006,WIKIPEDIA,"['MEDICAL', 'ENDOGENOUS']","['MEDICAL', 'PERSONAL CARE']",['MEDICAL'],['MEDICAL']
3007,WIKIPEDIA,"['MEDICAL', 'INDUSTRIAL']",['MEDICAL'],['MEDICAL'],['INFO']
3008,WIKIPEDIA,['MEDICAL'],['MEDICAL'],['MEDICAL'],['INFO']
3009,WIKIPEDIA,"['FOOD', 'INDUSTRIAL']",['FOOD'],['INFO'],"['FOOD', 'INDUSTRIAL']"
3010,PUBMED,['MEDICAL'],['MEDICAL'],['MEDICAL'],['INFO']
3011,WIKIPEDIA,"['MEDICAL', 'ENDOGENOUS']",['MEDICAL'],['MEDICAL'],['MEDICAL']
3012,WIKIPEDIA,"['MEDICAL', 'ENDOGENOUS']",['INFO'],['INFO'],['MEDICAL']
3013,WIKIPEDIA,['MEDICAL'],['MEDICAL'],['INFO'],['INFO']
3014,WIKIPEDIA,['MEDICAL'],['INFO'],['MEDICAL'],['INFO']
3015,WIKIPEDIA,['MEDICAL'],['MEDICAL'],['MEDICAL'],['MEDICAL']
3016,PUBMED,"['MEDICAL', 'FOOD']",['FOOD'],"['MEDICAL', 'FOOD']","['FOOD', 'PERSONAL CARE']"
3017,WIKIPEDIA,"['MEDICAL', 'PERSONAL CARE']",['PERSONAL CARE'],['MEDICAL'],['INFO']
3018,WIKIPEDIA,['MEDICAL'],['MEDICAL'],['MEDICAL'],['MEDICAL']
3019,WIKIPEDIA,['MEDICAL'],['MEDICAL'],['MEDICAL'],['INFO']
3020,PUBMED,['MEDICAL'],['INFO'],['MEDICAL'],['INFO']
3021,WIKIPEDIA,['MEDICAL'],['INFO'],['MEDICAL'],['INFO']
3022,PUBMED,['MEDICAL'],['MEDICAL'],['MEDICAL'],['MEDICAL']
3023,WIKIPEDIA,['MEDICAL'],['MEDICAL'],['MEDICAL'],['MEDICAL']
3024,PUBMED,['MEDICAL'],['INFO'],['MEDICAL'],['INFO']
3025,PUBMED,['MEDICAL'],['INFO'],['MEDICAL'],['MEDICAL']
3026,WIKIPEDIA,"['FOOD', 'ENDOGENOUS']","['ENDOGENOUS', 'FOOD']",['FOOD'],"['FOOD', 'PERSONAL CARE']"
3027,WIKIPEDIA,['MEDICAL'],['MEDICAL'],['MEDICAL'],['INFO']
3028,WIKIPEDIA,['MEDICAL'],['MEDICAL'],['MEDICAL'],['MEDICAL']
3029,WIKIPEDIA,['MEDICAL'],"['MEDICAL', 'INDUSTRIAL']",['MEDICAL'],['INFO']
3030,WIKIPEDIA,['MEDICAL'],['INFO'],['MEDICAL'],['INFO']
3031,PUBMED,['MEDICAL'],['MEDICAL'],['MEDICAL'],['INFO']
3032,WIKIPEDIA,['MEDICAL'],['MEDICAL'],['MEDICAL'],['INFO']
3033,WIKIPEDIA,['MEDICAL'],['INFO'],['MEDICAL'],['INFO']
3034,WIKIPEDIA,"['FOOD', 'PERSONAL CARE', 'MEDICAL']",['INFO'],['INFO'],['INFO']
3035,WIKIPEDIA,['MEDICAL'],['MEDICAL'],['MEDICAL'],['MEDICAL']
3036,WIKIPEDIA,['MEDICAL'],['MEDICAL'],['MEDICAL'],['MEDICAL']
3037,PUBMED,['MEDICAL'],['MEDICAL'],['MEDICAL'],['INFO']
3038,WIKIPEDIA,['MEDICAL'],['MEDICAL'],['MEDICAL'],['INFO']
3039,WIKIPEDIA,"['INDUSTRIAL', 'MEDICAL']",['INDUSTRIAL'],"['MEDICAL', 'INDUSTRIAL']",['INDUSTRIAL']
3040,WIKIPEDIA,['MEDICAL'],['MEDICAL'],['MEDICAL'],['MEDICAL']
3041,WIKIPEDIA,['MEDICAL'],['MEDICAL'],['MEDICAL'],['MEDICAL']
3042,PUBMED,['MEDICAL'],['MEDICAL'],['MEDICAL'],['INFO']
3043,WIKIPEDIA,['MEDICAL'],['MEDICAL'],['MEDICAL'],['MEDICAL']
3044,WIKIPEDIA,"['FOOD', 'INFO']",['FOOD'],"['FOOD', 'PERSONAL CARE']","['FOOD', 'PERSONAL CARE']"
3045,PUBMED,"['MEDICAL', 'ENDOGENOUS']",['INDUSTRIAL'],['MEDICAL'],['INFO']
3046,WIKIPEDIA,['MEDICAL'],['MEDICAL'],['MEDICAL'],['INFO']
3047,WIKIPEDIA,['MEDICAL'],['MEDICAL'],['MEDICAL'],['MEDICAL']
3048,WIKIPEDIA,"['MEDICAL', 'ENDOGENOUS']",['MEDICAL'],"['ENDOGENOUS', 'MEDICAL']","['MEDICAL', 'ENDOGENOUS']"
3049,WIKIPEDIA,"['MEDICAL', 'ENDOGENOUS']",['MEDICAL'],"['MEDICAL', 'ENDOGENOUS']","['MEDICAL', 'ENDOGENOUS']"
3050,WIKIPEDIA,['MEDICAL'],['MEDICAL'],['MEDICAL'],['MEDICAL']
3051,PUBMED,['MEDICAL'],['MEDICAL'],['MEDICAL'],['INFO']
3052,WIKIPEDIA,['MEDICAL'],['MEDICAL'],['MEDICAL'],['MEDICAL']
3053,WIKIPEDIA,"['FOOD', 'INDUSTRIAL']","['FOOD', 'INDUSTRIAL']","['FOOD', 'PERSONAL CARE', 'INDUSTRIAL']","['FOOD', 'PERSONAL CARE', 'INDUSTRIAL']"
3054,WIKIPEDIA,['MEDICAL'],['MEDICAL'],['MEDICAL'],['MEDICAL']
3055,PUBMED,['MEDICAL'],['MEDICAL'],['MEDICAL'],['INFO']
3056,PUBMED,['MEDICAL'],['MEDICAL'],['MEDICAL'],['INFO']
3057,PUBMED,['INFO'],['INFO'],['INFO'],['INFO']
3058,PUBMED,['MEDICAL'],['INFO'],['MEDICAL'],['INFO']
3059,WIKIPEDIA,['MEDICAL'],['MEDICAL'],['MEDICAL'],['MEDICAL']
3060,WIKIPEDIA,['MEDICAL'],['INFO'],['MEDICAL'],['MEDICAL']
3061,WIKIPEDIA,"['INDUSTRIAL', 'FOOD', 'PERSONAL CARE']",['INFO'],"['FOOD', 'PERSONAL CARE', 'INDUSTRIAL']","['INDUSTRIAL', 'PERSONAL CARE', 'FOOD']"
3062,WIKIPEDIA,['ENDOGENOUS'],['INFO'],['ENDOGENOUS'],['ENDOGENOUS']
3063,WIKIPEDIA,['MEDICAL'],['MEDICAL'],['MEDICAL'],['MEDICAL']
3064,,['INFO'],['INFO'],['INFO'],['INFO']
3065,WIKIPEDIA,['MEDICAL'],['MEDICAL'],['MEDICAL'],['MEDICAL']
3066,PUBMED,['MEDICAL'],['MEDICAL'],['MEDICAL'],['INFO']
3067,WIKIPEDIA,"['MEDICAL', 'FOOD']",['MEDICAL'],"['MEDICAL', 'FOOD']",['MEDICAL']
3068,WIKIPEDIA,"['MEDICAL', 'INDUSTRIAL']","['MEDICAL', 'INDUSTRIAL']","['MEDICAL', 'INDUSTRIAL']",['INFO']
3069,WIKIPEDIA,['MEDICAL'],['MEDICAL'],['MEDICAL'],['INFO']
3070,PUBMED,['MEDICAL'],['MEDICAL'],['MEDICAL'],['MEDICAL']
3071,WIKIPEDIA,['MEDICAL'],['MEDICAL'],['MEDICAL'],['MEDICAL']
3072,WIKIPEDIA,['MEDICAL'],['MEDICAL'],['INFO'],['INFO']
3073,WIKIPEDIA,['MEDICAL'],['MEDICAL'],['MEDICAL'],['MEDICAL']
3074,PUBMED,['MEDICAL'],['MEDICAL'],['MEDICAL'],['INFO']
3075,PUBMED,"['MEDICAL', 'FOOD']","['MEDICAL', 'FOOD']","['MEDICAL', 'FOOD']",['INFO']
3076,PUBMED,['INFO'],"['MEDICAL', 'INDUSTRIAL']",['INDUSTRIAL'],['MEDICAL']
3077,WIKIPEDIA,['MEDICAL'],['MEDICAL'],['MEDICAL'],['MEDICAL']
3078,WIKIPEDIA,['MEDICAL'],['INFO'],['MEDICAL'],['MEDICAL']
3079,WIKIPEDIA,['MEDICAL'],['MEDICAL'],['MEDICAL'],['MEDICAL']
3080,WIKIPEDIA,"['ENDOGENOUS', 'FOOD', 'MEDICAL']","['MEDICAL', 'ENDOGENOUS']","['ENDOGENOUS', 'FOOD', 'MEDICAL']","['ENDOGENOUS', 'MEDICAL']"
3081,PUBMED,['INFO'],['INFO'],['INFO'],['INFO']
3082,WIKIPEDIA,"['INFO', 'INDUSTRIAL']",['INFO'],['INDUSTRIAL'],['INFO']
3083,WIKIPEDIA,['MEDICAL'],['MEDICAL'],['MEDICAL'],['MEDICAL']
3084,WIKIPEDIA,['MEDICAL'],['MEDICAL'],"['MEDICAL', 'INDUSTRIAL']",['MEDICAL']
3085,WIKIPEDIA,['MEDICAL'],['MEDICAL'],['MEDICAL'],['MEDICAL']
3086,,['INFO'],['INFO'],['INFO'],['INFO']
3087,WIKIPEDIA,['MEDICAL'],['MEDICAL'],['MEDICAL'],['MEDICAL']
3088,PUBMED,['MEDICAL'],['MEDICAL'],['MEDICAL'],['INFO']
3089,PUBMED,['INFO'],['INFO'],['INFO'],['MEDICAL']
3090,WIKIPEDIA,"['MEDICAL', 'FOOD']","['FOOD', 'MEDICAL']","['MEDICAL', 'FOOD', 'PERSONAL CARE']","['MEDICAL', 'FOOD']"
3091,WIKIPEDIA,"['FOOD', 'MEDICAL']",['FOOD'],"['FOOD', 'MEDICAL']",['FOOD']
3092,WIKIPEDIA,['MEDICAL'],['INFO'],['MEDICAL'],['MEDICAL']
3093,PUBMED,['MEDICAL'],['INFO'],['MEDICAL'],['INFO']
3094,PUBMED,['MEDICAL'],['MEDICAL'],['MEDICAL'],['MEDICAL']
3095,WIKIPEDIA,"['ENDOGENOUS', 'FOOD']","['ENDOGENOUS', 'FOOD']","['ENDOGENOUS', 'FOOD']","['ENDOGENOUS', 'FOOD', 'PERSONAL CARE']"
3096,WIKIPEDIA,['MEDICAL'],['MEDICAL'],['MEDICAL'],['MEDICAL']
3097,WIKIPEDIA,['MEDICAL'],['INFO'],['MEDICAL'],['MEDICAL']
3098,WIKIPEDIA,['INFO'],['INFO'],['INFO'],['INFO']
3099,WIKIPEDIA,['FOOD'],['FOOD'],"['FOOD', 'INDUSTRIAL']","['FOOD', 'PERSONAL CARE', 'INDUSTRIAL']"
3100,WIKIPEDIA,"['MEDICAL', 'INDUSTRIAL', 'FOOD']",['INDUSTRIAL'],"['MEDICAL', 'PERSONAL CARE', 'INDUSTRIAL', 'FOOD']",['INFO']
3101,WIKIPEDIA,['MEDICAL'],['INFO'],['MEDICAL'],['INFO']
3102,PUBMED,['MEDICAL'],['MEDICAL'],['MEDICAL'],['INFO']
3103,WIKIPEDIA,['MEDICAL'],['MEDICAL'],['MEDICAL'],['MEDICAL']
3104,WIKIPEDIA,"['MEDICAL', 'ENDOGENOUS']","['MEDICAL', 'ENDOGENOUS']","['ENDOGENOUS', 'MEDICAL']","['ENDOGENOUS', 'MEDICAL']"
3105,WIKIPEDIA,"['MEDICAL', 'ENDOGENOUS']","['MEDICAL', 'ENDOGENOUS']","['ENDOGENOUS', 'MEDICAL']",['INFO']
3106,WIKIPEDIA,['MEDICAL'],['MEDICAL'],['MEDICAL'],['MEDICAL']
3107,WIKIPEDIA,['MEDICAL'],['MEDICAL'],['MEDICAL'],['MEDICAL']
3108,WIKIPEDIA,"['INFO', 'INFO']",['INFO'],['INFO'],['INFO']
3109,PUBMED,['MEDICAL'],['MEDICAL'],['MEDICAL'],['INFO']
3110,WIKIPEDIA,['MEDICAL'],['MEDICAL'],['MEDICAL'],['MEDICAL']
3111,WIKIPEDIA,"['MEDICAL', 'INDUSTRIAL']",['MEDICAL'],['MEDICAL'],['INFO']
3112,WIKIPEDIA,['MEDICAL'],['MEDICAL'],['MEDICAL'],['INFO']
3113,PUBMED,['MEDICAL'],['MEDICAL'],['MEDICAL'],['MEDICAL']
3114,WIKIPEDIA,['MEDICAL'],['MEDICAL'],['MEDICAL'],['MEDICAL']
3115,WIKIPEDIA,['MEDICAL'],['INFO'],['MEDICAL'],['MEDICAL']
3116,WIKIPEDIA,['MEDICAL'],['INFO'],['MEDICAL'],['MEDICAL']
3117,WIKIPEDIA,['MEDICAL'],['INFO'],['MEDICAL'],['MEDICAL']
3118,WIKIPEDIA,['MEDICAL'],"['MEDICAL', 'PERSONAL CARE']","['MEDICAL', 'PERSONAL CARE', 'ENDOGENOUS']","['MEDICAL', 'ENDOGENOUS', 'PERSONAL CARE']"
3119,WIKIPEDIA,"['INDUSTRIAL', 'INFO']",['INFO'],['INFO'],['INFO']
3120,WIKIPEDIA,['MEDICAL'],['MEDICAL'],['MEDICAL'],['MEDICAL']
3121,PUBMED,['INFO'],['FOOD'],['INFO'],"['FOOD', 'PERSONAL CARE']"
3122,WIKIPEDIA,['MEDICAL'],['MEDICAL'],['MEDICAL'],['MEDICAL']
3123,WIKIPEDIA,['MEDICAL'],['MEDICAL'],['MEDICAL'],['MEDICAL']
3124,WIKIPEDIA,['MEDICAL'],['MEDICAL'],['MEDICAL'],['MEDICAL']
3125,WIKIPEDIA,"['INDUSTRIAL', 'ENDOGENOUS', 'FOOD', 'PERSONAL CARE', 'MEDICAL']",['INFO'],['INFO'],['INFO']
3126,WIKIPEDIA,['INFO'],['INFO'],['INFO'],['INFO']
3127,WIKIPEDIA,"['MEDICAL', 'FOOD']",['MEDICAL'],['MEDICAL'],['INFO']
3128,WIKIPEDIA,"['MEDICAL', 'PERSONAL CARE', 'INDUSTRIAL']","['PERSONAL CARE', 'INDUSTRIAL']","['MEDICAL', 'PERSONAL CARE', 'INDUSTRIAL']","['MEDICAL', 'PERSONAL CARE', 'INDUSTRIAL']"
3129,WIKIPEDIA,"['MEDICAL', 'FOOD']",['INFO'],['INFO'],['INFO']
3130,PUBMED,['MEDICAL'],['MEDICAL'],['MEDICAL'],['INFO']
3131,WIKIPEDIA,"['FOOD', 'INFO']",['FOOD'],['FOOD'],['FOOD']
3132,WIKIPEDIA,['FOOD'],['FOOD'],['INFO'],['INFO']
3133,WIKIPEDIA,['MEDICAL'],['INFO'],['INFO'],['INFO']
3134,WIKIPEDIA,['MEDICAL'],['MEDICAL'],['MEDICAL'],['MEDICAL']
3135,WIKIPEDIA,['FOOD'],['FOOD'],['FOOD'],['FOOD']
3136,WIKIPEDIA,['MEDICAL'],['INFO'],['MEDICAL'],['MEDICAL']
3137,WIKIPEDIA,['MEDICAL'],['MEDICAL'],['MEDICAL'],['MEDICAL']
3138,WIKIPEDIA,['MEDICAL'],['MEDICAL'],['MEDICAL'],['MEDICAL']
3139,WIKIPEDIA,['MEDICAL'],['MEDICAL'],['MEDICAL'],"['MEDICAL', 'PERSONAL CARE']"
3140,WIKIPEDIA,['MEDICAL'],['MEDICAL'],['MEDICAL'],['INFO']
3141,WIKIPEDIA,['MEDICAL'],['MEDICAL'],['MEDICAL'],['MEDICAL']
3142,PUBMED,['MEDICAL'],['INFO'],['MEDICAL'],['INFO']
3143,WIKIPEDIA,['MEDICAL'],['MEDICAL'],['INFO'],['INFO']
3144,WIKIPEDIA,"['MEDICAL', 'INDUSTRIAL']",['INFO'],"['MEDICAL', 'INDUSTRIAL']",['INFO']
3145,PUBMED,['MEDICAL'],['INFO'],['MEDICAL'],['INFO']
3146,WIKIPEDIA,['MEDICAL'],"['MEDICAL', 'PERSONAL CARE']","['MEDICAL', 'PERSONAL CARE']","['MEDICAL', 'PERSONAL CARE']"
3147,WIKIPEDIA,['MEDICAL'],['MEDICAL'],['MEDICAL'],['MEDICAL']
3148,PUBMED,['MEDICAL'],['MEDICAL'],['MEDICAL'],['INFO']
3149,WIKIPEDIA,['MEDICAL'],['MEDICAL'],['MEDICAL'],['MEDICAL']
3150,WIKIPEDIA,"['FOOD', 'PERSONAL CARE', 'MEDICAL']",['FOOD'],"['FOOD', 'PERSONAL CARE', 'INFO']",['INFO']
3151,PUBMED,['INFO'],['INFO'],['INFO'],['INFO']
3152,WIKIPEDIA,['MEDICAL'],['INFO'],['MEDICAL'],['INFO']
3153,PUBMED,['MEDICAL'],['MEDICAL'],['MEDICAL'],['INFO']
3154,WIKIPEDIA,"['MEDICAL', 'FOOD']",['MEDICAL'],"['MEDICAL', 'ENDOGENOUS', 'FOOD']",['INFO']
3155,WIKIPEDIA,"['MEDICAL', 'PERSONAL CARE', 'FOOD']","['PERSONAL CARE', 'FOOD']","['MEDICAL', 'PERSONAL CARE']",['PERSONAL CARE']
3156,WIKIPEDIA,['MEDICAL'],['MEDICAL'],['MEDICAL'],['MEDICAL']
3157,WIKIPEDIA,['INFO'],['INFO'],['INFO'],['MEDICAL']
3158,WIKIPEDIA,['MEDICAL'],['MEDICAL'],['MEDICAL'],['MEDICAL']
3159,WIKIPEDIA,"['PERSONAL CARE', 'INDUSTRIAL']","['PERSONAL CARE', 'INDUSTRIAL']","['PERSONAL CARE', 'INDUSTRIAL']",['PERSONAL CARE']
3160,WIKIPEDIA,['MEDICAL'],['MEDICAL'],['MEDICAL'],['MEDICAL']
3161,WIKIPEDIA,['MEDICAL'],['MEDICAL'],['MEDICAL'],['MEDICAL']
3162,WIKIPEDIA,['MEDICAL'],['MEDICAL'],['MEDICAL'],['INFO']
3163,PUBMED,['MEDICAL'],['MEDICAL'],['MEDICAL'],['INFO']
3164,WIKIPEDIA,['MEDICAL'],['MEDICAL'],['MEDICAL'],['MEDICAL']
3165,WIKIPEDIA,"['MEDICAL', 'INDUSTRIAL']",['MEDICAL'],['INFO'],['INFO']
3166,PUBMED,"['MEDICAL', 'FOOD']",['INFO'],"['MEDICAL', 'FOOD']",['INFO']
3167,WIKIPEDIA,['MEDICAL'],['MEDICAL'],['MEDICAL'],['MEDICAL']
3168,WIKIPEDIA,"['ENDOGENOUS', 'MEDICAL']","['ENDOGENOUS', 'FOOD']","['ENDOGENOUS', 'MEDICAL']","['ENDOGENOUS', 'FOOD', 'PERSONAL CARE', 'MEDICAL']"
3169,PUBMED,['MEDICAL'],['INFO'],['INFO'],['INFO']
3170,PUBMED,"['FOOD', 'MEDICAL']",['FOOD'],"['FOOD', 'MEDICAL']","['FOOD', 'PERSONAL CARE', 'INDUSTRIAL']"
3171,WIKIPEDIA,['MEDICAL'],['MEDICAL'],['MEDICAL'],['INFO']
3172,WIKIPEDIA,['MEDICAL'],['MEDICAL'],['MEDICAL'],['MEDICAL']
3173,WIKIPEDIA,"['INFO', 'MEDICAL']",['INFO'],['MEDICAL'],['INFO']
3174,WIKIPEDIA,['MEDICAL'],['MEDICAL'],['MEDICAL'],['MEDICAL']
3175,WIKIPEDIA,['MEDICAL'],['MEDICAL'],['MEDICAL'],['MEDICAL']
3176,WIKIPEDIA,"['FOOD', 'ENDOGENOUS']",['INFO'],"['FOOD', 'PERSONAL CARE']",['INFO']
3177,WIKIPEDIA,['MEDICAL'],['MEDICAL'],['MEDICAL'],['MEDICAL']
3178,WIKIPEDIA,['MEDICAL'],['MEDICAL'],['MEDICAL'],['MEDICAL']
3179,WIKIPEDIA,['MEDICAL'],['MEDICAL'],['MEDICAL'],['INFO']
3180,WIKIPEDIA,['MEDICAL'],['MEDICAL'],['MEDICAL'],['MEDICAL']
3181,WIKIPEDIA,['MEDICAL'],['MEDICAL'],['MEDICAL'],['MEDICAL']
3182,WIKIPEDIA,['INFO'],['ENDOGENOUS'],['INFO'],"['ENDOGENOUS', 'FOOD']"
3183,WIKIPEDIA,"['MEDICAL', 'FOOD', 'ENDOGENOUS']",['MEDICAL'],"['MEDICAL', 'ENDOGENOUS', 'FOOD']",['MEDICAL']
3184,WIKIPEDIA,['MEDICAL'],['MEDICAL'],['MEDICAL'],['MEDICAL']
3185,WIKIPEDIA,"['FOOD', 'INFO']",['FOOD'],['FOOD'],['FOOD']
3186,WIKIPEDIA,['INFO'],['INFO'],['INFO'],['INFO']
3187,WIKIPEDIA,['MEDICAL'],['MEDICAL'],['MEDICAL'],['MEDICAL']
3188,WIKIPEDIA,"['MEDICAL', 'FOOD']",['INFO'],['INFO'],['INFO']
3189,WIKIPEDIA,['MEDICAL'],['MEDICAL'],['MEDICAL'],['INFO']
3190,PUBMED,['INDUSTRIAL'],['INDUSTRIAL'],['INFO'],['INDUSTRIAL']
3191,WIKIPEDIA,['MEDICAL'],['MEDICAL'],['MEDICAL'],['INFO']
3192,WIKIPEDIA,['MEDICAL'],['MEDICAL'],['MEDICAL'],['INFO']
3193,PUBMED,['MEDICAL'],['INFO'],['MEDICAL'],['INFO']
3194,WIKIPEDIA,['MEDICAL'],['MEDICAL'],"['MEDICAL', 'INDUSTRIAL']",['MEDICAL']
3195,PUBMED,['MEDICAL'],['INDUSTRIAL'],"['MEDICAL', 'INDUSTRIAL']",['INFO']
3196,WIKIPEDIA,['INFO'],['INFO'],['INFO'],['INFO']
3197,PUBMED,['MEDICAL'],['MEDICAL'],['INFO'],['INFO']
3198,WIKIPEDIA,['MEDICAL'],['MEDICAL'],['INFO'],['INFO']
3199,WIKIPEDIA,['INDUSTRIAL'],['INFO'],['INFO'],"['FOOD', 'PERSONAL CARE', 'INDUSTRIAL']"
3200,WIKIPEDIA,"['FOOD', 'INDUSTRIAL']",['INDUSTRIAL'],"['FOOD', 'INDUSTRIAL']",['INFO']
3201,WIKIPEDIA,['MEDICAL'],['MEDICAL'],['MEDICAL'],['MEDICAL']
3202,WIKIPEDIA,"['FOOD', 'INDUSTRIAL']","['ENDOGENOUS', 'FOOD']","['FOOD', 'ENDOGENOUS']","['FOOD', 'PERSONAL CARE']"
3203,PUBMED,"['MEDICAL', 'FOOD']",['INFO'],"['MEDICAL', 'FOOD']",['INFO']
3204,PUBMED,['MEDICAL'],['MEDICAL'],['MEDICAL'],['MEDICAL']
3205,WIKIPEDIA,['MEDICAL'],['MEDICAL'],['MEDICAL'],['MEDICAL']
3206,PUBMED,"['MEDICAL', 'PERSONAL CARE']",['PERSONAL CARE'],"['MEDICAL', 'PERSONAL CARE']",['PERSONAL CARE']
3207,WIKIPEDIA,['MEDICAL'],['MEDICAL'],['MEDICAL'],['MEDICAL']
3208,WIKIPEDIA,"['MEDICAL', 'INDUSTRIAL']",['MEDICAL'],"['MEDICAL', 'INDUSTRIAL']","['MEDICAL', 'INDUSTRIAL']"
3209,WIKIPEDIA,['INDUSTRIAL'],['INDUSTRIAL'],['INDUSTRIAL'],['INFO']
3210,WIKIPEDIA,['MEDICAL'],['MEDICAL'],['MEDICAL'],['MEDICAL']
3211,PUBMED,['INFO'],['MEDICAL'],['INFO'],['INFO']
3212,WIKIPEDIA,['MEDICAL'],['MEDICAL'],['INFO'],['INFO']
3213,WIKIPEDIA,['MEDICAL'],['INFO'],['INFO'],['INFO']
3214,WIKIPEDIA,['INFO'],['ENDOGENOUS'],['INFO'],['INFO']
3215,WIKIPEDIA,['MEDICAL'],['MEDICAL'],['MEDICAL'],['MEDICAL']
3216,WIKIPEDIA,['INDUSTRIAL'],['INDUSTRIAL'],['INDUSTRIAL'],['INDUSTRIAL']
3217,WIKIPEDIA,['MEDICAL'],['MEDICAL'],['MEDICAL'],['MEDICAL']
3218,WIKIPEDIA,['MEDICAL'],['MEDICAL'],['MEDICAL'],['INFO']
3219,WIKIPEDIA,"['MEDICAL', 'INDUSTRIAL']",['INFO'],['INFO'],['INFO']
3220,WIKIPEDIA,"['FOOD', 'MEDICAL']",['INFO'],"['ENDOGENOUS', 'FOOD', 'MEDICAL']",['INFO']
3221,WIKIPEDIA,['MEDICAL'],['MEDICAL'],['MEDICAL'],['MEDICAL']
3222,WIKIPEDIA,['MEDICAL'],['MEDICAL'],['MEDICAL'],['MEDICAL']
3223,WIKIPEDIA,['INFO'],"['FOOD', 'MEDICAL']","['FOOD', 'PERSONAL CARE']",['INFO']
3224,WIKIPEDIA,['MEDICAL'],['MEDICAL'],['MEDICAL'],['INFO']
3225,WIKIPEDIA,['MEDICAL'],['MEDICAL'],['MEDICAL'],['MEDICAL']
3226,WIKIPEDIA,['MEDICAL'],['MEDICAL'],['MEDICAL'],['MEDICAL']
3227,WIKIPEDIA,['MEDICAL'],['MEDICAL'],['MEDICAL'],['MEDICAL']
3228,WIKIPEDIA,['MEDICAL'],['MEDICAL'],['MEDICAL'],['MEDICAL']
3229,WIKIPEDIA,['MEDICAL'],['INFO'],['MEDICAL'],['INFO']
3230,WIKIPEDIA,['MEDICAL'],['MEDICAL'],['MEDICAL'],['MEDICAL']
3231,WIKIPEDIA,['MEDICAL'],['MEDICAL'],['MEDICAL'],['MEDICAL']
3232,WIKIPEDIA,['MEDICAL'],['MEDICAL'],['MEDICAL'],['INFO']
3233,WIKIPEDIA,['MEDICAL'],['MEDICAL'],['MEDICAL'],['MEDICAL']
3234,WIKIPEDIA,['MEDICAL'],['MEDICAL'],['MEDICAL'],['MEDICAL']
3235,WIKIPEDIA,"['FOOD', 'ENDOGENOUS', 'MEDICAL']","['ENDOGENOUS', 'FOOD', 'PERSONAL CARE']","['ENDOGENOUS', 'FOOD', 'PERSONAL CARE', 'INDUSTRIAL']","['ENDOGENOUS', 'FOOD', 'PERSONAL CARE']"
3236,WIKIPEDIA,"['MEDICAL', 'INDUSTRIAL']",['MEDICAL'],"['MEDICAL', 'INDUSTRIAL']",['MEDICAL']
3237,WIKIPEDIA,['MEDICAL'],['MEDICAL'],['MEDICAL'],['MEDICAL']
3238,WIKIPEDIA,"['ENDOGENOUS', 'FOOD']",['ENDOGENOUS'],['ENDOGENOUS'],['INFO']
3239,WIKIPEDIA,['MEDICAL'],['INFO'],['MEDICAL'],['MEDICAL']
3240,WIKIPEDIA,['MEDICAL'],['MEDICAL'],['MEDICAL'],['MEDICAL']
3241,,['INFO'],"['MEDICAL', 'ENDOGENOUS']",['INFO'],"['MEDICAL', 'ENDOGENOUS']"
3242,PUBMED,"['ENDOGENOUS', 'MEDICAL']",['ENDOGENOUS'],['INFO'],['INFO']
3243,PUBMED,"['ENDOGENOUS', 'MEDICAL']",['ENDOGENOUS'],['ENDOGENOUS'],['ENDOGENOUS']
3244,PUBMED,['MEDICAL'],['INFO'],['MEDICAL'],['INFO']
3245,WIKIPEDIA,['MEDICAL'],['MEDICAL'],['MEDICAL'],['MEDICAL']
3246,WIKIPEDIA,"['MEDICAL', 'ENDOGENOUS']",['INFO'],"['MEDICAL', 'ENDOGENOUS', 'PERSONAL CARE']",['INFO']
3247,WIKIPEDIA,"['INDUSTRIAL', 'FOOD', 'ENDOGENOUS']",['INDUSTRIAL'],['INFO'],['INFO']
3248,WIKIPEDIA,"['INFO', 'MEDICAL']",['INFO'],['INFO'],['MEDICAL']
3249,WIKIPEDIA,['MEDICAL'],['MEDICAL'],['MEDICAL'],['INFO']
3250,WIKIPEDIA,"['MEDICAL', 'ENDOGENOUS', 'FOOD', 'INDUSTRIAL']","['ENDOGENOUS', 'MEDICAL', 'FOOD']","['ENDOGENOUS', 'MEDICAL', 'FOOD', 'PERSONAL CARE']","['ENDOGENOUS', 'FOOD', 'MEDICAL']"
3251,WIKIPEDIA,['MEDICAL'],['MEDICAL'],['MEDICAL'],['MEDICAL']
3252,WIKIPEDIA,"['ENDOGENOUS', 'FOOD', 'MEDICAL']","['ENDOGENOUS', 'FOOD']","['ENDOGENOUS', 'FOOD']","['ENDOGENOUS', 'FOOD']"
3253,WIKIPEDIA,['MEDICAL'],['MEDICAL'],['MEDICAL'],['INFO']
3254,WIKIPEDIA,['MEDICAL'],['MEDICAL'],['MEDICAL'],['MEDICAL']
3255,PUBMED,['MEDICAL'],['MEDICAL'],['MEDICAL'],['INFO']
3256,WIKIPEDIA,"['FOOD', 'ENDOGENOUS']",['INFO'],['INFO'],"['FOOD', 'PERSONAL CARE']"
3257,WIKIPEDIA,['INFO'],['INFO'],['INFO'],['INFO']
3258,WIKIPEDIA,['MEDICAL'],['MEDICAL'],['MEDICAL'],['INFO']
3259,WIKIPEDIA,"['MEDICAL', 'ENDOGENOUS']",['ENDOGENOUS'],['INFO'],['INFO']
3260,WIKIPEDIA,"['FOOD', 'MEDICAL']","['FOOD', 'MEDICAL']","['FOOD', 'PERSONAL CARE', 'INFO']",['INFO']
3261,PUBMED,['MEDICAL'],['MEDICAL'],['MEDICAL'],['INFO']
3262,WIKIPEDIA,['MEDICAL'],['MEDICAL'],['MEDICAL'],['MEDICAL']
3263,WIKIPEDIA,['MEDICAL'],['MEDICAL'],['MEDICAL'],['MEDICAL']
3264,WIKIPEDIA,['MEDICAL'],['MEDICAL'],['MEDICAL'],['MEDICAL']
3265,WIKIPEDIA,['MEDICAL'],['INFO'],['MEDICAL'],['MEDICAL']
3266,WIKIPEDIA,"['ENDOGENOUS', 'INDUSTRIAL']",['INFO'],['INFO'],['INFO']
3267,WIKIPEDIA,['MEDICAL'],['MEDICAL'],['MEDICAL'],['INFO']
3268,WIKIPEDIA,['MEDICAL'],['MEDICAL'],['MEDICAL'],['MEDICAL']
3269,,['INFO'],['MEDICAL'],['INFO'],['MEDICAL']
3270,WIKIPEDIA,['MEDICAL'],['MEDICAL'],['MEDICAL'],['MEDICAL']
3271,WIKIPEDIA,['INFO'],['INFO'],['INFO'],['MEDICAL']
3272,WIKIPEDIA,['MEDICAL'],['MEDICAL'],['INFO'],['INFO']
3273,PUBMED,['INDUSTRIAL'],['INFO'],['INDUSTRIAL'],['INFO']
3274,WIKIPEDIA,['MEDICAL'],['MEDICAL'],['INFO'],['INFO']
3275,WIKIPEDIA,['MEDICAL'],['MEDICAL'],['MEDICAL'],['MEDICAL']
3276,WIKIPEDIA,['MEDICAL'],['MEDICAL'],['MEDICAL'],['INFO']
3277,WIKIPEDIA,['MEDICAL'],['MEDICAL'],['MEDICAL'],['MEDICAL']
3278,WIKIPEDIA,['MEDICAL'],['MEDICAL'],['MEDICAL'],['INFO']
3279,WIKIPEDIA,['MEDICAL'],['INFO'],['MEDICAL'],['INFO']
3280,WIKIPEDIA,['INDUSTRIAL'],['INFO'],['INFO'],['INFO']
3281,WIKIPEDIA,['MEDICAL'],['INFO'],['MEDICAL'],['MEDICAL']
3282,WIKIPEDIA,['MEDICAL'],['MEDICAL'],['MEDICAL'],['INFO']
3283,WIKIPEDIA,"['MEDICAL', 'ENDOGENOUS']","['MEDICAL', 'ENDOGENOUS']","['MEDICAL', 'ENDOGENOUS']","['ENDOGENOUS', 'MEDICAL']"
3284,WIKIPEDIA,['MEDICAL'],['MEDICAL'],['MEDICAL'],['MEDICAL']
3285,WIKIPEDIA,['MEDICAL'],['MEDICAL'],['MEDICAL'],['INFO']
3286,WIKIPEDIA,['MEDICAL'],['INFO'],"['MEDICAL', 'ENDOGENOUS']",['INFO']
3287,WIKIPEDIA,['MEDICAL'],['MEDICAL'],['MEDICAL'],['MEDICAL']
3288,WIKIPEDIA,['MEDICAL'],['MEDICAL'],['MEDICAL'],['MEDICAL']
3289,WIKIPEDIA,['MEDICAL'],['MEDICAL'],['MEDICAL'],['MEDICAL']
3290,WIKIPEDIA,"['MEDICAL', 'INDUSTRIAL']",['MEDICAL'],['MEDICAL'],['INFO']
3291,WIKIPEDIA,['MEDICAL'],['MEDICAL'],['MEDICAL'],['MEDICAL']
3292,WIKIPEDIA,"['ENDOGENOUS', 'MEDICAL']",['ENDOGENOUS'],['ENDOGENOUS'],['ENDOGENOUS']
3293,WIKIPEDIA,"['FOOD', 'MEDICAL', 'INDUSTRIAL']","['INDUSTRIAL', 'FOOD', 'PERSONAL CARE']","['FOOD', 'MEDICAL', 'INDUSTRIAL']","['FOOD', 'PERSONAL CARE', 'INDUSTRIAL']"
3294,PUBMED,['INFO'],['INFO'],['INFO'],['INFO']
3295,WIKIPEDIA,"['INFO', 'FOOD']",['FOOD'],"['FOOD', 'PERSONAL CARE']","['FOOD', 'PERSONAL CARE']"
3296,WIKIPEDIA,['MEDICAL'],['MEDICAL'],['MEDICAL'],['MEDICAL']
3297,WIKIPEDIA,['MEDICAL'],['MEDICAL'],['MEDICAL'],['MEDICAL']
3298,WIKIPEDIA,['MEDICAL'],['MEDICAL'],['MEDICAL'],['MEDICAL']
3299,WIKIPEDIA,['MEDICAL'],['MEDICAL'],['MEDICAL'],['MEDICAL']
3300,WIKIPEDIA,['MEDICAL'],['MEDICAL'],['MEDICAL'],['MEDICAL']
3301,PUBMED,['MEDICAL'],['MEDICAL'],['MEDICAL'],['MEDICAL']
3302,PUBMED,['INFO'],['INFO'],['INFO'],['INFO']
3303,WIKIPEDIA,['MEDICAL'],['MEDICAL'],['MEDICAL'],['INFO']
3304,WIKIPEDIA,['MEDICAL'],['INFO'],['MEDICAL'],['INFO']
3305,WIKIPEDIA,"['MEDICAL', 'INDUSTRIAL']",['MEDICAL'],['INFO'],['INFO']
3306,WIKIPEDIA,['MEDICAL'],['MEDICAL'],['MEDICAL'],['INFO']
3307,WIKIPEDIA,['MEDICAL'],['INFO'],['MEDICAL'],['INFO']
3308,WIKIPEDIA,['PERSONAL CARE'],['PERSONAL CARE'],['PERSONAL CARE'],['PERSONAL CARE']
3309,PUBMED,['MEDICAL'],['INFO'],['INFO'],['INFO']
3310,WIKIPEDIA,['MEDICAL'],['MEDICAL'],['MEDICAL'],['MEDICAL']
3311,WIKIPEDIA,['MEDICAL'],['MEDICAL'],['MEDICAL'],['MEDICAL']
3312,WIKIPEDIA,['MEDICAL'],['MEDICAL'],['MEDICAL'],['INFO']
3313,WIKIPEDIA,['MEDICAL'],['MEDICAL'],['MEDICAL'],['MEDICAL']
3314,WIKIPEDIA,"['FOOD', 'ENDOGENOUS', 'MEDICAL']","['FOOD', 'ENDOGENOUS']","['FOOD', 'ENDOGENOUS']",['FOOD']
3315,WIKIPEDIA,['MEDICAL'],['MEDICAL'],['MEDICAL'],['MEDICAL']
3316,WIKIPEDIA,['MEDICAL'],['MEDICAL'],['MEDICAL'],['MEDICAL']
3317,WIKIPEDIA,['MEDICAL'],['MEDICAL'],['MEDICAL'],['MEDICAL']
3318,PUBMED,['MEDICAL'],['MEDICAL'],['MEDICAL'],['MEDICAL']
3319,WIKIPEDIA,['MEDICAL'],['MEDICAL'],['MEDICAL'],['MEDICAL']
3320,WIKIPEDIA,['MEDICAL'],['MEDICAL'],['MEDICAL'],['MEDICAL']
3321,PUBMED,['MEDICAL'],['MEDICAL'],['MEDICAL'],['INFO']
3322,WIKIPEDIA,['MEDICAL'],['MEDICAL'],['MEDICAL'],['MEDICAL']
3323,WIKIPEDIA,['MEDICAL'],['MEDICAL'],['MEDICAL'],['MEDICAL']
3324,PUBMED,['MEDICAL'],['INFO'],['MEDICAL'],['INFO']
3325,WIKIPEDIA,['MEDICAL'],['MEDICAL'],['MEDICAL'],['MEDICAL']
3326,WIKIPEDIA,['FOOD'],"['FOOD', 'ENDOGENOUS']",['FOOD'],['INFO']
3327,PUBMED,['INDUSTRIAL'],['INFO'],['INDUSTRIAL'],['INFO']
3328,WIKIPEDIA,"['INDUSTRIAL', 'MEDICAL']","['MEDICAL', 'INDUSTRIAL']","['INDUSTRIAL', 'INFO']",['INFO']
3329,WIKIPEDIA,['MEDICAL'],['MEDICAL'],['INFO'],['MEDICAL']
3330,PUBMED,['MEDICAL'],['MEDICAL'],['MEDICAL'],['INFO']
3331,WIKIPEDIA,['MEDICAL'],['INFO'],['INFO'],['MEDICAL']
3332,WIKIPEDIA,['MEDICAL'],['MEDICAL'],['MEDICAL'],['MEDICAL']
3333,PUBMED,['INFO'],['INFO'],['INFO'],['INFO']
3334,,['INFO'],['MEDICAL'],['INFO'],['INFO']
3335,WIKIPEDIA,['MEDICAL'],['MEDICAL'],['MEDICAL'],['MEDICAL']
3336,PUBMED,['MEDICAL'],['MEDICAL'],['INFO'],['MEDICAL']
3337,,['MEDICAL'],['MEDICAL'],['INFO'],['MEDICAL']
3338,WIKIPEDIA,['MEDICAL'],['MEDICAL'],['MEDICAL'],['MEDICAL']
3339,WIKIPEDIA,"['FOOD', 'INDUSTRIAL']",['INFO'],['INFO'],['INFO']
3340,WIKIPEDIA,['MEDICAL'],['MEDICAL'],['MEDICAL'],['MEDICAL']
3341,WIKIPEDIA,['MEDICAL'],['MEDICAL'],['MEDICAL'],['MEDICAL']
3342,WIKIPEDIA,['MEDICAL'],['MEDICAL'],['MEDICAL'],['MEDICAL']
3343,WIKIPEDIA,"['MEDICAL', 'ENDOGENOUS']",['INFO'],"['MEDICAL', 'FOOD']",['MEDICAL']
3344,WIKIPEDIA,['MEDICAL'],['INFO'],['MEDICAL'],['INFO']
3345,WIKIPEDIA,"['INDUSTRIAL', 'ENDOGENOUS', 'FOOD']",['INDUSTRIAL'],"['ENDOGENOUS', 'INDUSTRIAL', 'FOOD']","['INDUSTRIAL', 'FOOD', 'PERSONAL CARE']"
3346,WIKIPEDIA,"['INDUSTRIAL', 'MEDICAL']",['INDUSTRIAL'],['INDUSTRIAL'],['INDUSTRIAL']
3347,WIKIPEDIA,['FOOD'],['FOOD'],['FOOD'],"['FOOD', 'PERSONAL CARE']"
3348,WIKIPEDIA,"['INDUSTRIAL', 'INFO']",['INFO'],['INFO'],['INFO']
3349,WIKIPEDIA,['MEDICAL'],['MEDICAL'],['MEDICAL'],['MEDICAL']
3350,WIKIPEDIA,['ENDOGENOUS'],['ENDOGENOUS'],['ENDOGENOUS'],['ENDOGENOUS']
3351,WIKIPEDIA,"['FOOD', 'INFO']",['FOOD'],"['FOOD', 'PERSONAL CARE']",['FOOD']
3352,PUBMED,['INFO'],['INFO'],['MEDICAL'],['INFO']
3353,PUBMED,['MEDICAL'],['INFO'],['MEDICAL'],['INFO']
3354,WIKIPEDIA,"['FOOD', 'INFO']",['FOOD'],"['FOOD', 'INDUSTRIAL', 'PERSONAL CARE']","['FOOD', 'PERSONAL CARE']"
3355,WIKIPEDIA,['MEDICAL'],['MEDICAL'],['MEDICAL'],['MEDICAL']
3356,PUBMED,['MEDICAL'],['MEDICAL'],['MEDICAL'],['INFO']
3357,WIKIPEDIA,['MEDICAL'],['INFO'],['MEDICAL'],['MEDICAL']
3358,WIKIPEDIA,"['FOOD', 'INDUSTRIAL']",['FOOD'],['INFO'],['INFO']
3359,WIKIPEDIA,['MEDICAL'],['MEDICAL'],['MEDICAL'],['MEDICAL']
3360,WIKIPEDIA,['INFO'],['INFO'],['INDUSTRIAL'],['INFO']
3361,WIKIPEDIA,['INDUSTRIAL'],['INDUSTRIAL'],['INDUSTRIAL'],['INDUSTRIAL']
3362,WIKIPEDIA,['MEDICAL'],['INFO'],['MEDICAL'],['INFO']
3363,WIKIPEDIA,['MEDICAL'],['MEDICAL'],['MEDICAL'],['MEDICAL']
3364,WIKIPEDIA,['MEDICAL'],['INFO'],['MEDICAL'],['INFO']
3365,PUBMED,['MEDICAL'],['INFO'],['MEDICAL'],['INFO']
3366,WIKIPEDIA,['MEDICAL'],['MEDICAL'],['MEDICAL'],['INFO']
3367,WIKIPEDIA,['MEDICAL'],['MEDICAL'],['MEDICAL'],['MEDICAL']
3368,PUBMED,['INFO'],['INFO'],['INFO'],['INFO']
3369,WIKIPEDIA,['MEDICAL'],['INFO'],['MEDICAL'],['MEDICAL']
3370,WIKIPEDIA,['MEDICAL'],['MEDICAL'],['MEDICAL'],['MEDICAL']
3371,WIKIPEDIA,['MEDICAL'],['MEDICAL'],['MEDICAL'],['MEDICAL']
3372,WIKIPEDIA,['MEDICAL'],['MEDICAL'],['INFO'],['INFO']
3373,WIKIPEDIA,"['FOOD', 'INDUSTRIAL']",['FOOD'],"['FOOD', 'INDUSTRIAL']",['INFO']
3374,WIKIPEDIA,['MEDICAL'],['MEDICAL'],['INFO'],['INFO']
3375,WIKIPEDIA,['INDUSTRIAL'],['INDUSTRIAL'],['INDUSTRIAL'],['INDUSTRIAL']
3376,WIKIPEDIA,"['FOOD', 'INFO']",['FOOD'],"['FOOD', 'INFO']",['FOOD']
3377,WIKIPEDIA,"['FOOD', 'MEDICAL']","['FOOD', 'INDUSTRIAL', 'PERSONAL CARE']",['FOOD'],"['MEDICAL', 'PERSONAL CARE', 'FOOD']"
3378,WIKIPEDIA,['MEDICAL'],['MEDICAL'],['MEDICAL'],['MEDICAL']
3379,WIKIPEDIA,['MEDICAL'],['INFO'],['INFO'],['INFO']
3380,PUBMED,"['FOOD', 'INFO']",['INFO'],['INFO'],['INFO']
3381,WIKIPEDIA,['MEDICAL'],['MEDICAL'],['MEDICAL'],['INFO']
3382,PUBMED,['MEDICAL'],['INFO'],['INFO'],['INFO']
3383,WIKIPEDIA,['MEDICAL'],['MEDICAL'],['MEDICAL'],['MEDICAL']
3384,WIKIPEDIA,['MEDICAL'],['INFO'],['MEDICAL'],['INFO']
3385,PUBMED,"['MEDICAL', 'FOOD']",['INFO'],"['MEDICAL', 'FOOD']",['FOOD']
3386,WIKIPEDIA,['MEDICAL'],['MEDICAL'],['MEDICAL'],['INFO']
3387,PUBMED,['INFO'],['INFO'],['INFO'],['INFO']
3388,PUBMED,"['FOOD', 'INDUSTRIAL']",['FOOD'],"['FOOD', 'PERSONAL CARE', 'INDUSTRIAL']","['ENDOGENOUS', 'FOOD', 'PERSONAL CARE']"
3389,PUBMED,['INFO'],['FOOD'],['INFO'],"['ENDOGENOUS', 'FOOD', 'PERSONAL CARE']"
3390,WIKIPEDIA,"['ENDOGENOUS', 'MEDICAL']","['ENDOGENOUS', 'MEDICAL']",['ENDOGENOUS'],"['ENDOGENOUS', 'MEDICAL', 'PERSONAL CARE']"
3391,WIKIPEDIA,['INFO'],['INFO'],"['ENDOGENOUS', 'MEDICAL']","['ENDOGENOUS', 'MEDICAL']"
3392,PUBMED,['MEDICAL'],['MEDICAL'],['MEDICAL'],['INFO']
3393,WIKIPEDIA,['MEDICAL'],['MEDICAL'],['MEDICAL'],['INFO']
3394,WIKIPEDIA,['MEDICAL'],['MEDICAL'],['MEDICAL'],['MEDICAL']
3395,WIKIPEDIA,['MEDICAL'],['INFO'],['MEDICAL'],['INFO']
3396,WIKIPEDIA,"['MEDICAL', 'FOOD']",['INFO'],"['MEDICAL', 'FOOD']","['MEDICAL', 'FOOD']"
3397,WIKIPEDIA,['INFO'],['INFO'],['INFO'],['INFO']
3398,WIKIPEDIA,['MEDICAL'],['MEDICAL'],['MEDICAL'],['MEDICAL']
3399,WIKIPEDIA,['MEDICAL'],['MEDICAL'],['MEDICAL'],['MEDICAL']
3400,WIKIPEDIA,['MEDICAL'],['MEDICAL'],['MEDICAL'],['MEDICAL']
3401,WIKIPEDIA,['MEDICAL'],['MEDICAL'],['MEDICAL'],['MEDICAL']
3402,WIKIPEDIA,"['MEDICAL', 'FOOD']","['MEDICAL', 'INDUSTRIAL']","['MEDICAL', 'FOOD']",['INFO']
3403,WIKIPEDIA,"['MEDICAL', 'ENDOGENOUS']",['INFO'],"['MEDICAL', 'ENDOGENOUS']",['INFO']
3404,WIKIPEDIA,"['MEDICAL', 'INDUSTRIAL']",['INFO'],"['MEDICAL', 'PERSONAL CARE']",['INFO']
3405,WIKIPEDIA,"['MEDICAL', 'INDUSTRIAL']",['INFO'],"['MEDICAL', 'INDUSTRIAL']",['INFO']
3406,WIKIPEDIA,['MEDICAL'],['MEDICAL'],['MEDICAL'],['MEDICAL']
3407,WIKIPEDIA,['INFO'],['INFO'],['INFO'],['INFO']
3408,WIKIPEDIA,"['MEDICAL', 'FOOD', 'PERSONAL CARE', 'INDUSTRIAL']","['MEDICAL', 'PERSONAL CARE', 'INDUSTRIAL']","['MEDICAL', 'FOOD', 'PERSONAL CARE', 'INDUSTRIAL']","['MEDICAL', 'FOOD', 'PERSONAL CARE', 'INDUSTRIAL']"
3409,WIKIPEDIA,['MEDICAL'],['MEDICAL'],['MEDICAL'],['MEDICAL']
3410,WIKIPEDIA,['MEDICAL'],['MEDICAL'],['MEDICAL'],['MEDICAL']
3411,WIKIPEDIA,['MEDICAL'],['MEDICAL'],['MEDICAL'],['MEDICAL']
3412,WIKIPEDIA,['INFO'],['INFO'],['INFO'],['INFO']
3413,WIKIPEDIA,['MEDICAL'],['INFO'],['MEDICAL'],['INFO']
3414,WIKIPEDIA,['MEDICAL'],['MEDICAL'],['MEDICAL'],['MEDICAL']
3415,WIKIPEDIA,['MEDICAL'],['MEDICAL'],['INFO'],['INFO']
3416,WIKIPEDIA,"['MEDICAL', 'INDUSTRIAL']",['MEDICAL'],['INDUSTRIAL'],['INFO']
3417,WIKIPEDIA,['MEDICAL'],['MEDICAL'],['MEDICAL'],['MEDICAL']
3418,WIKIPEDIA,['MEDICAL'],['MEDICAL'],['MEDICAL'],['MEDICAL']
3419,WIKIPEDIA,['MEDICAL'],['MEDICAL'],['MEDICAL'],['MEDICAL']
3420,WIKIPEDIA,['MEDICAL'],['MEDICAL'],['MEDICAL'],['MEDICAL']
3421,WIKIPEDIA,"['ENDOGENOUS', 'FOOD']",['ENDOGENOUS'],"['ENDOGENOUS', 'FOOD']","['ENDOGENOUS', 'MEDICAL']"
3422,WIKIPEDIA,['MEDICAL'],['MEDICAL'],['MEDICAL'],['INFO']
3423,WIKIPEDIA,['MEDICAL'],['MEDICAL'],['MEDICAL'],['MEDICAL']
3424,WIKIPEDIA,['MEDICAL'],['MEDICAL'],['MEDICAL'],['MEDICAL']
3425,WIKIPEDIA,['MEDICAL'],['MEDICAL'],['MEDICAL'],['MEDICAL']
3426,WIKIPEDIA,['INFO'],['INFO'],['INFO'],['INFO']
3427,WIKIPEDIA,['MEDICAL'],['MEDICAL'],['MEDICAL'],['MEDICAL']
3428,WIKIPEDIA,['MEDICAL'],['MEDICAL'],['MEDICAL'],['MEDICAL']
3429,WIKIPEDIA,['MEDICAL'],['MEDICAL'],['MEDICAL'],['MEDICAL']
3430,WIKIPEDIA,['MEDICAL'],['MEDICAL'],['MEDICAL'],['MEDICAL']
3431,PUBMED,['MEDICAL'],['INFO'],['MEDICAL'],['INFO']
3432,WIKIPEDIA,"['MEDICAL', 'INDUSTRIAL']",['MEDICAL'],['INDUSTRIAL'],['INFO']
3433,WIKIPEDIA,"['INDUSTRIAL', 'FOOD', 'PERSONAL CARE']","['INDUSTRIAL', 'FOOD', 'PERSONAL CARE']","['INDUSTRIAL', 'FOOD', 'PERSONAL CARE']","['FOOD', 'PERSONAL CARE', 'INDUSTRIAL']"
3434,WIKIPEDIA,['MEDICAL'],['MEDICAL'],['MEDICAL'],['MEDICAL']
3435,WIKIPEDIA,"['FOOD', 'ENDOGENOUS']",['FOOD'],"['FOOD', 'ENDOGENOUS']","['FOOD', 'PERSONAL CARE']"
3436,WIKIPEDIA,"['FOOD', 'MEDICAL', 'ENDOGENOUS']","['FOOD', 'INDUSTRIAL']","['ENDOGENOUS', 'FOOD', 'MEDICAL', 'INDUSTRIAL']","['FOOD', 'MEDICAL', 'ENDOGENOUS', 'PERSONAL CARE', 'INDUSTRIAL']"
3437,WIKIPEDIA,"['INDUSTRIAL', 'MEDICAL']","['FOOD', 'INDUSTRIAL']",['INDUSTRIAL'],['INDUSTRIAL']
3438,WIKIPEDIA,['MEDICAL'],"['MEDICAL', 'INDUSTRIAL']",['MEDICAL'],['INFO']
3439,PUBMED,['MEDICAL'],['INFO'],['MEDICAL'],['INFO']
3440,WIKIPEDIA,['ENDOGENOUS'],['INFO'],['INFO'],['INFO']
3441,WIKIPEDIA,['MEDICAL'],['MEDICAL'],['MEDICAL'],['MEDICAL']
3442,PUBMED,"['FOOD', 'INDUSTRIAL']","['FOOD', 'INDUSTRIAL']",['FOOD'],['ENDOGENOUS']
3443,WIKIPEDIA,['MEDICAL'],['MEDICAL'],['MEDICAL'],['MEDICAL']
3444,WIKIPEDIA,"['FOOD', 'INDUSTRIAL', 'PERSONAL CARE']","['FOOD', 'PERSONAL CARE', 'INDUSTRIAL']","['FOOD', 'PERSONAL CARE', 'INDUSTRIAL']","['MEDICAL', 'PERSONAL CARE', 'INDUSTRIAL']"
3445,WIKIPEDIA,"['MEDICAL', 'INDUSTRIAL']",['INFO'],['INFO'],['INFO']
3446,WIKIPEDIA,"['MEDICAL', 'ENDOGENOUS', 'FOOD']","['ENDOGENOUS', 'MEDICAL']","['MEDICAL', 'ENDOGENOUS']",['INFO']
3447,WIKIPEDIA,['MEDICAL'],['MEDICAL'],['MEDICAL'],['MEDICAL']
3448,WIKIPEDIA,"['FOOD', 'PERSONAL CARE']",['INFO'],"['FOOD', 'PERSONAL CARE']",['INFO']
3449,WIKIPEDIA,['MEDICAL'],['MEDICAL'],['MEDICAL'],['MEDICAL']
3450,PUBMED,['INDUSTRIAL'],['INFO'],['INFO'],['INFO']
3451,WIKIPEDIA,['MEDICAL'],['INFO'],['MEDICAL'],['INFO']
3452,WIKIPEDIA,['MEDICAL'],['MEDICAL'],['MEDICAL'],['MEDICAL']
3453,WIKIPEDIA,['MEDICAL'],['MEDICAL'],['MEDICAL'],['INFO']
3454,PUBMED,['INFO'],['INFO'],['INFO'],['MEDICAL']
3455,WIKIPEDIA,"['MEDICAL', 'INDUSTRIAL']","['MEDICAL', 'INDUSTRIAL']","['MEDICAL', 'INDUSTRIAL']","['MEDICAL', 'INDUSTRIAL']"
3456,WIKIPEDIA,['MEDICAL'],['MEDICAL'],['MEDICAL'],['INFO']
3457,PUBMED,['INFO'],['INFO'],['INFO'],['INFO']
3458,WIKIPEDIA,['INFO'],['INDUSTRIAL'],['INFO'],['INDUSTRIAL']
3459,WIKIPEDIA,['INFO'],['INFO'],['INFO'],['INFO']
3460,WIKIPEDIA,['MEDICAL'],['MEDICAL'],['MEDICAL'],['MEDICAL']
3461,WIKIPEDIA,"['ENDOGENOUS', 'MEDICAL']",['INFO'],['ENDOGENOUS'],"['ENDOGENOUS', 'MEDICAL']"
3462,WIKIPEDIA,['MEDICAL'],['MEDICAL'],['MEDICAL'],['MEDICAL']
3463,WIKIPEDIA,"['ENDOGENOUS', 'INDUSTRIAL']","['ENDOGENOUS', 'FOOD']","['ENDOGENOUS', 'MEDICAL', 'INDUSTRIAL']","['ENDOGENOUS', 'FOOD', 'INDUSTRIAL']"
3464,WIKIPEDIA,"['MEDICAL', 'FOOD', 'INDUSTRIAL']","['MEDICAL', 'FOOD']","['MEDICAL', 'FOOD', 'INDUSTRIAL']",['INFO']
3465,PUBMED,['INFO'],['INFO'],['INFO'],['INFO']
3466,WIKIPEDIA,"['MEDICAL', 'PERSONAL CARE', 'FOOD', 'INDUSTRIAL']","['INDUSTRIAL', 'MEDICAL', 'PERSONAL CARE']","['MEDICAL', 'PERSONAL CARE', 'FOOD', 'INDUSTRIAL']","['MEDICAL', 'PERSONAL CARE', 'INDUSTRIAL']"
3467,WIKIPEDIA,['MEDICAL'],['INFO'],['MEDICAL'],['MEDICAL']
3468,WIKIPEDIA,['MEDICAL'],['MEDICAL'],['MEDICAL'],['INFO']
3469,WIKIPEDIA,"['ENDOGENOUS', 'FOOD']","['ENDOGENOUS', 'FOOD']","['ENDOGENOUS', 'FOOD', 'INDUSTRIAL']","['ENDOGENOUS', 'FOOD', 'PERSONAL CARE']"
3470,WIKIPEDIA,['MEDICAL'],['MEDICAL'],['MEDICAL'],['MEDICAL']
3471,WIKIPEDIA,['MEDICAL'],['MEDICAL'],['MEDICAL'],['MEDICAL']
3472,WIKIPEDIA,['INFO'],['INFO'],['INFO'],['MEDICAL']
3473,PUBMED,"['MEDICAL', 'FOOD']","['MEDICAL', 'INDUSTRIAL']","['MEDICAL', 'FOOD', 'INDUSTRIAL']","['MEDICAL', 'FOOD', 'INDUSTRIAL']"
3474,WIKIPEDIA,"['MEDICAL', 'FOOD', 'INDUSTRIAL']",['INFO'],"['MEDICAL', 'FOOD', 'INDUSTRIAL']",['INFO']
3475,WIKIPEDIA,['MEDICAL'],['MEDICAL'],['INFO'],['INFO']
3476,WIKIPEDIA,"['INDUSTRIAL', 'MEDICAL']",['INDUSTRIAL'],['INDUSTRIAL'],['INDUSTRIAL']
3477,WIKIPEDIA,['MEDICAL'],['MEDICAL'],['MEDICAL'],['MEDICAL']
3478,WIKIPEDIA,['MEDICAL'],['MEDICAL'],['MEDICAL'],['INFO']
3479,WIKIPEDIA,"['MEDICAL', 'INDUSTRIAL']",['INDUSTRIAL'],['INFO'],"['INDUSTRIAL', 'MEDICAL']"
3480,WIKIPEDIA,['MEDICAL'],['MEDICAL'],['MEDICAL'],['MEDICAL']
3481,WIKIPEDIA,['MEDICAL'],['MEDICAL'],['MEDICAL'],['MEDICAL']
3482,WIKIPEDIA,"['FOOD', 'ENDOGENOUS']","['ENDOGENOUS', 'FOOD']","['FOOD', 'INDUSTRIAL']",['INFO']
3483,WIKIPEDIA,"['MEDICAL', 'ENDOGENOUS']","['ENDOGENOUS', 'MEDICAL']",['MEDICAL'],['INFO']
3484,WIKIPEDIA,['MEDICAL'],['MEDICAL'],['MEDICAL'],['MEDICAL']
3485,WIKIPEDIA,['MEDICAL'],['INFO'],"['MEDICAL', 'INDUSTRIAL']",['INFO']
3486,WIKIPEDIA,"['INDUSTRIAL', 'FOOD']",['INDUSTRIAL'],['INDUSTRIAL'],['INFO']
3487,WIKIPEDIA,['MEDICAL'],['MEDICAL'],['MEDICAL'],['MEDICAL']
3488,WIKIPEDIA,['INFO'],['INFO'],['MEDICAL'],['MEDICAL']
3489,WIKIPEDIA,"['FOOD', 'MEDICAL']",['FOOD'],['FOOD'],"['FOOD', 'PERSONAL CARE']"
3490,WIKIPEDIA,"['FOOD', 'MEDICAL']",['FOOD'],['FOOD'],['FOOD']
3491,WIKIPEDIA,['MEDICAL'],['MEDICAL'],['MEDICAL'],['MEDICAL']
3492,PUBMED,['MEDICAL'],['MEDICAL'],['MEDICAL'],['INFO']
3493,PUBMED,['MEDICAL'],['MEDICAL'],['MEDICAL'],['MEDICAL']
3494,WIKIPEDIA,"['INDUSTRIAL', 'FOOD', 'MEDICAL']",['INDUSTRIAL'],"['INDUSTRIAL', 'FOOD']",['INFO']
3495,WIKIPEDIA,['MEDICAL'],['MEDICAL'],['MEDICAL'],['MEDICAL']
3496,WIKIPEDIA,['INDUSTRIAL'],['INFO'],['INFO'],['INFO']
3497,WIKIPEDIA,['MEDICAL'],['MEDICAL'],['MEDICAL'],['MEDICAL']
3498,WIKIPEDIA,"['MEDICAL', 'INDUSTRIAL']",['MEDICAL'],['INFO'],['MEDICAL']
3499,WIKIPEDIA,['MEDICAL'],['MEDICAL'],['MEDICAL'],['MEDICAL']
3500,WIKIPEDIA,['MEDICAL'],['INFO'],['MEDICAL'],['INFO']
3501,WIKIPEDIA,['MEDICAL'],['MEDICAL'],['MEDICAL'],['MEDICAL']
3502,PUBMED,['MEDICAL'],['MEDICAL'],['MEDICAL'],['INFO']
3503,WIKIPEDIA,['MEDICAL'],['INFO'],['INFO'],['INFO']
3504,WIKIPEDIA,['MEDICAL'],['MEDICAL'],['INFO'],['INFO']
3505,PUBMED,['MEDICAL'],['MEDICAL'],['MEDICAL'],['INFO']
3506,WIKIPEDIA,"['FOOD', 'INDUSTRIAL', 'MEDICAL']",['INFO'],"['FOOD', 'INDUSTRIAL', 'MEDICAL']",['INFO']
3507,WIKIPEDIA,['MEDICAL'],['MEDICAL'],['MEDICAL'],['INFO']
3508,WIKIPEDIA,['MEDICAL'],['INFO'],['MEDICAL'],['MEDICAL']
3509,WIKIPEDIA,"['FOOD', 'ENDOGENOUS']",['FOOD'],"['ENDOGENOUS', 'FOOD']",['FOOD']
3510,WIKIPEDIA,"['INDUSTRIAL', 'PERSONAL CARE', 'INFO']",['INDUSTRIAL'],['INDUSTRIAL'],['INFO']
3511,WIKIPEDIA,['MEDICAL'],['MEDICAL'],['MEDICAL'],['MEDICAL']
3512,PUBMED,['INFO'],"['ENDOGENOUS', 'FOOD']",['INFO'],"['ENDOGENOUS', 'FOOD']"
3513,WIKIPEDIA,['INFO'],['INFO'],['INFO'],['INFO']
3514,WIKIPEDIA,['MEDICAL'],['MEDICAL'],['MEDICAL'],['MEDICAL']
3515,WIKIPEDIA,['INFO'],['INFO'],['INFO'],['INFO']
3516,WIKIPEDIA,['INFO'],['INFO'],['INFO'],['INFO']
3517,WIKIPEDIA,['INFO'],"['FOOD', 'INDUSTRIAL', 'PERSONAL CARE']",['INFO'],['INFO']
3518,WIKIPEDIA,['MEDICAL'],['MEDICAL'],['MEDICAL'],['MEDICAL']
3519,WIKIPEDIA,['MEDICAL'],['INFO'],['MEDICAL'],['INFO']
3520,WIKIPEDIA,"['FOOD', 'PERSONAL CARE', 'INFO']","['FOOD', 'PERSONAL CARE']","['FOOD', 'PERSONAL CARE']",['INFO']
3521,PUBMED,['MEDICAL'],['MEDICAL'],['MEDICAL'],['INFO']
3522,WIKIPEDIA,['PERSONAL CARE'],['PERSONAL CARE'],['PERSONAL CARE'],['PERSONAL CARE']
3523,WIKIPEDIA,['MEDICAL'],['MEDICAL'],['MEDICAL'],['MEDICAL']
3524,WIKIPEDIA,"['FOOD', 'INDUSTRIAL']",['FOOD'],"['FOOD', 'PERSONAL CARE']","['FOOD', 'PERSONAL CARE', 'INDUSTRIAL']"
3525,WIKIPEDIA,"['INDUSTRIAL', 'MEDICAL']",['INDUSTRIAL'],['INFO'],['INFO']
3526,WIKIPEDIA,['MEDICAL'],['MEDICAL'],"['MEDICAL', 'FOOD']",['MEDICAL']
3527,WIKIPEDIA,"['FOOD', 'ENDOGENOUS']",['INFO'],['FOOD'],['PERSONAL CARE']
3528,WIKIPEDIA,['INFO'],['INFO'],['INFO'],['MEDICAL']
3529,PUBMED,['MEDICAL'],['MEDICAL'],"['MEDICAL', 'INDUSTRIAL']",['INFO']
3530,WIKIPEDIA,"['PERSONAL CARE', 'FOOD']",['FOOD'],"['FOOD', 'PERSONAL CARE']","['FOOD', 'PERSONAL CARE']"
3531,WIKIPEDIA,['MEDICAL'],['MEDICAL'],['MEDICAL'],['MEDICAL']
3532,WIKIPEDIA,['ENDOGENOUS'],['ENDOGENOUS'],['ENDOGENOUS'],"['ENDOGENOUS', 'FOOD', 'PERSONAL CARE']"
3533,WIKIPEDIA,"['MEDICAL', 'INDUSTRIAL']",['MEDICAL'],['INFO'],['INFO']
3534,WIKIPEDIA,"['INDUSTRIAL', 'PERSONAL CARE', 'MEDICAL', 'FOOD']",['INFO'],"['MEDICAL', 'FOOD', 'PERSONAL CARE', 'INDUSTRIAL']","['MEDICAL', 'FOOD', 'PERSONAL CARE', 'INDUSTRIAL']"
3535,WIKIPEDIA,['MEDICAL'],['MEDICAL'],['INFO'],['INFO']
3536,WIKIPEDIA,['MEDICAL'],['MEDICAL'],['MEDICAL'],['MEDICAL']
3537,WIKIPEDIA,['MEDICAL'],['INFO'],"['MEDICAL', 'FOOD']",['INFO']
3538,PUBMED,['MEDICAL'],['MEDICAL'],['MEDICAL'],['INFO']
3539,WIKIPEDIA,['MEDICAL'],['MEDICAL'],['MEDICAL'],['MEDICAL']
3540,WIKIPEDIA,['MEDICAL'],['MEDICAL'],['MEDICAL'],['MEDICAL']
3541,WIKIPEDIA,['ENDOGENOUS'],['ENDOGENOUS'],['ENDOGENOUS'],['ENDOGENOUS']
3542,PUBMED,['INFO'],['INFO'],['INFO'],['INFO']
3543,WIKIPEDIA,['MEDICAL'],['MEDICAL'],['MEDICAL'],['MEDICAL']
3544,WIKIPEDIA,"['FOOD', 'INDUSTRIAL', 'MEDICAL']","['FOOD', 'INDUSTRIAL']","['FOOD', 'ENDOGENOUS', 'INDUSTRIAL', 'MEDICAL']",['INFO']
3545,WIKIPEDIA,"['MEDICAL', 'FOOD']",['MEDICAL'],['MEDICAL'],['INFO']
3546,WIKIPEDIA,['MEDICAL'],['INFO'],['MEDICAL'],['INFO']
3547,WIKIPEDIA,"['MEDICAL', 'ENDOGENOUS']",['INFO'],['MEDICAL'],['INFO']
3548,PUBMED,['MEDICAL'],['MEDICAL'],['MEDICAL'],['INFO']
3549,PUBMED,"['MEDICAL', 'PERSONAL CARE', 'FOOD']","['FOOD', 'PERSONAL CARE', 'MEDICAL']","['MEDICAL', 'PERSONAL CARE', 'FOOD']","['PERSONAL CARE', 'MEDICAL']"
3550,WIKIPEDIA,['MEDICAL'],['MEDICAL'],['MEDICAL'],['INFO']
3551,WIKIPEDIA,['MEDICAL'],['INFO'],['MEDICAL'],['INFO']
3552,WIKIPEDIA,['MEDICAL'],['MEDICAL'],['MEDICAL'],['MEDICAL']
3553,WIKIPEDIA,['MEDICAL'],['MEDICAL'],['MEDICAL'],['MEDICAL']
3554,WIKIPEDIA,['MEDICAL'],['MEDICAL'],['INFO'],['MEDICAL']
3555,WIKIPEDIA,"['FOOD', 'MEDICAL', 'INDUSTRIAL']","['ENDOGENOUS', 'FOOD']","['ENDOGENOUS', 'FOOD', 'MEDICAL']",['INFO']
3556,WIKIPEDIA,['MEDICAL'],['MEDICAL'],['INFO'],['INFO']
3557,WIKIPEDIA,['MEDICAL'],['MEDICAL'],['MEDICAL'],['INFO']
3558,WIKIPEDIA,['MEDICAL'],['MEDICAL'],['MEDICAL'],['INFO']
3559,WIKIPEDIA,['MEDICAL'],['MEDICAL'],['MEDICAL'],['MEDICAL']
3560,WIKIPEDIA,['MEDICAL'],['MEDICAL'],['MEDICAL'],['MEDICAL']
3561,WIKIPEDIA,['MEDICAL'],['MEDICAL'],['MEDICAL'],['MEDICAL']
3562,WIKIPEDIA,['MEDICAL'],['INFO'],['MEDICAL'],['INFO']
3563,PUBMED,['INFO'],['ENDOGENOUS'],['INFO'],"['ENDOGENOUS', 'FOOD']"
3564,PUBMED,['MEDICAL'],['MEDICAL'],['MEDICAL'],['INFO']
3565,WIKIPEDIA,['MEDICAL'],['INDUSTRIAL'],['MEDICAL'],['MEDICAL']
3566,PUBMED,['MEDICAL'],['MEDICAL'],['MEDICAL'],['INFO']
3567,WIKIPEDIA,['INDUSTRIAL'],['INDUSTRIAL'],['INDUSTRIAL'],['INDUSTRIAL']
3568,PUBMED,['MEDICAL'],['INFO'],['MEDICAL'],['INFO']
3569,PUBMED,['MEDICAL'],['INFO'],['MEDICAL'],['INFO']
3570,PUBMED,"['INFO', 'FOOD']",['INFO'],['INFO'],['INFO']
3571,WIKIPEDIA,"['FOOD', 'MEDICAL']",['FOOD'],"['MEDICAL', 'FOOD', 'INDUSTRIAL']",['INFO']
3572,WIKIPEDIA,['MEDICAL'],['MEDICAL'],['MEDICAL'],['MEDICAL']
3573,WIKIPEDIA,"['FOOD', 'MEDICAL']",['FOOD'],"['FOOD', 'MEDICAL']",['FOOD']
3574,WIKIPEDIA,['MEDICAL'],['MEDICAL'],['MEDICAL'],['MEDICAL']
3575,WIKIPEDIA,['MEDICAL'],['MEDICAL'],['MEDICAL'],['INFO']
3576,PUBMED,['MEDICAL'],['MEDICAL'],['MEDICAL'],['MEDICAL']
3577,WIKIPEDIA,['MEDICAL'],['MEDICAL'],['MEDICAL'],['MEDICAL']
3578,WIKIPEDIA,"['FOOD', 'MEDICAL']",['FOOD'],"['MEDICAL', 'FOOD']",['INFO']
3579,WIKIPEDIA,"['MEDICAL', 'PERSONAL CARE', 'INDUSTRIAL']","['PERSONAL CARE', 'INDUSTRIAL']","['INDUSTRIAL', 'PERSONAL CARE', 'MEDICAL', 'FOOD']","['PERSONAL CARE', 'INDUSTRIAL']"
3580,WIKIPEDIA,['MEDICAL'],['MEDICAL'],"['MEDICAL', 'ENDOGENOUS']","['MEDICAL', 'ENDOGENOUS']"
3581,WIKIPEDIA,['MEDICAL'],['MEDICAL'],['MEDICAL'],['MEDICAL']
3582,WIKIPEDIA,['MEDICAL'],['MEDICAL'],['MEDICAL'],['INFO']
3583,WIKIPEDIA,['MEDICAL'],['MEDICAL'],['MEDICAL'],['INFO']
3584,WIKIPEDIA,['MEDICAL'],['MEDICAL'],['INFO'],['INFO']
3585,PUBMED,['INFO'],['INFO'],['INFO'],['INFO']
3586,PUBMED,['INFO'],['ENDOGENOUS'],['INFO'],['INFO']
3587,WIKIPEDIA,['MEDICAL'],['MEDICAL'],['INFO'],['INFO']
3588,PUBMED,['MEDICAL'],['MEDICAL'],['MEDICAL'],['MEDICAL']
3589,PUBMED,['INDUSTRIAL'],['INDUSTRIAL'],['INDUSTRIAL'],['INDUSTRIAL']
3590,WIKIPEDIA,['MEDICAL'],['MEDICAL'],['MEDICAL'],['MEDICAL']
3591,PUBMED,['MEDICAL'],['INDUSTRIAL'],['MEDICAL'],['INFO']
3592,WIKIPEDIA,"['INFO', 'INFO']",['INFO'],['INFO'],['INFO']
3593,WIKIPEDIA,"['FOOD', 'INFO']",['INFO'],['FOOD'],['INFO']
3594,PUBMED,['MEDICAL'],['MEDICAL'],['MEDICAL'],['INFO']
3595,PUBMED,['MEDICAL'],['MEDICAL'],['MEDICAL'],['INFO']
3596,WIKIPEDIA,['MEDICAL'],['MEDICAL'],['MEDICAL'],['MEDICAL']
3597,WIKIPEDIA,['MEDICAL'],['MEDICAL'],['MEDICAL'],['MEDICAL']
3598,WIKIPEDIA,['MEDICAL'],['MEDICAL'],['MEDICAL'],['MEDICAL']
3599,WIKIPEDIA,['INFO'],"['MEDICAL', 'INDUSTRIAL']",['INFO'],"['MEDICAL', 'INDUSTRIAL']"
3600,WIKIPEDIA,"['MEDICAL', 'INDUSTRIAL']","['MEDICAL', 'FOOD']","['MEDICAL', 'FOOD']",['INFO']
3601,WIKIPEDIA,['INFO'],['INFO'],['INFO'],['INFO']
3602,WIKIPEDIA,['ENDOGENOUS'],['ENDOGENOUS'],['ENDOGENOUS'],['ENDOGENOUS']
3603,WIKIPEDIA,['MEDICAL'],['MEDICAL'],['MEDICAL'],['MEDICAL']
3604,PUBMED,['INFO'],['ENDOGENOUS'],['ENDOGENOUS'],"['ENDOGENOUS', 'FOOD']"
3605,WIKIPEDIA,"['INFO', 'MEDICAL']",['INFO'],['MEDICAL'],['INFO']
3606,PUBMED,['MEDICAL'],['MEDICAL'],['MEDICAL'],['INFO']
3607,WIKIPEDIA,['MEDICAL'],['MEDICAL'],['MEDICAL'],['MEDICAL']
3608,PUBMED,['MEDICAL'],['MEDICAL'],['MEDICAL'],['MEDICAL']
3609,WIKIPEDIA,['MEDICAL'],['MEDICAL'],['MEDICAL'],['MEDICAL']
3610,WIKIPEDIA,"['FOOD', 'PERSONAL CARE', 'INDUSTRIAL']","['FOOD', 'PERSONAL CARE', 'INDUSTRIAL']","['FOOD', 'PERSONAL CARE', 'INDUSTRIAL']","['FOOD', 'PERSONAL CARE', 'INDUSTRIAL']"
3611,WIKIPEDIA,"['FOOD', 'PERSONAL CARE', 'MEDICAL']",['INFO'],"['FOOD', 'PERSONAL CARE', 'MEDICAL']","['INDUSTRIAL', 'PERSONAL CARE', 'FOOD']"
3612,WIKIPEDIA,['FOOD'],['INFO'],['FOOD'],['FOOD']
3613,WIKIPEDIA,['FOOD'],['FOOD'],['FOOD'],['INFO']
3614,WIKIPEDIA,['INFO'],['ENDOGENOUS'],['INFO'],"['ENDOGENOUS', 'FOOD']"
3615,WIKIPEDIA,['MEDICAL'],['MEDICAL'],['MEDICAL'],['INFO']
3616,PUBMED,['MEDICAL'],['MEDICAL'],['MEDICAL'],['INFO']
3617,WIKIPEDIA,['PERSONAL CARE'],['PERSONAL CARE'],['PERSONAL CARE'],['PERSONAL CARE']
3618,WIKIPEDIA,['INDUSTRIAL'],['INDUSTRIAL'],['INDUSTRIAL'],['INDUSTRIAL']
3619,WIKIPEDIA,['MEDICAL'],['MEDICAL'],['MEDICAL'],['MEDICAL']
3620,WIKIPEDIA,['MEDICAL'],['MEDICAL'],['MEDICAL'],['MEDICAL']
3621,WIKIPEDIA,['MEDICAL'],['MEDICAL'],['MEDICAL'],"['MEDICAL', 'ENDOGENOUS']"
3622,WIKIPEDIA,"['MEDICAL', 'ENDOGENOUS']","['MEDICAL', 'ENDOGENOUS']","['MEDICAL', 'ENDOGENOUS']","['ENDOGENOUS', 'MEDICAL']"
3623,WIKIPEDIA,['INFO'],"['MEDICAL', 'INDUSTRIAL']",['INFO'],['INFO']
3624,WIKIPEDIA,"['ENDOGENOUS', 'FOOD', 'INDUSTRIAL']","['ENDOGENOUS', 'FOOD']","['ENDOGENOUS', 'FOOD', 'PERSONAL CARE', 'INDUSTRIAL']","['ENDOGENOUS', 'FOOD']"
3625,WIKIPEDIA,['MEDICAL'],['MEDICAL'],['MEDICAL'],['INFO']
3626,PUBMED,"['INDUSTRIAL', 'MEDICAL']",['INFO'],"['MEDICAL', 'INDUSTRIAL']",['INFO']
3627,PUBMED,"['MEDICAL', 'INDUSTRIAL']",['INFO'],"['MEDICAL', 'INDUSTRIAL']",['MEDICAL']
3628,WIKIPEDIA,['MEDICAL'],['MEDICAL'],['MEDICAL'],['MEDICAL']
3629,WIKIPEDIA,['INFO'],['INFO'],['INFO'],['INFO']
3630,PUBMED,['MEDICAL'],['MEDICAL'],['MEDICAL'],['INFO']
3631,WIKIPEDIA,['MEDICAL'],['MEDICAL'],['MEDICAL'],['MEDICAL']
3632,WIKIPEDIA,['MEDICAL'],['MEDICAL'],['MEDICAL'],['INFO']
3633,PUBMED,"['INFO', 'PERSONAL CARE', 'INFO', 'INFO', 'INFO']",['MEDICAL'],"['PERSONAL CARE', 'MEDICAL']",['INFO']
3634,WIKIPEDIA,['MEDICAL'],['MEDICAL'],['MEDICAL'],['MEDICAL']
3635,WIKIPEDIA,['MEDICAL'],['MEDICAL'],['MEDICAL'],['INFO']
3636,WIKIPEDIA,['MEDICAL'],['INFO'],['MEDICAL'],['INFO']
3637,PUBMED,['MEDICAL'],['MEDICAL'],['MEDICAL'],['INFO']
3638,WIKIPEDIA,['MEDICAL'],['MEDICAL'],['MEDICAL'],['INFO']
3639,WIKIPEDIA,['MEDICAL'],['MEDICAL'],['MEDICAL'],['MEDICAL']
3640,WIKIPEDIA,['MEDICAL'],['INFO'],['MEDICAL'],['INFO']
3641,WIKIPEDIA,['MEDICAL'],['MEDICAL'],['MEDICAL'],['INFO']
3642,WIKIPEDIA,['MEDICAL'],['MEDICAL'],['MEDICAL'],['MEDICAL']
3643,WIKIPEDIA,['MEDICAL'],['MEDICAL'],['MEDICAL'],['INFO']
3644,WIKIPEDIA,"['MEDICAL', 'INDUSTRIAL']","['MEDICAL', 'INDUSTRIAL']","['MEDICAL', 'INDUSTRIAL']",['INFO']
3645,WIKIPEDIA,['MEDICAL'],['MEDICAL'],['MEDICAL'],['MEDICAL']
3646,WIKIPEDIA,"['ENDOGENOUS', 'INDUSTRIAL', 'MEDICAL', 'FOOD', 'PERSONAL CARE']",['INFO'],"['ENDOGENOUS', 'MEDICAL', 'PERSONAL CARE', 'INDUSTRIAL']",['INFO']
3647,WIKIPEDIA,['INFO'],['MEDICAL'],['INFO'],['MEDICAL']
3648,WIKIPEDIA,['INDUSTRIAL'],['INDUSTRIAL'],['INDUSTRIAL'],['INDUSTRIAL']
3649,WIKIPEDIA,['INFO'],['INFO'],['INFO'],['INFO']
3650,WIKIPEDIA,['MEDICAL'],['MEDICAL'],['MEDICAL'],['INFO']
3651,WIKIPEDIA,['MEDICAL'],['MEDICAL'],['MEDICAL'],['INFO']
3652,WIKIPEDIA,"['FOOD', 'ENDOGENOUS', 'INDUSTRIAL', 'PERSONAL CARE', 'MEDICAL']",['INFO'],"['ENDOGENOUS', 'FOOD', 'PERSONAL CARE', 'INDUSTRIAL']","['ENDOGENOUS', 'FOOD', 'MEDICAL', 'PERSONAL CARE']"
3653,WIKIPEDIA,['MEDICAL'],['MEDICAL'],['MEDICAL'],['MEDICAL']
3654,PUBMED,['INFO'],['INDUSTRIAL'],"['MEDICAL', 'INDUSTRIAL']",['INFO']
3655,PUBMED,['INFO'],['INFO'],['INFO'],['INFO']
3656,PUBMED,"['FOOD', 'INDUSTRIAL']",['INFO'],['INFO'],['INFO']
3657,WIKIPEDIA,['MEDICAL'],['MEDICAL'],['MEDICAL'],['MEDICAL']
3658,WIKIPEDIA,"['MEDICAL', 'FOOD']",['INFO'],['INFO'],['INFO']
3659,WIKIPEDIA,['MEDICAL'],['MEDICAL'],['MEDICAL'],['MEDICAL']
3660,WIKIPEDIA,['MEDICAL'],['INFO'],['MEDICAL'],['MEDICAL']
3661,WIKIPEDIA,['MEDICAL'],['MEDICAL'],['MEDICAL'],['MEDICAL']
3662,WIKIPEDIA,['MEDICAL'],['MEDICAL'],['INFO'],['INFO']
3663,WIKIPEDIA,"['MEDICAL', 'INDUSTRIAL']",['INFO'],['INFO'],"['FOOD', 'PERSONAL CARE']"
3664,WIKIPEDIA,['MEDICAL'],['MEDICAL'],['MEDICAL'],['MEDICAL']
3665,WIKIPEDIA,['MEDICAL'],['MEDICAL'],['MEDICAL'],['MEDICAL']
3666,PUBMED,['MEDICAL'],['INFO'],['INFO'],['INFO']
3667,WIKIPEDIA,['MEDICAL'],['MEDICAL'],['MEDICAL'],['MEDICAL']
3668,WIKIPEDIA,['MEDICAL'],['MEDICAL'],['MEDICAL'],['INFO']
3669,WIKIPEDIA,['INDUSTRIAL'],['INDUSTRIAL'],['INDUSTRIAL'],['INFO']
3670,WIKIPEDIA,['MEDICAL'],['MEDICAL'],['INFO'],['INFO']
3671,WIKIPEDIA,['MEDICAL'],['MEDICAL'],['MEDICAL'],['MEDICAL']
3672,WIKIPEDIA,['MEDICAL'],['MEDICAL'],['MEDICAL'],['MEDICAL']
3673,PUBMED,['MEDICAL'],['MEDICAL'],['MEDICAL'],['INFO']
3674,PUBMED,['MEDICAL'],['INFO'],['MEDICAL'],['INFO']
3675,WIKIPEDIA,['MEDICAL'],['MEDICAL'],['MEDICAL'],['MEDICAL']
3676,WIKIPEDIA,['MEDICAL'],['MEDICAL'],['INFO'],['INFO']
3677,WIKIPEDIA,['MEDICAL'],['MEDICAL'],['MEDICAL'],['MEDICAL']
3678,PUBMED,['MEDICAL'],['INFO'],['MEDICAL'],['INFO']
3679,WIKIPEDIA,['MEDICAL'],['MEDICAL'],['MEDICAL'],['INFO']
3680,WIKIPEDIA,"['MEDICAL', 'INDUSTRIAL', 'FOOD']","['PERSONAL CARE', 'INDUSTRIAL']","['FOOD', 'PERSONAL CARE', 'INDUSTRIAL']","['INDUSTRIAL', 'PERSONAL CARE']"
3681,WIKIPEDIA,['MEDICAL'],['MEDICAL'],['MEDICAL'],['MEDICAL']
3682,WIKIPEDIA,"['MEDICAL', 'FOOD', 'INFO']","['MEDICAL', 'FOOD']","['MEDICAL', 'FOOD']","['MEDICAL', 'FOOD']"
3683,WIKIPEDIA,['INFO'],['INFO'],"['FOOD', 'PERSONAL CARE', 'MEDICAL', 'ENDOGENOUS']",['INFO']
3684,PUBMED,['MEDICAL'],['MEDICAL'],['MEDICAL'],['INFO']
3685,WIKIPEDIA,['MEDICAL'],['MEDICAL'],['INFO'],['MEDICAL']
3686,PUBMED,['MEDICAL'],['INFO'],['MEDICAL'],['INFO']
3687,WIKIPEDIA,['MEDICAL'],['MEDICAL'],['MEDICAL'],['INFO']
3688,WIKIPEDIA,['MEDICAL'],['MEDICAL'],['MEDICAL'],['MEDICAL']
3689,PUBMED,['MEDICAL'],['MEDICAL'],['MEDICAL'],['MEDICAL']
3690,WIKIPEDIA,"['MEDICAL', 'INDUSTRIAL']",['INFO'],['INFO'],['INFO']
3691,WIKIPEDIA,['MEDICAL'],['MEDICAL'],['MEDICAL'],['MEDICAL']
3692,PUBMED,['MEDICAL'],['MEDICAL'],"['MEDICAL', 'INDUSTRIAL']",['INFO']
3693,WIKIPEDIA,['MEDICAL'],['MEDICAL'],['MEDICAL'],['INFO']
3694,WIKIPEDIA,"['FOOD', 'ENDOGENOUS']","['ENDOGENOUS', 'FOOD']","['ENDOGENOUS', 'FOOD']",['INFO']
3695,WIKIPEDIA,"['ENDOGENOUS', 'MEDICAL']",['ENDOGENOUS'],['ENDOGENOUS'],['ENDOGENOUS']
3696,PUBMED,['MEDICAL'],['MEDICAL'],['MEDICAL'],['INFO']
3697,PUBMED,['MEDICAL'],['MEDICAL'],['MEDICAL'],['INFO']
3698,WIKIPEDIA,['MEDICAL'],['MEDICAL'],['MEDICAL'],['MEDICAL']
3699,WIKIPEDIA,['MEDICAL'],['MEDICAL'],['MEDICAL'],['INFO']
3700,WIKIPEDIA,['MEDICAL'],['MEDICAL'],['MEDICAL'],['INFO']
3701,WIKIPEDIA,['MEDICAL'],['MEDICAL'],['MEDICAL'],['INFO']
3702,WIKIPEDIA,['ENDOGENOUS'],['ENDOGENOUS'],['ENDOGENOUS'],['ENDOGENOUS']
3703,WIKIPEDIA,['MEDICAL'],['MEDICAL'],['MEDICAL'],['MEDICAL']
3704,WIKIPEDIA,"['FOOD', 'INDUSTRIAL']",['FOOD'],['FOOD'],['FOOD']
3705,PUBMED,"['MEDICAL', 'FOOD']",['INFO'],"['MEDICAL', 'FOOD']",['INFO']
3706,WIKIPEDIA,['MEDICAL'],['MEDICAL'],['MEDICAL'],['MEDICAL']
3707,WIKIPEDIA,"['ENDOGENOUS', 'MEDICAL']",['INFO'],['ENDOGENOUS'],['INFO']
3708,WIKIPEDIA,"['ENDOGENOUS', 'MEDICAL']",['ENDOGENOUS'],['ENDOGENOUS'],['ENDOGENOUS']
3709,WIKIPEDIA,"['MEDICAL', 'FOOD', 'PERSONAL CARE', 'INDUSTRIAL']",['INFO'],"['MEDICAL', 'ENDOGENOUS', 'FOOD', 'PERSONAL CARE', 'INDUSTRIAL']",['INFO']
3710,WIKIPEDIA,['MEDICAL'],['MEDICAL'],['MEDICAL'],['MEDICAL']
3711,WIKIPEDIA,"['ENDOGENOUS', 'FOOD']",['ENDOGENOUS'],"['ENDOGENOUS', 'FOOD']",['INFO']
3712,WIKIPEDIA,"['MEDICAL', 'ENDOGENOUS']",['ENDOGENOUS'],"['MEDICAL', 'ENDOGENOUS']","['ENDOGENOUS', 'MEDICAL', 'PERSONAL CARE']"
3713,PUBMED,['INFO'],['INFO'],['INFO'],"['ENDOGENOUS', 'FOOD', 'INDUSTRIAL']"
3714,WIKIPEDIA,['MEDICAL'],['MEDICAL'],['MEDICAL'],['MEDICAL']
3715,PUBMED,['MEDICAL'],['INFO'],['MEDICAL'],['INFO']
3716,WIKIPEDIA,['MEDICAL'],['MEDICAL'],['MEDICAL'],['MEDICAL']
3717,WIKIPEDIA,['MEDICAL'],['MEDICAL'],['MEDICAL'],['MEDICAL']
3718,WIKIPEDIA,['MEDICAL'],['MEDICAL'],['INFO'],['INFO']
3719,WIKIPEDIA,['MEDICAL'],['INFO'],['MEDICAL'],['INFO']
3720,WIKIPEDIA,['MEDICAL'],['MEDICAL'],"['MEDICAL', 'FOOD']",['INFO']
3721,WIKIPEDIA,['MEDICAL'],['INFO'],['MEDICAL'],['INFO']
3722,WIKIPEDIA,['MEDICAL'],['MEDICAL'],['MEDICAL'],['INFO']
3723,WIKIPEDIA,['MEDICAL'],['MEDICAL'],['MEDICAL'],['INFO']
3724,WIKIPEDIA,"['MEDICAL', 'INDUSTRIAL']",['INFO'],"['MEDICAL', 'INDUSTRIAL']",['INFO']
3725,WIKIPEDIA,['MEDICAL'],['MEDICAL'],['MEDICAL'],['MEDICAL']
3726,WIKIPEDIA,"['MEDICAL', 'FOOD']",['MEDICAL'],"['MEDICAL', 'FOOD']",['MEDICAL']
3727,WIKIPEDIA,['MEDICAL'],['MEDICAL'],['MEDICAL'],['INFO']
3728,WIKIPEDIA,['MEDICAL'],['MEDICAL'],['MEDICAL'],['MEDICAL']
3729,WIKIPEDIA,"['MEDICAL', 'FOOD']","['FOOD', 'MEDICAL']",['INFO'],"['MEDICAL', 'FOOD']"
3730,WIKIPEDIA,['MEDICAL'],['MEDICAL'],['MEDICAL'],['MEDICAL']
3731,WIKIPEDIA,['MEDICAL'],['MEDICAL'],['MEDICAL'],['MEDICAL']
3732,WIKIPEDIA,"['INFO', 'MEDICAL']",['INFO'],['MEDICAL'],['INFO']
3733,WIKIPEDIA,['MEDICAL'],['MEDICAL'],['MEDICAL'],['MEDICAL']
3734,WIKIPEDIA,['MEDICAL'],['MEDICAL'],['MEDICAL'],"['MEDICAL', 'FOOD']"
3735,,['INFO'],['INFO'],['INFO'],['INFO']
3736,WIKIPEDIA,['MEDICAL'],['MEDICAL'],['MEDICAL'],['MEDICAL']
3737,WIKIPEDIA,['MEDICAL'],['MEDICAL'],['MEDICAL'],['INFO']
3738,WIKIPEDIA,"['MEDICAL', 'PERSONAL CARE']","['MEDICAL', 'PERSONAL CARE']","['MEDICAL', 'PERSONAL CARE']","['MEDICAL', 'PERSONAL CARE', 'FOOD']"
3739,WIKIPEDIA,"['INDUSTRIAL', 'FOOD']",['INDUSTRIAL'],['INDUSTRIAL'],['INDUSTRIAL']
3740,WIKIPEDIA,['MEDICAL'],['MEDICAL'],['MEDICAL'],['INFO']
3741,PUBMED,['MEDICAL'],['MEDICAL'],['MEDICAL'],['INFO']
3742,WIKIPEDIA,['MEDICAL'],['MEDICAL'],['MEDICAL'],['MEDICAL']
3743,WIKIPEDIA,['MEDICAL'],['INFO'],['MEDICAL'],['INFO']
3744,WIKIPEDIA,['MEDICAL'],['MEDICAL'],['MEDICAL'],['INFO']
3745,PUBMED,['MEDICAL'],['MEDICAL'],['MEDICAL'],['MEDICAL']
3746,PUBMED,"['MEDICAL', 'INDUSTRIAL']",['INFO'],['INFO'],['INFO']
3747,WIKIPEDIA,['ENDOGENOUS'],['ENDOGENOUS'],['ENDOGENOUS'],"['ENDOGENOUS', 'FOOD']"
3748,PUBMED,['MEDICAL'],['INFO'],['MEDICAL'],['INFO']
3749,WIKIPEDIA,['INFO'],['MEDICAL'],['INFO'],['MEDICAL']
3750,PUBMED,['MEDICAL'],['INFO'],['MEDICAL'],['INFO']
3751,WIKIPEDIA,['MEDICAL'],['MEDICAL'],['MEDICAL'],['MEDICAL']
3752,WIKIPEDIA,"['FOOD', 'ENDOGENOUS']","['ENDOGENOUS', 'FOOD']","['ENDOGENOUS', 'FOOD', 'MEDICAL']",['FOOD']
3753,WIKIPEDIA,"['MEDICAL', 'FOOD', 'ENDOGENOUS']",['MEDICAL'],"['ENDOGENOUS', 'FOOD', 'MEDICAL', 'PERSONAL CARE']",['INFO']
3754,WIKIPEDIA,"['FOOD', 'ENDOGENOUS', 'MEDICAL']",['FOOD'],"['ENDOGENOUS', 'FOOD', 'PERSONAL CARE', 'MEDICAL']",['FOOD']
3755,PUBMED,['MEDICAL'],['MEDICAL'],"['MEDICAL', 'FOOD']",['MEDICAL']
3756,WIKIPEDIA,['MEDICAL'],['MEDICAL'],['MEDICAL'],['MEDICAL']
3757,WIKIPEDIA,['MEDICAL'],['MEDICAL'],['MEDICAL'],['MEDICAL']
3758,WIKIPEDIA,['MEDICAL'],['MEDICAL'],['MEDICAL'],['MEDICAL']
3759,WIKIPEDIA,['MEDICAL'],['MEDICAL'],['MEDICAL'],['MEDICAL']
3760,WIKIPEDIA,['MEDICAL'],['MEDICAL'],['MEDICAL'],['MEDICAL']
3761,WIKIPEDIA,['MEDICAL'],['MEDICAL'],"['MEDICAL', 'INDUSTRIAL']",['MEDICAL']
3762,WIKIPEDIA,['MEDICAL'],['MEDICAL'],['MEDICAL'],['INFO']
3763,WIKIPEDIA,"['MEDICAL', 'INDUSTRIAL']",['MEDICAL'],"['MEDICAL', 'INDUSTRIAL']",['INFO']
3764,WIKIPEDIA,['MEDICAL'],['MEDICAL'],['MEDICAL'],['MEDICAL']
3765,WIKIPEDIA,"['FOOD', 'ENDOGENOUS']",['FOOD'],"['FOOD', 'ENDOGENOUS']",['INFO']
3766,PUBMED,['INFO'],['INFO'],['INFO'],['ENDOGENOUS']
3767,PUBMED,"['MEDICAL', 'FOOD']",['FOOD'],"['MEDICAL', 'FOOD']",['INFO']
3768,WIKIPEDIA,['MEDICAL'],['MEDICAL'],['MEDICAL'],['MEDICAL']
3769,PUBMED,['MEDICAL'],['MEDICAL'],['MEDICAL'],['MEDICAL']
3770,WIKIPEDIA,['MEDICAL'],['MEDICAL'],['INFO'],['INFO']
3771,WIKIPEDIA,['MEDICAL'],['MEDICAL'],['MEDICAL'],['MEDICAL']
3772,WIKIPEDIA,['MEDICAL'],['MEDICAL'],['MEDICAL'],['MEDICAL']
3773,WIKIPEDIA,"['MEDICAL', 'INDUSTRIAL']","['MEDICAL', 'INDUSTRIAL']","['MEDICAL', 'INDUSTRIAL']",['INFO']
3774,PUBMED,['MEDICAL'],['INFO'],['MEDICAL'],['INFO']
3775,WIKIPEDIA,"['MEDICAL', 'FOOD']",['INFO'],"['MEDICAL', 'FOOD']",['INFO']
3776,PUBMED,['MEDICAL'],['INFO'],"['MEDICAL', 'INDUSTRIAL']",['INFO']
3777,WIKIPEDIA,['INDUSTRIAL'],['INDUSTRIAL'],['INDUSTRIAL'],"['INDUSTRIAL', 'PERSONAL CARE']"
3778,WIKIPEDIA,['MEDICAL'],['MEDICAL'],['MEDICAL'],['MEDICAL']
3779,WIKIPEDIA,['MEDICAL'],['MEDICAL'],['MEDICAL'],['MEDICAL']
3780,WIKIPEDIA,['MEDICAL'],['MEDICAL'],['MEDICAL'],['MEDICAL']
3781,WIKIPEDIA,['MEDICAL'],['MEDICAL'],['MEDICAL'],['MEDICAL']
3782,WIKIPEDIA,"['MEDICAL', 'PERSONAL CARE']","['MEDICAL', 'INDUSTRIAL']","['MEDICAL', 'PERSONAL CARE']","['MEDICAL', 'PERSONAL CARE']"
3783,WIKIPEDIA,['MEDICAL'],['MEDICAL'],['MEDICAL'],['INFO']
3784,WIKIPEDIA,"['MEDICAL', 'ENDOGENOUS', 'PERSONAL CARE', 'FOOD']","['ENDOGENOUS', 'FOOD', 'PERSONAL CARE']","['ENDOGENOUS', 'PERSONAL CARE', 'MEDICAL', 'INDUSTRIAL']","['ENDOGENOUS', 'FOOD', 'PERSONAL CARE']"
3785,PUBMED,['MEDICAL'],['INFO'],['MEDICAL'],['INFO']
3786,WIKIPEDIA,['MEDICAL'],['MEDICAL'],['INFO'],['INFO']
3787,PUBMED,['MEDICAL'],['MEDICAL'],['MEDICAL'],['INFO']
3788,WIKIPEDIA,['MEDICAL'],['MEDICAL'],"['MEDICAL', 'INDUSTRIAL']",['MEDICAL']
3789,WIKIPEDIA,['MEDICAL'],['MEDICAL'],['MEDICAL'],['MEDICAL']
3790,WIKIPEDIA,['MEDICAL'],['MEDICAL'],['MEDICAL'],['INFO']
3791,WIKIPEDIA,"['ENDOGENOUS', 'FOOD']",['ENDOGENOUS'],"['ENDOGENOUS', 'FOOD']","['ENDOGENOUS', 'FOOD']"
3792,PUBMED,['MEDICAL'],['INFO'],['MEDICAL'],['MEDICAL']
3793,PUBMED,['MEDICAL'],['MEDICAL'],['MEDICAL'],['INFO']
3794,WIKIPEDIA,['MEDICAL'],['INFO'],['MEDICAL'],['MEDICAL']
3795,WIKIPEDIA,['MEDICAL'],['INFO'],['MEDICAL'],['MEDICAL']
3796,WIKIPEDIA,"['MEDICAL', 'PERSONAL CARE', 'FOOD', 'INDUSTRIAL']","['FOOD', 'PERSONAL CARE']","['FOOD', 'PERSONAL CARE', 'INDUSTRIAL']","['PERSONAL CARE', 'FOOD']"
3797,PUBMED,['MEDICAL'],['MEDICAL'],['MEDICAL'],['INFO']
3798,PUBMED,['INFO'],['INFO'],['INFO'],['INFO']
3799,WIKIPEDIA,['MEDICAL'],['MEDICAL'],['MEDICAL'],['MEDICAL']
3800,WIKIPEDIA,['INFO'],['INFO'],['INFO'],['INFO']
3801,WIKIPEDIA,['MEDICAL'],['MEDICAL'],['INFO'],['INFO']
3802,WIKIPEDIA,['MEDICAL'],['MEDICAL'],['MEDICAL'],['MEDICAL']
3803,PUBMED,['INFO'],['INFO'],['INFO'],['INDUSTRIAL']
3804,WIKIPEDIA,['MEDICAL'],['MEDICAL'],['MEDICAL'],['INFO']
3805,WIKIPEDIA,['INDUSTRIAL'],['INFO'],['INFO'],['INFO']
3806,WIKIPEDIA,['MEDICAL'],['MEDICAL'],['INFO'],['INFO']
3807,WIKIPEDIA,"['FOOD', 'INDUSTRIAL']",['FOOD'],"['FOOD', 'INDUSTRIAL']",['INFO']
3808,WIKIPEDIA,['MEDICAL'],['MEDICAL'],['MEDICAL'],['MEDICAL']
3809,WIKIPEDIA,['MEDICAL'],['MEDICAL'],['MEDICAL'],['MEDICAL']
3810,WIKIPEDIA,['MEDICAL'],['MEDICAL'],['MEDICAL'],['MEDICAL']
3811,WIKIPEDIA,['PERSONAL CARE'],"['INDUSTRIAL', 'PERSONAL CARE']","['PERSONAL CARE', 'INDUSTRIAL']",['PERSONAL CARE']
3812,WIKIPEDIA,['MEDICAL'],['MEDICAL'],['MEDICAL'],['MEDICAL']
3813,WIKIPEDIA,['MEDICAL'],['MEDICAL'],['MEDICAL'],['MEDICAL']
3814,PUBMED,['MEDICAL'],['MEDICAL'],['MEDICAL'],['MEDICAL']
3815,WIKIPEDIA,"['MEDICAL', 'INDUSTRIAL']","['INDUSTRIAL', 'FOOD']",['MEDICAL'],"['MEDICAL', 'PERSONAL CARE', 'INDUSTRIAL']"
3816,PUBMED,"['INDUSTRIAL', 'MEDICAL']",['INDUSTRIAL'],['INFO'],['INFO']
3817,WIKIPEDIA,"['ENDOGENOUS', 'FOOD', 'MEDICAL']","['ENDOGENOUS', 'FOOD']","['ENDOGENOUS', 'FOOD', 'MEDICAL']","['ENDOGENOUS', 'FOOD', 'MEDICAL', 'PERSONAL CARE']"
3818,WIKIPEDIA,"['ENDOGENOUS', 'FOOD', 'MEDICAL']",['INFO'],"['ENDOGENOUS', 'FOOD', 'MEDICAL']","['ENDOGENOUS', 'FOOD', 'MEDICAL']"
3819,WIKIPEDIA,['INFO'],['INFO'],"['ENDOGENOUS', 'FOOD', 'MEDICAL']","['ENDOGENOUS', 'FOOD', 'MEDICAL']"
3820,WIKIPEDIA,['INFO'],['MEDICAL'],['MEDICAL'],['INFO']
3821,WIKIPEDIA,['MEDICAL'],['MEDICAL'],['MEDICAL'],['MEDICAL']
3822,WIKIPEDIA,"['FOOD', 'MEDICAL']",['INFO'],['INFO'],['INFO']
3823,WIKIPEDIA,['FOOD'],"['FOOD', 'INDUSTRIAL']",['FOOD'],['INFO']
3824,WIKIPEDIA,"['ENDOGENOUS', 'MEDICAL']","['ENDOGENOUS', 'MEDICAL']",['ENDOGENOUS'],"['ENDOGENOUS', 'MEDICAL']"
3825,WIKIPEDIA,['MEDICAL'],['MEDICAL'],['MEDICAL'],['MEDICAL']
3826,WIKIPEDIA,"['FOOD', 'INDUSTRIAL']",['INFO'],"['FOOD', 'PERSONAL CARE', 'INDUSTRIAL']","['FOOD', 'PERSONAL CARE', 'INDUSTRIAL']"
3827,PUBMED,['MEDICAL'],['INFO'],['MEDICAL'],['INFO']
3828,WIKIPEDIA,"['MEDICAL', 'INDUSTRIAL']",['INFO'],['INFO'],['INFO']
3829,WIKIPEDIA,['MEDICAL'],['INFO'],"['MEDICAL', 'PERSONAL CARE']","['MEDICAL', 'PERSONAL CARE']"
3830,WIKIPEDIA,['MEDICAL'],['MEDICAL'],['INFO'],['INFO']
3831,WIKIPEDIA,"['INDUSTRIAL', 'PERSONAL CARE']",['INDUSTRIAL'],"['INDUSTRIAL', 'PERSONAL CARE']","['INDUSTRIAL', 'PERSONAL CARE']"
3832,PUBMED,['MEDICAL'],['MEDICAL'],['MEDICAL'],['MEDICAL']
3833,WIKIPEDIA,"['MEDICAL', 'FOOD']",['MEDICAL'],"['MEDICAL', 'FOOD']",['MEDICAL']
3834,PUBMED,['MEDICAL'],['INFO'],['INFO'],['INFO']
3835,WIKIPEDIA,['MEDICAL'],['INFO'],['MEDICAL'],['MEDICAL']
3836,WIKIPEDIA,"['MEDICAL', 'ENDOGENOUS']",['INFO'],"['MEDICAL', 'ENDOGENOUS']",['INFO']
3837,PUBMED,['INFO'],['INFO'],['INFO'],['INFO']
3838,WIKIPEDIA,['MEDICAL'],['MEDICAL'],['MEDICAL'],['MEDICAL']
3839,WIKIPEDIA,['MEDICAL'],['MEDICAL'],['MEDICAL'],['MEDICAL']
3840,PUBMED,['MEDICAL'],['INFO'],['MEDICAL'],['INFO']
3841,WIKIPEDIA,"['ENDOGENOUS', 'MEDICAL']",['ENDOGENOUS'],['ENDOGENOUS'],['ENDOGENOUS']
3842,WIKIPEDIA,['MEDICAL'],"['MEDICAL', 'INDUSTRIAL']",['MEDICAL'],['MEDICAL']
3843,WIKIPEDIA,['MEDICAL'],['MEDICAL'],['MEDICAL'],['MEDICAL']
3844,WIKIPEDIA,['MEDICAL'],['INFO'],['MEDICAL'],['MEDICAL']
3845,WIKIPEDIA,['ENDOGENOUS'],['ENDOGENOUS'],['ENDOGENOUS'],['ENDOGENOUS']
3846,WIKIPEDIA,['MEDICAL'],['MEDICAL'],['MEDICAL'],['MEDICAL']
3847,WIKIPEDIA,['MEDICAL'],['INFO'],['MEDICAL'],['INFO']
3848,WIKIPEDIA,"['ENDOGENOUS', 'MEDICAL']",['INFO'],['ENDOGENOUS'],['INFO']
3849,WIKIPEDIA,['MEDICAL'],['MEDICAL'],['MEDICAL'],['MEDICAL']
3850,WIKIPEDIA,['MEDICAL'],['MEDICAL'],['MEDICAL'],['MEDICAL']
3851,WIKIPEDIA,"['MEDICAL', 'INDUSTRIAL']","['MEDICAL', 'INDUSTRIAL']",['INFO'],['INFO']
3852,WIKIPEDIA,"['MEDICAL', 'INDUSTRIAL']",['MEDICAL'],['INFO'],['INFO']
3853,PUBMED,['MEDICAL'],['INFO'],['MEDICAL'],['INFO']
3854,PUBMED,['INFO'],"['MEDICAL', 'INDUSTRIAL']","['MEDICAL', 'INDUSTRIAL']",['INFO']
3855,WIKIPEDIA,['MEDICAL'],['INFO'],['MEDICAL'],['INFO']
3856,WIKIPEDIA,['MEDICAL'],['MEDICAL'],"['MEDICAL', 'ENDOGENOUS']",['INFO']
3857,WIKIPEDIA,['MEDICAL'],['MEDICAL'],['MEDICAL'],['MEDICAL']
3858,PUBMED,"['MEDICAL', 'INFO']",['FOOD'],['INFO'],['FOOD']
3859,,['INFO'],['MEDICAL'],['INFO'],['INFO']
3860,WIKIPEDIA,['MEDICAL'],['MEDICAL'],['MEDICAL'],['MEDICAL']
3861,WIKIPEDIA,['INDUSTRIAL'],['INDUSTRIAL'],['INDUSTRIAL'],['INDUSTRIAL']
3862,PUBMED,"['MEDICAL', 'ENDOGENOUS']","['MEDICAL', 'ENDOGENOUS', 'FOOD']",['MEDICAL'],"['MEDICAL', 'FOOD']"
3863,WIKIPEDIA,['MEDICAL'],['MEDICAL'],['MEDICAL'],['MEDICAL']
3864,PUBMED,['INFO'],['INFO'],['INFO'],['INFO']
3865,WIKIPEDIA,['MEDICAL'],['MEDICAL'],['MEDICAL'],['MEDICAL']
3866,WIKIPEDIA,['MEDICAL'],['MEDICAL'],['MEDICAL'],['MEDICAL']
3867,PUBMED,['MEDICAL'],['MEDICAL'],"['MEDICAL', 'INDUSTRIAL']",['MEDICAL']
3868,WIKIPEDIA,['MEDICAL'],['INFO'],['INFO'],['MEDICAL']
3869,WIKIPEDIA,['INDUSTRIAL'],['INFO'],['INFO'],['INFO']
3870,WIKIPEDIA,"['MEDICAL', 'INDUSTRIAL']",['INFO'],"['MEDICAL', 'INDUSTRIAL']",['MEDICAL']
3871,WIKIPEDIA,['MEDICAL'],['MEDICAL'],['MEDICAL'],['INFO']
3872,PUBMED,['MEDICAL'],['INFO'],['MEDICAL'],['INFO']
3873,WIKIPEDIA,"['FOOD', 'INDUSTRIAL']",['FOOD'],"['FOOD', 'INDUSTRIAL']",['FOOD']
3874,WIKIPEDIA,"['FOOD', 'ENDOGENOUS', 'INDUSTRIAL']","['ENDOGENOUS', 'FOOD']","['ENDOGENOUS', 'FOOD', 'PERSONAL CARE', 'INDUSTRIAL']","['ENDOGENOUS', 'FOOD', 'PERSONAL CARE', 'INDUSTRIAL']"
3875,WIKIPEDIA,"['INDUSTRIAL', 'MEDICAL']",['INDUSTRIAL'],['INDUSTRIAL'],['INDUSTRIAL']
3876,WIKIPEDIA,['MEDICAL'],['MEDICAL'],['MEDICAL'],['MEDICAL']
3877,PUBMED,"['MEDICAL', 'INDUSTRIAL']",['MEDICAL'],['INFO'],['INFO']
3878,WIKIPEDIA,"['INDUSTRIAL', 'MEDICAL', 'ENDOGENOUS']","['ENDOGENOUS', 'INDUSTRIAL']","['INDUSTRIAL', 'ENDOGENOUS', 'MEDICAL', 'PERSONAL CARE']","['MEDICAL', 'INDUSTRIAL', 'PERSONAL CARE']"
3879,WIKIPEDIA,['MEDICAL'],['INFO'],['MEDICAL'],['INFO']
3880,WIKIPEDIA,"['FOOD', 'INDUSTRIAL']",['INFO'],"['FOOD', 'INDUSTRIAL']",['INFO']
3881,WIKIPEDIA,['MEDICAL'],['MEDICAL'],['MEDICAL'],['MEDICAL']
3882,WIKIPEDIA,['INFO'],['INFO'],['INFO'],['INFO']
3883,WIKIPEDIA,['INFO'],['INFO'],['INFO'],['INFO']
3884,WIKIPEDIA,"['INFO', 'MEDICAL']",['INFO'],['MEDICAL'],['INFO']
3885,WIKIPEDIA,['MEDICAL'],['MEDICAL'],['MEDICAL'],['INFO']
3886,WIKIPEDIA,['MEDICAL'],['MEDICAL'],['MEDICAL'],['MEDICAL']
3887,WIKIPEDIA,['MEDICAL'],['MEDICAL'],['MEDICAL'],['INFO']
3888,WIKIPEDIA,"['FOOD', 'PERSONAL CARE', 'INDUSTRIAL']","['FOOD', 'INDUSTRIAL', 'PERSONAL CARE']","['FOOD', 'PERSONAL CARE', 'INDUSTRIAL']","['FOOD', 'PERSONAL CARE', 'INDUSTRIAL']"
3889,WIKIPEDIA,['MEDICAL'],['MEDICAL'],['MEDICAL'],['MEDICAL']
3890,PUBMED,['MEDICAL'],['INFO'],['INFO'],['INFO']
3891,WIKIPEDIA,['MEDICAL'],['MEDICAL'],['MEDICAL'],['MEDICAL']
3892,WIKIPEDIA,"['MEDICAL', 'INDUSTRIAL']",['INFO'],['MEDICAL'],['INFO']
3893,WIKIPEDIA,['MEDICAL'],['MEDICAL'],['MEDICAL'],['MEDICAL']
3894,WIKIPEDIA,['MEDICAL'],['MEDICAL'],['MEDICAL'],['MEDICAL']
3895,WIKIPEDIA,['INFO'],['INFO'],['INFO'],['INFO']
3896,WIKIPEDIA,['MEDICAL'],['MEDICAL'],['INFO'],['INFO']
3897,PUBMED,"['MEDICAL', 'PERSONAL CARE']","['MEDICAL', 'PERSONAL CARE']","['MEDICAL', 'PERSONAL CARE']","['MEDICAL', 'PERSONAL CARE', 'INDUSTRIAL']"
3898,WIKIPEDIA,['INFO'],['FOOD'],['INFO'],['INFO']
3899,,['INFO'],['MEDICAL'],['INFO'],['MEDICAL']
3900,WIKIPEDIA,['ENDOGENOUS'],['ENDOGENOUS'],['INFO'],['ENDOGENOUS']
3901,WIKIPEDIA,"['MEDICAL', 'INDUSTRIAL']",['INFO'],['INFO'],['INFO']
3902,PUBMED,['MEDICAL'],['MEDICAL'],['MEDICAL'],['INFO']
3903,PUBMED,['MEDICAL'],['INFO'],['MEDICAL'],['INFO']
3904,WIKIPEDIA,['MEDICAL'],['MEDICAL'],['MEDICAL'],['MEDICAL']
3905,WIKIPEDIA,['MEDICAL'],['INFO'],['MEDICAL'],['INFO']
3906,WIKIPEDIA,['MEDICAL'],['MEDICAL'],['INFO'],['INFO']
3907,WIKIPEDIA,['MEDICAL'],['INFO'],['MEDICAL'],['INFO']
3908,WIKIPEDIA,['MEDICAL'],['MEDICAL'],['INFO'],['INFO']
3909,WIKIPEDIA,"['FOOD', 'INDUSTRIAL', 'PERSONAL CARE']","['FOOD', 'INDUSTRIAL']","['FOOD', 'PERSONAL CARE', 'INDUSTRIAL']",['INFO']
3910,WIKIPEDIA,['MEDICAL'],['MEDICAL'],['MEDICAL'],['INFO']
3911,WIKIPEDIA,['MEDICAL'],['MEDICAL'],['MEDICAL'],['MEDICAL']
3912,WIKIPEDIA,"['MEDICAL', 'ENDOGENOUS']",['INFO'],['INFO'],['INFO']
3913,WIKIPEDIA,['MEDICAL'],['MEDICAL'],['MEDICAL'],['MEDICAL']
3914,PUBMED,['MEDICAL'],['MEDICAL'],['MEDICAL'],['INFO']
3915,PUBMED,['INFO'],['INFO'],['INFO'],['INFO']
3916,WIKIPEDIA,['MEDICAL'],['MEDICAL'],['MEDICAL'],['INFO']
3917,PUBMED,"['MEDICAL', 'INDUSTRIAL']",['MEDICAL'],['MEDICAL'],['MEDICAL']
3918,WIKIPEDIA,['MEDICAL'],['INFO'],['MEDICAL'],['MEDICAL']
3919,WIKIPEDIA,['MEDICAL'],['MEDICAL'],['MEDICAL'],['INFO']
3920,WIKIPEDIA,['MEDICAL'],['MEDICAL'],['MEDICAL'],['MEDICAL']
3921,WIKIPEDIA,['MEDICAL'],['MEDICAL'],['MEDICAL'],['MEDICAL']
3922,WIKIPEDIA,['MEDICAL'],['MEDICAL'],['MEDICAL'],['MEDICAL']
3923,WIKIPEDIA,"['MEDICAL', 'PERSONAL CARE']","['MEDICAL', 'PERSONAL CARE']","['MEDICAL', 'INDUSTRIAL']","['MEDICAL', 'PERSONAL CARE']"
3924,PUBMED,['MEDICAL'],['MEDICAL'],"['MEDICAL', 'INDUSTRIAL']",['MEDICAL']
3925,PUBMED,"['ENDOGENOUS', 'FOOD', 'MEDICAL']","['ENDOGENOUS', 'FOOD', 'MEDICAL']","['ENDOGENOUS', 'FOOD', 'PERSONAL CARE']","['ENDOGENOUS', 'FOOD', 'PERSONAL CARE']"
3926,WIKIPEDIA,"['ENDOGENOUS', 'FOOD']","['ENDOGENOUS', 'MEDICAL', 'FOOD']","['ENDOGENOUS', 'FOOD', 'PERSONAL CARE']","['ENDOGENOUS', 'FOOD', 'PERSONAL CARE']"
3927,WIKIPEDIA,['MEDICAL'],['MEDICAL'],['MEDICAL'],['MEDICAL']
3928,WIKIPEDIA,['MEDICAL'],['MEDICAL'],['MEDICAL'],['MEDICAL']
3929,WIKIPEDIA,"['FOOD', 'MEDICAL', 'PERSONAL CARE']",['FOOD'],"['FOOD', 'MEDICAL', 'PERSONAL CARE']","['FOOD', 'PERSONAL CARE', 'MEDICAL']"
3930,WIKIPEDIA,['MEDICAL'],['INFO'],['MEDICAL'],['MEDICAL']
3931,WIKIPEDIA,['MEDICAL'],['INFO'],['MEDICAL'],['MEDICAL']
3932,WIKIPEDIA,['MEDICAL'],['MEDICAL'],['MEDICAL'],['MEDICAL']
3933,PUBMED,['INFO'],['INFO'],['INFO'],['INDUSTRIAL']
3934,WIKIPEDIA,['MEDICAL'],['INFO'],['MEDICAL'],['INFO']
3935,WIKIPEDIA,['MEDICAL'],['MEDICAL'],['MEDICAL'],['MEDICAL']
3936,PUBMED,['MEDICAL'],['MEDICAL'],['MEDICAL'],['INFO']
3937,WIKIPEDIA,['MEDICAL'],['MEDICAL'],['MEDICAL'],['INFO']
3938,WIKIPEDIA,['MEDICAL'],['INFO'],['MEDICAL'],['MEDICAL']
3939,WIKIPEDIA,"['MEDICAL', 'ENDOGENOUS']","['MEDICAL', 'FOOD']","['MEDICAL', 'FOOD']",['MEDICAL']
3940,PUBMED,"['MEDICAL', 'ENDOGENOUS']",['MEDICAL'],['MEDICAL'],['MEDICAL']
3941,WIKIPEDIA,['MEDICAL'],['MEDICAL'],['MEDICAL'],"['MEDICAL', 'ENDOGENOUS', 'FOOD']"
3942,PUBMED,['MEDICAL'],['MEDICAL'],['MEDICAL'],['INFO']
3943,PUBMED,['MEDICAL'],['MEDICAL'],['MEDICAL'],['MEDICAL']
3944,PUBMED,['INFO'],['MEDICAL'],['INFO'],['INFO']
3945,WIKIPEDIA,['MEDICAL'],['MEDICAL'],['MEDICAL'],['MEDICAL']
3946,WIKIPEDIA,['MEDICAL'],['MEDICAL'],['MEDICAL'],['MEDICAL']
3947,PUBMED,['MEDICAL'],['MEDICAL'],['MEDICAL'],['MEDICAL']
3948,PUBMED,['INFO'],['INFO'],['INFO'],['INFO']
3949,WIKIPEDIA,['MEDICAL'],['INFO'],['MEDICAL'],['INFO']
3950,WIKIPEDIA,['MEDICAL'],['INFO'],['MEDICAL'],['MEDICAL']
3951,PUBMED,['MEDICAL'],['MEDICAL'],['MEDICAL'],['MEDICAL']
3952,PUBMED,['MEDICAL'],['MEDICAL'],['MEDICAL'],['MEDICAL']
3953,WIKIPEDIA,['MEDICAL'],['MEDICAL'],['MEDICAL'],['MEDICAL']
3954,WIKIPEDIA,['MEDICAL'],['INFO'],['MEDICAL'],"['MEDICAL', 'FOOD']"
3955,PUBMED,"['MEDICAL', 'INDUSTRIAL']",['INFO'],['INFO'],['INFO']
3956,PUBMED,['MEDICAL'],['MEDICAL'],['MEDICAL'],['MEDICAL']
3957,PUBMED,['MEDICAL'],['MEDICAL'],['MEDICAL'],['INFO']
3958,WIKIPEDIA,['MEDICAL'],['MEDICAL'],['MEDICAL'],['MEDICAL']
3959,WIKIPEDIA,['MEDICAL'],['MEDICAL'],['MEDICAL'],['MEDICAL']
3960,WIKIPEDIA,"['MEDICAL', 'FOOD']","['MEDICAL', 'FOOD']",['MEDICAL'],['MEDICAL']
3961,WIKIPEDIA,['MEDICAL'],['MEDICAL'],['INFO'],"['MEDICAL', 'INDUSTRIAL']"
3962,PUBMED,['MEDICAL'],['MEDICAL'],['MEDICAL'],['MEDICAL']
3963,WIKIPEDIA,"['FOOD', 'MEDICAL', 'INDUSTRIAL']",['FOOD'],"['MEDICAL', 'FOOD', 'INDUSTRIAL']",['INFO']
3964,WIKIPEDIA,['INFO'],['INFO'],"['MEDICAL', 'ENDOGENOUS', 'FOOD', 'INDUSTRIAL']",['INFO']
3965,WIKIPEDIA,"['ENDOGENOUS', 'MEDICAL']","['ENDOGENOUS', 'MEDICAL']","['ENDOGENOUS', 'MEDICAL']","['ENDOGENOUS', 'MEDICAL']"
3966,WIKIPEDIA,['INFO'],['INFO'],['MEDICAL'],['INFO']
3967,WIKIPEDIA,['MEDICAL'],['MEDICAL'],['MEDICAL'],['MEDICAL']
3968,WIKIPEDIA,['MEDICAL'],['MEDICAL'],['MEDICAL'],['MEDICAL']
3969,PUBMED,['MEDICAL'],['INFO'],['MEDICAL'],['INFO']
3970,WIKIPEDIA,"['ENDOGENOUS', 'FOOD']","['ENDOGENOUS', 'FOOD']","['ENDOGENOUS', 'FOOD']",['ENDOGENOUS']
3971,WIKIPEDIA,"['FOOD', 'ENDOGENOUS']",['FOOD'],['FOOD'],['INFO']
3972,PUBMED,['MEDICAL'],['INFO'],['MEDICAL'],['INFO']
3973,WIKIPEDIA,['MEDICAL'],['MEDICAL'],['MEDICAL'],['MEDICAL']
3974,WIKIPEDIA,['MEDICAL'],['MEDICAL'],['MEDICAL'],['INFO']
3975,WIKIPEDIA,"['ENDOGENOUS', 'MEDICAL']",['ENDOGENOUS'],['ENDOGENOUS'],['ENDOGENOUS']
3976,PUBMED,['ENDOGENOUS'],['ENDOGENOUS'],['INFO'],"['ENDOGENOUS', 'MEDICAL', 'PERSONAL CARE']"
3977,WIKIPEDIA,['MEDICAL'],['MEDICAL'],['MEDICAL'],['MEDICAL']
3978,WIKIPEDIA,"['INDUSTRIAL', 'FOOD']","['INDUSTRIAL', 'FOOD']","['FOOD', 'INDUSTRIAL']","['INDUSTRIAL', 'PERSONAL CARE']"
3979,PUBMED,['MEDICAL'],['MEDICAL'],['MEDICAL'],['MEDICAL']
3980,PUBMED,['INDUSTRIAL'],['INFO'],['INFO'],['INFO']
3981,WIKIPEDIA,"['ENDOGENOUS', 'MEDICAL']",['ENDOGENOUS'],['ENDOGENOUS'],"['ENDOGENOUS', 'MEDICAL']"
3982,PUBMED,['ENDOGENOUS'],['ENDOGENOUS'],['ENDOGENOUS'],['ENDOGENOUS']
3983,WIKIPEDIA,"['FOOD', 'ENDOGENOUS']",['INFO'],"['ENDOGENOUS', 'FOOD', 'INDUSTRIAL']",['INFO']
3984,WIKIPEDIA,"['FOOD', 'PERSONAL CARE']","['FOOD', 'INDUSTRIAL', 'PERSONAL CARE']","['FOOD', 'PERSONAL CARE', 'INDUSTRIAL']","['FOOD', 'PERSONAL CARE', 'INDUSTRIAL']"
3985,PUBMED,['INFO'],['INFO'],['INFO'],"['FOOD', 'PERSONAL CARE']"
3986,PUBMED,['INFO'],['INFO'],['MEDICAL'],['INFO']
3987,PUBMED,"['MEDICAL', 'INDUSTRIAL']",['MEDICAL'],"['MEDICAL', 'PERSONAL CARE']",['INFO']
3988,PUBMED,['INFO'],['MEDICAL'],"['MEDICAL', 'PERSONAL CARE']",['INFO']
3989,WIKIPEDIA,['INFO'],['INFO'],['INFO'],['INFO']
3990,WIKIPEDIA,"['MEDICAL', 'FOOD', 'INFO']","['FOOD', 'MEDICAL']",['INFO'],"['MEDICAL', 'PERSONAL CARE']"
3991,PUBMED,['INFO'],['INFO'],"['MEDICAL', 'PERSONAL CARE']",['INFO']
3992,WIKIPEDIA,['MEDICAL'],['MEDICAL'],['MEDICAL'],['MEDICAL']
3993,WIKIPEDIA,['MEDICAL'],['MEDICAL'],['MEDICAL'],['MEDICAL']
3994,PUBMED,['MEDICAL'],['MEDICAL'],['MEDICAL'],['MEDICAL']
3995,PUBMED,['MEDICAL'],['INFO'],['MEDICAL'],['INFO']
3996,WIKIPEDIA,['MEDICAL'],['MEDICAL'],['MEDICAL'],['INFO']
3997,WIKIPEDIA,['MEDICAL'],['MEDICAL'],['MEDICAL'],['INFO']
3998,PUBMED,['MEDICAL'],['MEDICAL'],['MEDICAL'],['MEDICAL']
3999,WIKIPEDIA,['MEDICAL'],['MEDICAL'],['MEDICAL'],['MEDICAL']
4000,WIKIPEDIA,['MEDICAL'],['MEDICAL'],['MEDICAL'],['INFO']
4001,WIKIPEDIA,['MEDICAL'],['MEDICAL'],['MEDICAL'],['MEDICAL']
4002,WIKIPEDIA,['MEDICAL'],['MEDICAL'],['MEDICAL'],['MEDICAL']
4003,WIKIPEDIA,['MEDICAL'],['INFO'],['MEDICAL'],['MEDICAL']
4004,PUBMED,['ENDOGENOUS'],['ENDOGENOUS'],['INFO'],['INFO']
4005,PUBMED,['INFO'],['INFO'],['INFO'],['INFO']
4006,PUBMED,['MEDICAL'],['INFO'],['INFO'],['MEDICAL']
4007,WIKIPEDIA,['MEDICAL'],['MEDICAL'],['MEDICAL'],['MEDICAL']
4008,WIKIPEDIA,"['MEDICAL', 'ENDOGENOUS']",['MEDICAL'],"['MEDICAL', 'ENDOGENOUS']",['INFO']
4009,WIKIPEDIA,['MEDICAL'],['INFO'],['MEDICAL'],['MEDICAL']
4010,WIKIPEDIA,['MEDICAL'],['INFO'],['MEDICAL'],['MEDICAL']
4011,WIKIPEDIA,['INFO'],['MEDICAL'],['INFO'],['MEDICAL']
4012,PUBMED,['MEDICAL'],['MEDICAL'],['MEDICAL'],['INFO']
4013,WIKIPEDIA,['MEDICAL'],['MEDICAL'],['MEDICAL'],['MEDICAL']
4014,WIKIPEDIA,['MEDICAL'],['MEDICAL'],['MEDICAL'],['MEDICAL']
4015,WIKIPEDIA,"['MEDICAL', 'PERSONAL CARE']",['PERSONAL CARE'],['PERSONAL CARE'],"['MEDICAL', 'PERSONAL CARE']"
4016,WIKIPEDIA,['MEDICAL'],['INFO'],"['MEDICAL', 'PERSONAL CARE']",['MEDICAL']
4017,WIKIPEDIA,"['FOOD', 'MEDICAL']",['FOOD'],"['MEDICAL', 'FOOD']","['MEDICAL', 'PERSONAL CARE']"
4018,WIKIPEDIA,['MEDICAL'],['INFO'],['MEDICAL'],['INFO']
4019,WIKIPEDIA,['MEDICAL'],['INFO'],['INFO'],['INFO']
4020,WIKIPEDIA,['MEDICAL'],['MEDICAL'],['MEDICAL'],['INFO']
4021,WIKIPEDIA,['MEDICAL'],['MEDICAL'],['MEDICAL'],['INFO']
4022,PUBMED,['MEDICAL'],['MEDICAL'],['MEDICAL'],['MEDICAL']
4023,WIKIPEDIA,"['MEDICAL', 'FOOD', 'PERSONAL CARE']","['MEDICAL', 'INDUSTRIAL']","['MEDICAL', 'FOOD', 'PERSONAL CARE']",['INFO']
4024,WIKIPEDIA,['INFO'],['INFO'],['INFO'],['INFO']
4025,PUBMED,['INFO'],['INFO'],['INFO'],['INFO']
4026,WIKIPEDIA,['INFO'],['INFO'],['INFO'],['INFO']
4027,WIKIPEDIA,['MEDICAL'],['MEDICAL'],['MEDICAL'],['MEDICAL']
4028,PUBMED,['MEDICAL'],['MEDICAL'],['MEDICAL'],['MEDICAL']
4029,WIKIPEDIA,"['INFO', 'MEDICAL']",['INFO'],['MEDICAL'],['MEDICAL']
4030,WIKIPEDIA,['MEDICAL'],['INFO'],['MEDICAL'],['INFO']
4031,WIKIPEDIA,['MEDICAL'],['MEDICAL'],['MEDICAL'],['MEDICAL']
4032,PUBMED,['MEDICAL'],['MEDICAL'],['MEDICAL'],['INFO']
4033,WIKIPEDIA,['MEDICAL'],['MEDICAL'],['MEDICAL'],['MEDICAL']
4034,WIKIPEDIA,['MEDICAL'],['MEDICAL'],['MEDICAL'],['MEDICAL']
4035,WIKIPEDIA,['MEDICAL'],['MEDICAL'],['MEDICAL'],['MEDICAL']
4036,WIKIPEDIA,['MEDICAL'],['MEDICAL'],['MEDICAL'],['MEDICAL']
4037,WIKIPEDIA,"['FOOD', 'MEDICAL']","['FOOD', 'PERSONAL CARE', 'INDUSTRIAL']","['FOOD', 'PERSONAL CARE', 'INFO']",['INFO']
4038,PUBMED,['MEDICAL'],['MEDICAL'],['MEDICAL'],['MEDICAL']
4039,WIKIPEDIA,['MEDICAL'],['INFO'],['MEDICAL'],['INFO']
4040,WIKIPEDIA,['MEDICAL'],['MEDICAL'],['MEDICAL'],['INFO']
4041,WIKIPEDIA,['MEDICAL'],['MEDICAL'],['MEDICAL'],['MEDICAL']
4042,WIKIPEDIA,['MEDICAL'],['MEDICAL'],['MEDICAL'],['MEDICAL']
4043,WIKIPEDIA,['INFO'],['INFO'],['INFO'],['INFO']
4044,WIKIPEDIA,['MEDICAL'],['INFO'],['MEDICAL'],['INFO']
4045,WIKIPEDIA,"['INDUSTRIAL', 'MEDICAL']",['INDUSTRIAL'],['INDUSTRIAL'],"['INDUSTRIAL', 'PERSONAL CARE']"
4046,WIKIPEDIA,['MEDICAL'],['MEDICAL'],['MEDICAL'],['INFO']
4047,WIKIPEDIA,['MEDICAL'],['INFO'],['MEDICAL'],['INFO']
4048,PUBMED,"['MEDICAL', 'INFO']","['MEDICAL', 'FOOD']",['INFO'],['INFO']
4049,WIKIPEDIA,['FOOD'],['FOOD'],['FOOD'],"['FOOD', 'PERSONAL CARE', 'MEDICAL', 'INDUSTRIAL']"
4050,WIKIPEDIA,['INFO'],['INFO'],['INFO'],['INFO']
4051,WIKIPEDIA,['MEDICAL'],['MEDICAL'],['MEDICAL'],['MEDICAL']
4052,WIKIPEDIA,['MEDICAL'],['MEDICAL'],['MEDICAL'],['MEDICAL']
4053,WIKIPEDIA,['MEDICAL'],['MEDICAL'],['MEDICAL'],['MEDICAL']
4054,WIKIPEDIA,['MEDICAL'],['MEDICAL'],['MEDICAL'],['MEDICAL']
4055,WIKIPEDIA,['MEDICAL'],['INFO'],['MEDICAL'],['MEDICAL']
4056,WIKIPEDIA,['MEDICAL'],['INFO'],['INFO'],['INFO']
4057,WIKIPEDIA,"['FOOD', 'PERSONAL CARE', 'INDUSTRIAL']","['FOOD', 'PERSONAL CARE']","['FOOD', 'PERSONAL CARE', 'INDUSTRIAL']","['FOOD', 'PERSONAL CARE', 'INDUSTRIAL']"
4058,WIKIPEDIA,"['INDUSTRIAL', 'MEDICAL']",['INFO'],['INDUSTRIAL'],['INFO']
4059,WIKIPEDIA,['MEDICAL'],['MEDICAL'],['MEDICAL'],['MEDICAL']
4060,WIKIPEDIA,"['PERSONAL CARE', 'INDUSTRIAL']","['INDUSTRIAL', 'PERSONAL CARE']","['INDUSTRIAL', 'PERSONAL CARE']","['PERSONAL CARE', 'INDUSTRIAL']"
4061,WIKIPEDIA,['INFO'],['INFO'],['MEDICAL'],['MEDICAL']
4062,WIKIPEDIA,['MEDICAL'],['MEDICAL'],['MEDICAL'],['MEDICAL']
4063,WIKIPEDIA,['MEDICAL'],['MEDICAL'],['MEDICAL'],['MEDICAL']
4064,WIKIPEDIA,['MEDICAL'],['MEDICAL'],['MEDICAL'],['MEDICAL']
4065,WIKIPEDIA,['MEDICAL'],['MEDICAL'],['MEDICAL'],['INFO']
4066,WIKIPEDIA,['MEDICAL'],['MEDICAL'],['MEDICAL'],['INFO']
4067,WIKIPEDIA,['MEDICAL'],['MEDICAL'],['MEDICAL'],['MEDICAL']
4068,WIKIPEDIA,['MEDICAL'],['MEDICAL'],['MEDICAL'],['MEDICAL']
4069,WIKIPEDIA,['MEDICAL'],['INFO'],['MEDICAL'],['INFO']
4070,,['INFO'],['INFO'],['INFO'],['MEDICAL']
4071,,['INFO'],"['ENDOGENOUS', 'MEDICAL']",['INFO'],"['ENDOGENOUS', 'MEDICAL']"
4072,WIKIPEDIA,"['INFO', 'MEDICAL', 'ENDOGENOUS']",['INFO'],"['MEDICAL', 'ENDOGENOUS']",['INFO']
4073,WIKIPEDIA,['MEDICAL'],['MEDICAL'],['MEDICAL'],['MEDICAL']
4074,WIKIPEDIA,['MEDICAL'],['INFO'],['MEDICAL'],['MEDICAL']
4075,PUBMED,['MEDICAL'],['MEDICAL'],['MEDICAL'],['INFO']
4076,WIKIPEDIA,['MEDICAL'],['MEDICAL'],['MEDICAL'],['MEDICAL']
4077,WIKIPEDIA,['MEDICAL'],['MEDICAL'],['MEDICAL'],['MEDICAL']
4078,PUBMED,['MEDICAL'],['INFO'],['MEDICAL'],['INFO']
4079,WIKIPEDIA,['MEDICAL'],['MEDICAL'],['MEDICAL'],['MEDICAL']
4080,PUBMED,"['FOOD', 'ENDOGENOUS', 'MEDICAL']",['INFO'],['FOOD'],['INFO']
4081,WIKIPEDIA,['MEDICAL'],['INFO'],['MEDICAL'],['MEDICAL']
4082,WIKIPEDIA,"['INFO', 'MEDICAL']",['INFO'],['INFO'],['INFO']
4083,WIKIPEDIA,['MEDICAL'],['MEDICAL'],['MEDICAL'],['MEDICAL']
4084,WIKIPEDIA,['INDUSTRIAL'],['INFO'],['INFO'],['INFO']
4085,WIKIPEDIA,['MEDICAL'],['MEDICAL'],['MEDICAL'],['MEDICAL']
4086,WIKIPEDIA,['MEDICAL'],['MEDICAL'],['MEDICAL'],['INFO']
4087,WIKIPEDIA,['MEDICAL'],['MEDICAL'],['MEDICAL'],['MEDICAL']
4088,PUBMED,['MEDICAL'],['INFO'],['MEDICAL'],['INFO']
4089,WIKIPEDIA,['MEDICAL'],['MEDICAL'],['MEDICAL'],['MEDICAL']
4090,WIKIPEDIA,['MEDICAL'],['MEDICAL'],['MEDICAL'],['MEDICAL']
4091,WIKIPEDIA,['MEDICAL'],['MEDICAL'],['MEDICAL'],['MEDICAL']
4092,WIKIPEDIA,"['MEDICAL', 'FOOD']","['FOOD', 'INDUSTRIAL']","['MEDICAL', 'FOOD', 'INDUSTRIAL']","['MEDICAL', 'FOOD', 'PERSONAL CARE']"
4093,WIKIPEDIA,['INFO'],['FOOD'],['INFO'],['INFO']
4094,PUBMED,['MEDICAL'],['MEDICAL'],['MEDICAL'],['INFO']
4095,WIKIPEDIA,['MEDICAL'],['MEDICAL'],['MEDICAL'],['MEDICAL']
4096,PUBMED,['INDUSTRIAL'],['INFO'],['INFO'],['INFO']
4097,WIKIPEDIA,['MEDICAL'],['MEDICAL'],['MEDICAL'],['MEDICAL']
4098,WIKIPEDIA,['MEDICAL'],['INFO'],['MEDICAL'],['MEDICAL']
4099,PUBMED,['MEDICAL'],['MEDICAL'],['MEDICAL'],['MEDICAL']
4100,WIKIPEDIA,['MEDICAL'],['MEDICAL'],['MEDICAL'],['INFO']
4101,WIKIPEDIA,['MEDICAL'],['MEDICAL'],['MEDICAL'],['MEDICAL']
4102,WIKIPEDIA,"['FOOD', 'INDUSTRIAL']","['FOOD', 'INDUSTRIAL']","['FOOD', 'INDUSTRIAL', 'PERSONAL CARE', 'MEDICAL']","['FOOD', 'INDUSTRIAL']"
4103,WIKIPEDIA,"['MEDICAL', 'ENDOGENOUS']","['MEDICAL', 'ENDOGENOUS']","['MEDICAL', 'ENDOGENOUS']","['MEDICAL', 'ENDOGENOUS']"
4104,PUBMED,"['MEDICAL', 'INDUSTRIAL']",['MEDICAL'],['MEDICAL'],['MEDICAL']
4105,WIKIPEDIA,"['FOOD', 'INDUSTRIAL']",['INFO'],"['FOOD', 'INDUSTRIAL', 'PERSONAL CARE', 'MEDICAL']","['FOOD', 'PERSONAL CARE']"
4106,WIKIPEDIA,"['FOOD', 'INDUSTRIAL']",['FOOD'],"['FOOD', 'INDUSTRIAL']",['INFO']
4107,WIKIPEDIA,['MEDICAL'],['INFO'],['MEDICAL'],['MEDICAL']
4108,WIKIPEDIA,['MEDICAL'],['MEDICAL'],['MEDICAL'],['MEDICAL']
4109,WIKIPEDIA,['MEDICAL'],['MEDICAL'],['MEDICAL'],['INFO']
4110,PUBMED,['MEDICAL'],['MEDICAL'],['MEDICAL'],['MEDICAL']
4111,WIKIPEDIA,['MEDICAL'],['MEDICAL'],['MEDICAL'],['INFO']
4112,PUBMED,['MEDICAL'],['MEDICAL'],['MEDICAL'],['INFO']
4113,WIKIPEDIA,['MEDICAL'],['INFO'],['MEDICAL'],['INFO']
4114,PUBMED,['MEDICAL'],['MEDICAL'],['MEDICAL'],['MEDICAL']
4115,WIKIPEDIA,['MEDICAL'],['MEDICAL'],['MEDICAL'],['MEDICAL']
4116,WIKIPEDIA,"['MEDICAL', 'FOOD']",['INFO'],"['MEDICAL', 'FOOD', 'INDUSTRIAL']","['MEDICAL', 'FOOD']"
4117,PUBMED,['INFO'],['ENDOGENOUS'],['INFO'],"['ENDOGENOUS', 'MEDICAL']"
4118,WIKIPEDIA,['MEDICAL'],['MEDICAL'],['MEDICAL'],['MEDICAL']
4119,PUBMED,['MEDICAL'],['MEDICAL'],['MEDICAL'],['INFO']
4120,WIKIPEDIA,"['MEDICAL', 'FOOD', 'PERSONAL CARE']",['INFO'],"['MEDICAL', 'ENDOGENOUS', 'FOOD', 'PERSONAL CARE', 'INDUSTRIAL']","['MEDICAL', 'FOOD']"
4121,PUBMED,"['MEDICAL', 'PERSONAL CARE', 'FOOD', 'ENDOGENOUS']","['ENDOGENOUS', 'FOOD', 'PERSONAL CARE']","['MEDICAL', 'PERSONAL CARE', 'FOOD']","['MEDICAL', 'FOOD', 'PERSONAL CARE']"
4122,WIKIPEDIA,['MEDICAL'],['MEDICAL'],['MEDICAL'],['INFO']
4123,PUBMED,['INFO'],"['MEDICAL', 'FOOD']",['INFO'],"['FOOD', 'MEDICAL']"
4124,WIKIPEDIA,['MEDICAL'],['MEDICAL'],['MEDICAL'],['MEDICAL']
4125,WIKIPEDIA,['MEDICAL'],['MEDICAL'],['MEDICAL'],['MEDICAL']
4126,WIKIPEDIA,"['INDUSTRIAL', 'MEDICAL', 'FOOD']",['INFO'],"['INDUSTRIAL', 'FOOD', 'MEDICAL']",['INFO']
4127,PUBMED,['MEDICAL'],['MEDICAL'],['MEDICAL'],['MEDICAL']
4128,PUBMED,['MEDICAL'],['MEDICAL'],['MEDICAL'],['MEDICAL']
4129,WIKIPEDIA,['MEDICAL'],['INFO'],['MEDICAL'],['MEDICAL']
4130,WIKIPEDIA,['MEDICAL'],['INFO'],['MEDICAL'],['MEDICAL']
4131,PUBMED,['MEDICAL'],['MEDICAL'],['MEDICAL'],['INFO']
4132,WIKIPEDIA,['MEDICAL'],['MEDICAL'],['MEDICAL'],['MEDICAL']
4133,WIKIPEDIA,['MEDICAL'],['MEDICAL'],['MEDICAL'],['MEDICAL']
4134,PUBMED,['MEDICAL'],['INFO'],['INFO'],['INFO']
4135,WIKIPEDIA,['MEDICAL'],['INFO'],['MEDICAL'],['INFO']
4136,WIKIPEDIA,['MEDICAL'],['MEDICAL'],['MEDICAL'],['MEDICAL']
4137,WIKIPEDIA,"['MEDICAL', 'PERSONAL CARE']",['INFO'],['INFO'],['INFO']
4138,WIKIPEDIA,['INDUSTRIAL'],['INFO'],['INFO'],['INFO']
4139,PUBMED,['MEDICAL'],['INFO'],['MEDICAL'],['MEDICAL']
4140,WIKIPEDIA,['MEDICAL'],['MEDICAL'],['MEDICAL'],['MEDICAL']
4141,WIKIPEDIA,['MEDICAL'],['MEDICAL'],['MEDICAL'],['INFO']
4142,WIKIPEDIA,['MEDICAL'],['MEDICAL'],['MEDICAL'],['MEDICAL']
4143,WIKIPEDIA,['MEDICAL'],['MEDICAL'],['MEDICAL'],['MEDICAL']
4144,WIKIPEDIA,['MEDICAL'],['MEDICAL'],['MEDICAL'],['MEDICAL']
4145,WIKIPEDIA,['MEDICAL'],['MEDICAL'],['INFO'],['INFO']
4146,WIKIPEDIA,['INFO'],['INFO'],['MEDICAL'],['INFO']
4147,WIKIPEDIA,['MEDICAL'],['MEDICAL'],['MEDICAL'],['MEDICAL']
4148,WIKIPEDIA,['MEDICAL'],['MEDICAL'],['MEDICAL'],['MEDICAL']
4149,WIKIPEDIA,"['MEDICAL', 'INDUSTRIAL']",['INFO'],"['INDUSTRIAL', 'MEDICAL']",['INFO']
4150,WIKIPEDIA,['MEDICAL'],['INFO'],['MEDICAL'],['MEDICAL']
4151,PUBMED,['INFO'],"['FOOD', 'PERSONAL CARE']","['MEDICAL', 'FOOD', 'PERSONAL CARE']","['FOOD', 'PERSONAL CARE']"
4152,WIKIPEDIA,['INFO'],['INFO'],['INFO'],['INFO']
4153,PUBMED,['INFO'],['INFO'],['INFO'],['INFO']
4154,WIKIPEDIA,['MEDICAL'],['INFO'],['MEDICAL'],['INFO']
4155,WIKIPEDIA,['MEDICAL'],['MEDICAL'],['MEDICAL'],['MEDICAL']
4156,WIKIPEDIA,['INDUSTRIAL'],['INFO'],['INFO'],['INFO']
4157,WIKIPEDIA,['MEDICAL'],['MEDICAL'],['MEDICAL'],['MEDICAL']
4158,WIKIPEDIA,"['INDUSTRIAL', 'PERSONAL CARE', 'MEDICAL']",['INDUSTRIAL'],"['INDUSTRIAL', 'PERSONAL CARE', 'MEDICAL']","['INDUSTRIAL', 'PERSONAL CARE']"
4159,WIKIPEDIA,['MEDICAL'],['INFO'],['MEDICAL'],['INFO']
4160,PUBMED,['INFO'],['FOOD'],['INFO'],['INFO']
4161,PUBMED,['MEDICAL'],['MEDICAL'],['MEDICAL'],['INFO']
4162,WIKIPEDIA,['MEDICAL'],['INFO'],['MEDICAL'],['MEDICAL']
4163,WIKIPEDIA,"['MEDICAL', 'INDUSTRIAL']",['INFO'],"['MEDICAL', 'INDUSTRIAL']",['MEDICAL']
4164,PUBMED,['MEDICAL'],['MEDICAL'],['MEDICAL'],['INFO']
4165,PUBMED,['INFO'],['INFO'],['INFO'],['INFO']
4166,WIKIPEDIA,['MEDICAL'],['MEDICAL'],['MEDICAL'],['MEDICAL']
4167,WIKIPEDIA,['MEDICAL'],['INFO'],['MEDICAL'],['MEDICAL']
4168,PUBMED,['MEDICAL'],['MEDICAL'],['MEDICAL'],['MEDICAL']
4169,WIKIPEDIA,['MEDICAL'],['MEDICAL'],['MEDICAL'],['MEDICAL']
4170,WIKIPEDIA,['MEDICAL'],['MEDICAL'],['MEDICAL'],['INFO']
4171,WIKIPEDIA,['MEDICAL'],['INFO'],"['INFO', 'MEDICAL']",['INFO']
4172,WIKIPEDIA,"['FOOD', 'ENDOGENOUS']",['INFO'],['INFO'],['INFO']
4173,WIKIPEDIA,['INDUSTRIAL'],['INFO'],['INDUSTRIAL'],['INFO']
4174,PUBMED,['MEDICAL'],['MEDICAL'],['MEDICAL'],['MEDICAL']
4175,WIKIPEDIA,['MEDICAL'],['MEDICAL'],['INFO'],['INFO']
4176,PUBMED,['MEDICAL'],['MEDICAL'],['MEDICAL'],['MEDICAL']
4177,WIKIPEDIA,['MEDICAL'],['MEDICAL'],['MEDICAL'],['MEDICAL']
4178,PUBMED,['MEDICAL'],['MEDICAL'],['MEDICAL'],['MEDICAL']
4179,WIKIPEDIA,"['MEDICAL', 'INDUSTRIAL']",['MEDICAL'],"['MEDICAL', 'INDUSTRIAL']",['INFO']
4180,PUBMED,['MEDICAL'],['MEDICAL'],['MEDICAL'],"['MEDICAL', 'INDUSTRIAL']"
4181,WIKIPEDIA,['MEDICAL'],['MEDICAL'],['MEDICAL'],['MEDICAL']
4182,PUBMED,['MEDICAL'],['MEDICAL'],['MEDICAL'],['MEDICAL']
4183,PUBMED,['MEDICAL'],['MEDICAL'],['MEDICAL'],['MEDICAL']
4184,WIKIPEDIA,"['FOOD', 'INFO']",['FOOD'],['FOOD'],['INFO']
4185,WIKIPEDIA,['MEDICAL'],['MEDICAL'],['MEDICAL'],['MEDICAL']
4186,WIKIPEDIA,['MEDICAL'],['MEDICAL'],['MEDICAL'],['MEDICAL']
4187,WIKIPEDIA,['INFO'],['INFO'],['INFO'],['INFO']
4188,,['MEDICAL'],['MEDICAL'],['MEDICAL'],['MEDICAL']
4189,WIKIPEDIA,['MEDICAL'],['MEDICAL'],['INFO'],['MEDICAL']
4190,WIKIPEDIA,['INFO'],['MEDICAL'],['INFO'],['MEDICAL']
4191,PUBMED,"['MEDICAL', 'INDUSTRIAL']",['MEDICAL'],['MEDICAL'],['MEDICAL']
4192,PUBMED,['INFO'],['ENDOGENOUS'],['INFO'],"['ENDOGENOUS', 'FOOD', 'PERSONAL CARE']"
4193,WIKIPEDIA,['MEDICAL'],['MEDICAL'],['MEDICAL'],['MEDICAL']
4194,WIKIPEDIA,['MEDICAL'],['MEDICAL'],['MEDICAL'],['MEDICAL']
4195,WIKIPEDIA,['MEDICAL'],['MEDICAL'],['MEDICAL'],['MEDICAL']
4196,WIKIPEDIA,['MEDICAL'],['MEDICAL'],['MEDICAL'],['MEDICAL']
4197,WIKIPEDIA,['INFO'],['INFO'],['INFO'],['FOOD']
4198,PUBMED,['FOOD'],['FOOD'],['FOOD'],['FOOD']
4199,WIKIPEDIA,['MEDICAL'],['MEDICAL'],"['MEDICAL', 'INDUSTRIAL']",['MEDICAL']
4200,WIKIPEDIA,['MEDICAL'],['MEDICAL'],['MEDICAL'],['MEDICAL']
4201,WIKIPEDIA,"['INDUSTRIAL', 'MEDICAL']","['MEDICAL', 'INDUSTRIAL']","['INDUSTRIAL', 'MEDICAL']","['MEDICAL', 'INDUSTRIAL']"
4202,WIKIPEDIA,['MEDICAL'],['INFO'],"['MEDICAL', 'INDUSTRIAL']",['INFO']
4203,PUBMED,['MEDICAL'],['MEDICAL'],['MEDICAL'],['MEDICAL']
4204,WIKIPEDIA,['MEDICAL'],['INFO'],['MEDICAL'],['MEDICAL']
4205,WIKIPEDIA,['MEDICAL'],['MEDICAL'],['MEDICAL'],['MEDICAL']
4206,WIKIPEDIA,['MEDICAL'],['MEDICAL'],['MEDICAL'],['INFO']
4207,PUBMED,['INFO'],['MEDICAL'],['INFO'],['MEDICAL']
4208,PUBMED,"['MEDICAL', 'FOOD']","['MEDICAL', 'FOOD']",['MEDICAL'],['INFO']
4209,WIKIPEDIA,['MEDICAL'],['INFO'],['MEDICAL'],['INFO']
4210,WIKIPEDIA,['MEDICAL'],['INFO'],['MEDICAL'],['MEDICAL']
4211,PUBMED,['MEDICAL'],['INFO'],['INFO'],['INFO']
4212,WIKIPEDIA,['MEDICAL'],['INFO'],['MEDICAL'],['MEDICAL']
4213,PUBMED,['MEDICAL'],['MEDICAL'],['MEDICAL'],['MEDICAL']
4214,WIKIPEDIA,['MEDICAL'],['MEDICAL'],['MEDICAL'],['MEDICAL']
4215,PUBMED,['INFO'],['FOOD'],['INFO'],['INFO']
4216,PUBMED,['INFO'],['FOOD'],['INFO'],['INFO']
4217,WIKIPEDIA,"['FOOD', 'ENDOGENOUS']",['INFO'],['FOOD'],['INFO']
4218,WIKIPEDIA,['MEDICAL'],['MEDICAL'],['MEDICAL'],['MEDICAL']
4219,PUBMED,['MEDICAL'],['MEDICAL'],['MEDICAL'],['MEDICAL']
4220,WIKIPEDIA,['MEDICAL'],['INFO'],['MEDICAL'],['INFO']
4221,WIKIPEDIA,['MEDICAL'],['INFO'],['MEDICAL'],['INFO']
4222,WIKIPEDIA,"['FOOD', 'INDUSTRIAL', 'MEDICAL']","['FOOD', 'INDUSTRIAL', 'MEDICAL']","['FOOD', 'MEDICAL', 'INDUSTRIAL']","['FOOD', 'INDUSTRIAL']"
4223,WIKIPEDIA,['MEDICAL'],['MEDICAL'],['MEDICAL'],['MEDICAL']
4224,PUBMED,['MEDICAL'],['MEDICAL'],['MEDICAL'],['MEDICAL']
4225,WIKIPEDIA,['MEDICAL'],['MEDICAL'],['MEDICAL'],['INFO']
4226,WIKIPEDIA,['MEDICAL'],['MEDICAL'],['MEDICAL'],['INFO']
4227,WIKIPEDIA,['INFO'],['MEDICAL'],['INFO'],['INFO']
4228,PUBMED,['MEDICAL'],['MEDICAL'],['MEDICAL'],['MEDICAL']
4229,WIKIPEDIA,"['INDUSTRIAL', 'MEDICAL']",['INFO'],"['INDUSTRIAL', 'MEDICAL', 'FOOD', 'ENDOGENOUS']",['INFO']
4230,WIKIPEDIA,['MEDICAL'],['MEDICAL'],['MEDICAL'],['INFO']
4231,WIKIPEDIA,['MEDICAL'],['INFO'],['MEDICAL'],['MEDICAL']
4232,PUBMED,['INFO'],['MEDICAL'],['MEDICAL'],['INFO']
4233,WIKIPEDIA,['MEDICAL'],['MEDICAL'],['MEDICAL'],['MEDICAL']
4234,PUBMED,['INFO'],['INFO'],['INFO'],['INFO']
4235,WIKIPEDIA,['MEDICAL'],['MEDICAL'],['MEDICAL'],['MEDICAL']
4236,WIKIPEDIA,['MEDICAL'],['MEDICAL'],['MEDICAL'],['INFO']
4237,WIKIPEDIA,['MEDICAL'],['MEDICAL'],['MEDICAL'],['INFO']
4238,WIKIPEDIA,['MEDICAL'],['MEDICAL'],['MEDICAL'],['MEDICAL']
4239,WIKIPEDIA,"['MEDICAL', 'INDUSTRIAL']",['INDUSTRIAL'],['INDUSTRIAL'],"['INDUSTRIAL', 'PERSONAL CARE']"
4240,PUBMED,['INFO'],['MEDICAL'],['INFO'],['INFO']
4241,WIKIPEDIA,['MEDICAL'],['MEDICAL'],['MEDICAL'],['INFO']
4242,WIKIPEDIA,['MEDICAL'],['MEDICAL'],['MEDICAL'],['MEDICAL']
4243,WIKIPEDIA,['MEDICAL'],['MEDICAL'],['MEDICAL'],['MEDICAL']
4244,WIKIPEDIA,['MEDICAL'],['MEDICAL'],['MEDICAL'],['MEDICAL']
4245,PUBMED,"['ENDOGENOUS', 'MEDICAL']","['ENDOGENOUS', 'MEDICAL']",['INFO'],"['ENDOGENOUS', 'MEDICAL']"
4246,WIKIPEDIA,"['FOOD', 'ENDOGENOUS']",['FOOD'],"['FOOD', 'PERSONAL CARE']",['FOOD']
4247,WIKIPEDIA,['MEDICAL'],['MEDICAL'],['MEDICAL'],['MEDICAL']
4248,PUBMED,['MEDICAL'],['MEDICAL'],['MEDICAL'],['INFO']
4249,WIKIPEDIA,['MEDICAL'],['MEDICAL'],['MEDICAL'],['INFO']
4250,WIKIPEDIA,['MEDICAL'],['MEDICAL'],['MEDICAL'],['MEDICAL']
4251,WIKIPEDIA,['MEDICAL'],['INFO'],['MEDICAL'],['INFO']
4252,WIKIPEDIA,['MEDICAL'],['MEDICAL'],['MEDICAL'],['MEDICAL']
4253,WIKIPEDIA,['MEDICAL'],['MEDICAL'],['MEDICAL'],['MEDICAL']
4254,WIKIPEDIA,['MEDICAL'],['INFO'],['MEDICAL'],['INFO']
4255,PUBMED,['INFO'],['INFO'],['INFO'],['INFO']
4256,WIKIPEDIA,['MEDICAL'],['MEDICAL'],['MEDICAL'],['MEDICAL']
4257,WIKIPEDIA,['MEDICAL'],['INFO'],['MEDICAL'],['INFO']
4258,WIKIPEDIA,['MEDICAL'],['INFO'],['MEDICAL'],['MEDICAL']
4259,WIKIPEDIA,['MEDICAL'],['MEDICAL'],['MEDICAL'],['MEDICAL']
4260,PUBMED,['MEDICAL'],['MEDICAL'],['MEDICAL'],['MEDICAL']
4261,PUBMED,['INFO'],['MEDICAL'],['INFO'],['INFO']
4262,WIKIPEDIA,['MEDICAL'],['INFO'],['MEDICAL'],['INFO']
4263,WIKIPEDIA,['MEDICAL'],['MEDICAL'],['MEDICAL'],['MEDICAL']
4264,WIKIPEDIA,['MEDICAL'],['INFO'],['MEDICAL'],['MEDICAL']
4265,WIKIPEDIA,['MEDICAL'],['MEDICAL'],['INFO'],['MEDICAL']
4266,PUBMED,['INFO'],['INFO'],['INFO'],['INFO']
4267,WIKIPEDIA,['MEDICAL'],['INFO'],['MEDICAL'],['INFO']
4268,WIKIPEDIA,['MEDICAL'],['MEDICAL'],['MEDICAL'],['INFO']
4269,WIKIPEDIA,"['INDUSTRIAL', 'MEDICAL']",['INDUSTRIAL'],"['MEDICAL', 'INDUSTRIAL']",['INFO']
4270,PUBMED,['ENDOGENOUS'],"['ENDOGENOUS', 'MEDICAL']",['ENDOGENOUS'],"['ENDOGENOUS', 'MEDICAL']"
4271,WIKIPEDIA,['MEDICAL'],['MEDICAL'],['MEDICAL'],['MEDICAL']
4272,WIKIPEDIA,"['MEDICAL', 'FOOD', 'ENDOGENOUS']","['MEDICAL', 'FOOD']","['ENDOGENOUS', 'FOOD', 'MEDICAL']","['MEDICAL', 'FOOD']"
4273,WIKIPEDIA,['MEDICAL'],['MEDICAL'],['MEDICAL'],['MEDICAL']
4274,WIKIPEDIA,"['MEDICAL', 'ENDOGENOUS']","['ENDOGENOUS', 'MEDICAL']","['MEDICAL', 'ENDOGENOUS']","['ENDOGENOUS', 'MEDICAL']"
4275,WIKIPEDIA,"['FOOD', 'MEDICAL']",['FOOD'],"['FOOD', 'PERSONAL CARE', 'INDUSTRIAL']","['FOOD', 'PERSONAL CARE']"
4276,WIKIPEDIA,['MEDICAL'],['MEDICAL'],['MEDICAL'],['MEDICAL']
4277,WIKIPEDIA,['MEDICAL'],['MEDICAL'],['MEDICAL'],['MEDICAL']
4278,PUBMED,['MEDICAL'],['MEDICAL'],['MEDICAL'],"['MEDICAL', 'PERSONAL CARE']"
4279,PUBMED,['MEDICAL'],['MEDICAL'],['MEDICAL'],['MEDICAL']
4280,PUBMED,['MEDICAL'],['MEDICAL'],['MEDICAL'],['INFO']
4281,WIKIPEDIA,"['ENDOGENOUS', 'MEDICAL']","['ENDOGENOUS', 'MEDICAL']","['MEDICAL', 'ENDOGENOUS']","['ENDOGENOUS', 'MEDICAL']"
4282,WIKIPEDIA,['MEDICAL'],['MEDICAL'],['MEDICAL'],['INFO']
4283,WIKIPEDIA,['MEDICAL'],['MEDICAL'],['MEDICAL'],['MEDICAL']
4284,PUBMED,['MEDICAL'],['MEDICAL'],['MEDICAL'],['MEDICAL']
4285,WIKIPEDIA,['MEDICAL'],['MEDICAL'],['MEDICAL'],['MEDICAL']
4286,WIKIPEDIA,['MEDICAL'],['MEDICAL'],['MEDICAL'],['MEDICAL']
4287,WIKIPEDIA,['MEDICAL'],['MEDICAL'],['MEDICAL'],['INFO']
4288,WIKIPEDIA,['MEDICAL'],['INFO'],['MEDICAL'],['MEDICAL']
4289,WIKIPEDIA,['MEDICAL'],['INFO'],['MEDICAL'],['MEDICAL']
4290,WIKIPEDIA,['MEDICAL'],['MEDICAL'],['MEDICAL'],['INFO']
4291,WIKIPEDIA,['MEDICAL'],['INFO'],['MEDICAL'],['MEDICAL']
4292,PUBMED,['MEDICAL'],['MEDICAL'],['MEDICAL'],['MEDICAL']
4293,PUBMED,['MEDICAL'],['MEDICAL'],['MEDICAL'],['MEDICAL']
4294,WIKIPEDIA,['MEDICAL'],['MEDICAL'],['MEDICAL'],['MEDICAL']
4295,WIKIPEDIA,['MEDICAL'],['INFO'],['MEDICAL'],['INFO']
4296,PUBMED,['INFO'],['INFO'],['INFO'],['INFO']
4297,WIKIPEDIA,['MEDICAL'],['MEDICAL'],['MEDICAL'],['MEDICAL']
4298,WIKIPEDIA,"['INDUSTRIAL', 'MEDICAL']",['INDUSTRIAL'],"['INDUSTRIAL', 'MEDICAL']","['INDUSTRIAL', 'MEDICAL', 'PERSONAL CARE']"
4299,WIKIPEDIA,"['MEDICAL', 'PERSONAL CARE']","['MEDICAL', 'INDUSTRIAL']","['MEDICAL', 'PERSONAL CARE']","['INDUSTRIAL', 'PERSONAL CARE']"
4300,WIKIPEDIA,['MEDICAL'],['MEDICAL'],['MEDICAL'],"['MEDICAL', 'FOOD']"
4301,WIKIPEDIA,['MEDICAL'],['INFO'],['MEDICAL'],['MEDICAL']
4302,WIKIPEDIA,['MEDICAL'],['MEDICAL'],['MEDICAL'],['MEDICAL']
4303,WIKIPEDIA,['MEDICAL'],['MEDICAL'],"['MEDICAL', 'FOOD']",['MEDICAL']
4304,WIKIPEDIA,"['MEDICAL', 'ENDOGENOUS', 'FOOD']","['MEDICAL', 'FOOD']","['MEDICAL', 'FOOD']","['MEDICAL', 'FOOD']"
4305,WIKIPEDIA,"['MEDICAL', 'FOOD', 'ENDOGENOUS']","['ENDOGENOUS', 'FOOD']","['MEDICAL', 'ENDOGENOUS', 'FOOD', 'INDUSTRIAL']","['MEDICAL', 'FOOD']"
4306,WIKIPEDIA,['MEDICAL'],['MEDICAL'],['MEDICAL'],['INFO']
4307,PUBMED,['INFO'],['INFO'],['INFO'],['INFO']
4308,WIKIPEDIA,"['MEDICAL', 'ENDOGENOUS', 'FOOD', 'INDUSTRIAL']","['ENDOGENOUS', 'MEDICAL', 'INDUSTRIAL']","['MEDICAL', 'ENDOGENOUS', 'FOOD', 'INDUSTRIAL']","['MEDICAL', 'ENDOGENOUS', 'PERSONAL CARE']"
4309,PUBMED,['INFO'],['FOOD'],"['MEDICAL', 'FOOD']","['FOOD', 'PERSONAL CARE']"
4310,WIKIPEDIA,['INFO'],['INFO'],['INFO'],['INFO']
4311,PUBMED,"['INFO', 'INFO', 'INFO']",['INFO'],['INFO'],['INFO']
4312,,['INFO'],['MEDICAL'],['INFO'],['MEDICAL']
4313,WIKIPEDIA,"['ENDOGENOUS', 'FOOD', 'PERSONAL CARE']","['ENDOGENOUS', 'FOOD']",['ENDOGENOUS'],"['ENDOGENOUS', 'FOOD']"
4314,WIKIPEDIA,['MEDICAL'],['INFO'],['MEDICAL'],['MEDICAL']
4315,PUBMED,['INFO'],['INFO'],['INFO'],['INFO']
4316,WIKIPEDIA,['MEDICAL'],['MEDICAL'],['MEDICAL'],['MEDICAL']
4317,WIKIPEDIA,['MEDICAL'],['MEDICAL'],['MEDICAL'],['INFO']
4318,WIKIPEDIA,['MEDICAL'],['INFO'],['MEDICAL'],['INFO']
4319,WIKIPEDIA,"['FOOD', 'INDUSTRIAL']",['FOOD'],['FOOD'],['INFO']
4320,PUBMED,['INFO'],['FOOD'],['INFO'],['INFO']
4321,WIKIPEDIA,"['FOOD', 'MEDICAL']",['FOOD'],['FOOD'],['FOOD']
4322,WIKIPEDIA,"['FOOD', 'PERSONAL CARE']",['FOOD'],"['FOOD', 'PERSONAL CARE']","['FOOD', 'MEDICAL']"
4323,PUBMED,['INFO'],['FOOD'],['INFO'],['INFO']
4324,WIKIPEDIA,['MEDICAL'],['INFO'],['MEDICAL'],['MEDICAL']
4325,WIKIPEDIA,['MEDICAL'],['INFO'],['MEDICAL'],['MEDICAL']
4326,WIKIPEDIA,['MEDICAL'],['MEDICAL'],['MEDICAL'],['MEDICAL']
4327,WIKIPEDIA,['INFO'],['MEDICAL'],['INFO'],['INFO']
4328,WIKIPEDIA,['MEDICAL'],['MEDICAL'],['MEDICAL'],['MEDICAL']
4329,PUBMED,['MEDICAL'],['MEDICAL'],['INFO'],"['MEDICAL', 'FOOD']"
4330,PUBMED,['MEDICAL'],['MEDICAL'],['MEDICAL'],"['MEDICAL', 'FOOD']"
4331,PUBMED,"['MEDICAL', 'FOOD']","['FOOD', 'PERSONAL CARE']",['INFO'],"['PERSONAL CARE', 'FOOD']"
4332,WIKIPEDIA,"['FOOD', 'MEDICAL', 'PERSONAL CARE']","['FOOD', 'MEDICAL']","['FOOD', 'PERSONAL CARE', 'INDUSTRIAL']","['FOOD', 'PERSONAL CARE', 'MEDICAL']"
4333,WIKIPEDIA,"['MEDICAL', 'ENDOGENOUS', 'INDUSTRIAL']",['INFO'],"['MEDICAL', 'ENDOGENOUS', 'FOOD', 'INDUSTRIAL']",['MEDICAL']
4334,WIKIPEDIA,['MEDICAL'],['INFO'],['MEDICAL'],['INFO']
4335,PUBMED,['MEDICAL'],['MEDICAL'],['MEDICAL'],['MEDICAL']
4336,PUBMED,['MEDICAL'],['MEDICAL'],['MEDICAL'],['MEDICAL']
4337,PUBMED,['MEDICAL'],['MEDICAL'],['MEDICAL'],['MEDICAL']
4338,PUBMED,['MEDICAL'],['MEDICAL'],['MEDICAL'],['MEDICAL']
4339,WIKIPEDIA,['MEDICAL'],['INFO'],['MEDICAL'],['INFO']
4340,WIKIPEDIA,['MEDICAL'],['INFO'],['MEDICAL'],['INFO']
4341,WIKIPEDIA,['MEDICAL'],['INFO'],['MEDICAL'],['MEDICAL']
4342,PUBMED,['MEDICAL'],['MEDICAL'],['MEDICAL'],['MEDICAL']
4343,PUBMED,['MEDICAL'],['MEDICAL'],['INFO'],['MEDICAL']
4344,PUBMED,['MEDICAL'],['MEDICAL'],['MEDICAL'],['MEDICAL']
4345,PUBMED,['INFO'],['MEDICAL'],['INFO'],['MEDICAL']
4346,PUBMED,['MEDICAL'],['MEDICAL'],['MEDICAL'],['MEDICAL']
4347,WIKIPEDIA,['MEDICAL'],['INFO'],['MEDICAL'],['INFO']
4348,WIKIPEDIA,['MEDICAL'],['MEDICAL'],['INFO'],['INFO']
4349,PUBMED,['INFO'],['INFO'],['INFO'],['INFO']
4350,PUBMED,"['FOOD', 'ENDOGENOUS', 'MEDICAL']",['FOOD'],['FOOD'],"['FOOD', 'MEDICAL']"
4351,WIKIPEDIA,['MEDICAL'],['MEDICAL'],['MEDICAL'],['MEDICAL']
4352,WIKIPEDIA,"['MEDICAL', 'FOOD']",['INFO'],"['MEDICAL', 'FOOD']",['INFO']
4353,PUBMED,"['FOOD', 'MEDICAL', 'ENDOGENOUS']","['MEDICAL', 'FOOD']","['FOOD', 'MEDICAL']","['MEDICAL', 'FOOD']"
4354,WIKIPEDIA,['MEDICAL'],['MEDICAL'],['MEDICAL'],['MEDICAL']
4355,WIKIPEDIA,['MEDICAL'],['MEDICAL'],['MEDICAL'],['MEDICAL']
4356,WIKIPEDIA,"['INFO', 'MEDICAL']",['MEDICAL'],['MEDICAL'],['MEDICAL']
4357,PUBMED,['MEDICAL'],['MEDICAL'],['MEDICAL'],['MEDICAL']
4358,WIKIPEDIA,['MEDICAL'],['INFO'],['MEDICAL'],['INFO']
4359,WIKIPEDIA,['MEDICAL'],['MEDICAL'],['MEDICAL'],['MEDICAL']
4360,WIKIPEDIA,['MEDICAL'],['MEDICAL'],['MEDICAL'],['MEDICAL']
4361,WIKIPEDIA,['INFO'],['INFO'],['INFO'],['INFO']
4362,WIKIPEDIA,['MEDICAL'],['MEDICAL'],['MEDICAL'],['INFO']
4363,PUBMED,['INFO'],['INFO'],['INFO'],['INDUSTRIAL']
4364,PUBMED,"['FOOD', 'INFO']",['FOOD'],"['FOOD', 'INDUSTRIAL']",['INFO']
4365,PUBMED,['MEDICAL'],['MEDICAL'],['MEDICAL'],['INFO']
4366,WIKIPEDIA,['MEDICAL'],['MEDICAL'],['MEDICAL'],['MEDICAL']
4367,WIKIPEDIA,['MEDICAL'],['INFO'],['MEDICAL'],['MEDICAL']
4368,WIKIPEDIA,['MEDICAL'],['MEDICAL'],['MEDICAL'],['MEDICAL']
4369,WIKIPEDIA,"['MEDICAL', 'INDUSTRIAL']",['MEDICAL'],['MEDICAL'],['MEDICAL']
4370,PUBMED,['MEDICAL'],['MEDICAL'],['MEDICAL'],['INFO']
4371,PUBMED,['MEDICAL'],['MEDICAL'],['MEDICAL'],['INFO']
4372,WIKIPEDIA,"['PERSONAL CARE', 'INDUSTRIAL']","['PERSONAL CARE', 'INDUSTRIAL']","['PERSONAL CARE', 'INDUSTRIAL']","['PERSONAL CARE', 'FOOD']"
4373,WIKIPEDIA,['MEDICAL'],['MEDICAL'],['MEDICAL'],['MEDICAL']
4374,WIKIPEDIA,['INFO'],['INFO'],['INFO'],['INFO']
4375,WIKIPEDIA,['MEDICAL'],['MEDICAL'],['MEDICAL'],['MEDICAL']
4376,PUBMED,['MEDICAL'],['MEDICAL'],['MEDICAL'],['MEDICAL']
4377,PUBMED,['MEDICAL'],['MEDICAL'],['MEDICAL'],['MEDICAL']
4378,WIKIPEDIA,['MEDICAL'],['MEDICAL'],['MEDICAL'],['MEDICAL']
4379,WIKIPEDIA,['INFO'],['INFO'],['INFO'],['INFO']
4380,WIKIPEDIA,"['ENDOGENOUS', 'INDUSTRIAL']",['INFO'],"['ENDOGENOUS', 'INDUSTRIAL']","['ENDOGENOUS', 'FOOD']"
4381,WIKIPEDIA,['INFO'],['ENDOGENOUS'],['INFO'],['INFO']
4382,WIKIPEDIA,"['MEDICAL', 'ENDOGENOUS']",['MEDICAL'],"['MEDICAL', 'ENDOGENOUS']",['MEDICAL']
4383,WIKIPEDIA,['ENDOGENOUS'],['ENDOGENOUS'],['ENDOGENOUS'],['ENDOGENOUS']
4384,WIKIPEDIA,['MEDICAL'],['MEDICAL'],['MEDICAL'],['INFO']
4385,WIKIPEDIA,['MEDICAL'],['MEDICAL'],['MEDICAL'],['MEDICAL']
4386,WIKIPEDIA,['MEDICAL'],['MEDICAL'],"['MEDICAL', 'PERSONAL CARE']",['INFO']
4387,PUBMED,['MEDICAL'],"['MEDICAL', 'FOOD']",['MEDICAL'],['MEDICAL']
4388,PUBMED,['MEDICAL'],['MEDICAL'],['MEDICAL'],['MEDICAL']
4389,WIKIPEDIA,"['MEDICAL', 'INDUSTRIAL']",['MEDICAL'],"['MEDICAL', 'INDUSTRIAL']",['INFO']
4390,WIKIPEDIA,['INFO'],['INFO'],['INFO'],['INFO']
4391,WIKIPEDIA,['MEDICAL'],['MEDICAL'],['MEDICAL'],['MEDICAL']
4392,WIKIPEDIA,['MEDICAL'],['INFO'],['MEDICAL'],['MEDICAL']
4393,PUBMED,['MEDICAL'],['MEDICAL'],['MEDICAL'],['INFO']
4394,WIKIPEDIA,['MEDICAL'],['MEDICAL'],['MEDICAL'],['MEDICAL']
4395,WIKIPEDIA,['INDUSTRIAL'],['INDUSTRIAL'],['INDUSTRIAL'],['INDUSTRIAL']
4396,WIKIPEDIA,['MEDICAL'],['INFO'],['MEDICAL'],['INFO']
4397,WIKIPEDIA,['MEDICAL'],['INFO'],['MEDICAL'],['INFO']
4398,WIKIPEDIA,['MEDICAL'],['INFO'],['MEDICAL'],['INFO']
4399,PUBMED,['MEDICAL'],['MEDICAL'],['MEDICAL'],['MEDICAL']
4400,WIKIPEDIA,['MEDICAL'],['INFO'],['INFO'],['INFO']
4401,PUBMED,['MEDICAL'],['MEDICAL'],['MEDICAL'],['MEDICAL']
4402,WIKIPEDIA,['MEDICAL'],['MEDICAL'],['MEDICAL'],['MEDICAL']
4403,WIKIPEDIA,"['MEDICAL', 'PERSONAL CARE']","['PERSONAL CARE', 'INDUSTRIAL', 'FOOD']","['MEDICAL', 'PERSONAL CARE']",['INFO']
4404,PUBMED,['MEDICAL'],['MEDICAL'],['MEDICAL'],['MEDICAL']
4405,WIKIPEDIA,['MEDICAL'],['MEDICAL'],['MEDICAL'],['MEDICAL']
4406,WIKIPEDIA,['MEDICAL'],['INFO'],['MEDICAL'],['INFO']
4407,PUBMED,['INFO'],"['FOOD', 'PERSONAL CARE']",['INFO'],['INFO']
4408,WIKIPEDIA,['MEDICAL'],['INFO'],['INFO'],['MEDICAL']
4409,PUBMED,['MEDICAL'],['MEDICAL'],['MEDICAL'],['MEDICAL']
4410,WIKIPEDIA,['MEDICAL'],['MEDICAL'],"['MEDICAL', 'PERSONAL CARE']",['MEDICAL']
4411,WIKIPEDIA,['MEDICAL'],['MEDICAL'],['MEDICAL'],['MEDICAL']
4412,PUBMED,['MEDICAL'],['MEDICAL'],['MEDICAL'],['MEDICAL']
4413,WIKIPEDIA,['MEDICAL'],['MEDICAL'],['MEDICAL'],['MEDICAL']
4414,PUBMED,['INFO'],['MEDICAL'],['INFO'],['MEDICAL']
4415,PUBMED,"['INDUSTRIAL', 'MEDICAL']",['FOOD'],['INFO'],['INFO']
4416,WIKIPEDIA,['MEDICAL'],"['MEDICAL', 'INDUSTRIAL']",['MEDICAL'],['MEDICAL']
4417,WIKIPEDIA,['MEDICAL'],['MEDICAL'],['MEDICAL'],['MEDICAL']
4418,WIKIPEDIA,['MEDICAL'],['INFO'],['MEDICAL'],['MEDICAL']
4419,WIKIPEDIA,['MEDICAL'],['MEDICAL'],['MEDICAL'],['MEDICAL']
4420,WIKIPEDIA,['MEDICAL'],['MEDICAL'],['MEDICAL'],['MEDICAL']
4421,WIKIPEDIA,['MEDICAL'],['INFO'],['MEDICAL'],['INFO']
4422,PUBMED,"['FOOD', 'ENDOGENOUS']",['FOOD'],['FOOD'],"['FOOD', 'PERSONAL CARE']"
4423,PUBMED,['MEDICAL'],['MEDICAL'],['MEDICAL'],['MEDICAL']
4424,WIKIPEDIA,['MEDICAL'],['MEDICAL'],['MEDICAL'],['MEDICAL']
4425,WIKIPEDIA,['MEDICAL'],['MEDICAL'],['INFO'],['INFO']
4426,WIKIPEDIA,['MEDICAL'],['INFO'],['MEDICAL'],['MEDICAL']
4427,WIKIPEDIA,['MEDICAL'],['INFO'],['MEDICAL'],['INFO']
4428,WIKIPEDIA,['INFO'],['INFO'],['MEDICAL'],['INFO']
4429,WIKIPEDIA,['MEDICAL'],['MEDICAL'],['MEDICAL'],['INFO']
4430,WIKIPEDIA,"['INDUSTRIAL', 'FOOD']",['FOOD'],['INDUSTRIAL'],['INFO']
4431,PUBMED,['INFO'],['INFO'],"['MEDICAL', 'INDUSTRIAL']",['INFO']
4432,WIKIPEDIA,['MEDICAL'],['MEDICAL'],['MEDICAL'],['MEDICAL']
4433,PUBMED,['MEDICAL'],['MEDICAL'],['MEDICAL'],['MEDICAL']
4434,WIKIPEDIA,['MEDICAL'],['MEDICAL'],['MEDICAL'],['MEDICAL']
4435,WIKIPEDIA,['MEDICAL'],['MEDICAL'],['MEDICAL'],['MEDICAL']
4436,WIKIPEDIA,"['FOOD', 'PERSONAL CARE', 'INDUSTRIAL']",['INFO'],"['FOOD', 'PERSONAL CARE', 'INDUSTRIAL']","['FOOD', 'PERSONAL CARE']"
4437,WIKIPEDIA,"['MEDICAL', 'ENDOGENOUS', 'FOOD']",['INFO'],"['MEDICAL', 'ENDOGENOUS']",['MEDICAL']
4438,WIKIPEDIA,['MEDICAL'],['MEDICAL'],['MEDICAL'],['INFO']
4439,WIKIPEDIA,['MEDICAL'],['MEDICAL'],['MEDICAL'],['MEDICAL']
4440,WIKIPEDIA,['MEDICAL'],['MEDICAL'],['MEDICAL'],['MEDICAL']
4441,PUBMED,['INFO'],['INFO'],['INFO'],['INFO']
4442,WIKIPEDIA,"['FOOD', 'MEDICAL']","['FOOD', 'MEDICAL']","['MEDICAL', 'FOOD']","['FOOD', 'MEDICAL']"
4443,WIKIPEDIA,"['FOOD', 'MEDICAL']","['FOOD', 'MEDICAL']","['MEDICAL', 'FOOD']",['INFO']
4444,PUBMED,['INFO'],['ENDOGENOUS'],['INFO'],['INFO']
4445,WIKIPEDIA,"['MEDICAL', 'ENDOGENOUS']","['ENDOGENOUS', 'FOOD', 'PERSONAL CARE']","['MEDICAL', 'ENDOGENOUS', 'FOOD']","['ENDOGENOUS', 'FOOD', 'PERSONAL CARE', 'MEDICAL']"
4446,PUBMED,['INFO'],"['ENDOGENOUS', 'FOOD']",['INFO'],"['ENDOGENOUS', 'FOOD']"
4447,PUBMED,['INFO'],['FOOD'],['INFO'],['INFO']
4448,PUBMED,['MEDICAL'],['MEDICAL'],['MEDICAL'],"['MEDICAL', 'INDUSTRIAL']"
4449,PUBMED,['MEDICAL'],['MEDICAL'],['MEDICAL'],['MEDICAL']
4450,PUBMED,['INDUSTRIAL'],['INDUSTRIAL'],['INDUSTRIAL'],['INDUSTRIAL']
4451,PUBMED,['MEDICAL'],['MEDICAL'],['MEDICAL'],['INFO']
4452,WIKIPEDIA,"['FOOD', 'INDUSTRIAL']",['FOOD'],['FOOD'],['FOOD']
4453,WIKIPEDIA,"['FOOD', 'ENDOGENOUS']",['FOOD'],['FOOD'],['INFO']
4454,WIKIPEDIA,['INFO'],['INFO'],['INFO'],['INFO']
4455,PUBMED,['MEDICAL'],['MEDICAL'],['MEDICAL'],['INFO']
4456,WIKIPEDIA,['MEDICAL'],['INFO'],['MEDICAL'],['INFO']
4457,WIKIPEDIA,['MEDICAL'],['MEDICAL'],['MEDICAL'],['MEDICAL']
4458,PUBMED,['INFO'],['MEDICAL'],['INFO'],['INFO']
4459,WIKIPEDIA,['MEDICAL'],['MEDICAL'],['MEDICAL'],['MEDICAL']
4460,PUBMED,['INFO'],['ENDOGENOUS'],['INFO'],['MEDICAL']
4461,WIKIPEDIA,['MEDICAL'],['INFO'],['MEDICAL'],['INFO']
4462,WIKIPEDIA,['MEDICAL'],['MEDICAL'],['MEDICAL'],['MEDICAL']
4463,PUBMED,['INFO'],['INFO'],['INFO'],['INFO']
4464,WIKIPEDIA,['INDUSTRIAL'],['INDUSTRIAL'],['INDUSTRIAL'],['INFO']
4465,WIKIPEDIA,['MEDICAL'],['INFO'],"['MEDICAL', 'FOOD']","['MEDICAL', 'FOOD']"
4466,WIKIPEDIA,['MEDICAL'],['MEDICAL'],['MEDICAL'],['INFO']
4467,WIKIPEDIA,"['FOOD', 'MEDICAL']",['FOOD'],"['FOOD', 'PERSONAL CARE', 'MEDICAL']","['FOOD', 'PERSONAL CARE']"
4468,WIKIPEDIA,"['FOOD', 'ENDOGENOUS']","['ENDOGENOUS', 'FOOD']",['FOOD'],"['FOOD', 'PERSONAL CARE']"
4469,WIKIPEDIA,"['FOOD', 'ENDOGENOUS']",['INFO'],['FOOD'],['INFO']
4470,PUBMED,['MEDICAL'],['MEDICAL'],['MEDICAL'],['MEDICAL']
4471,WIKIPEDIA,"['ENDOGENOUS', 'FOOD', 'MEDICAL']","['ENDOGENOUS', 'MEDICAL', 'FOOD']","['ENDOGENOUS', 'FOOD', 'MEDICAL']","['ENDOGENOUS', 'FOOD', 'MEDICAL', 'PERSONAL CARE']"
4472,PUBMED,['MEDICAL'],"['MEDICAL', 'FOOD']",['MEDICAL'],"['ENDOGENOUS', 'FOOD', 'MEDICAL']"
4473,WIKIPEDIA,['INFO'],['INFO'],['INFO'],['INFO']
4474,WIKIPEDIA,['FOOD'],"['FOOD', 'INDUSTRIAL']",['FOOD'],"['FOOD', 'PERSONAL CARE']"
4475,WIKIPEDIA,['MEDICAL'],['MEDICAL'],['MEDICAL'],['MEDICAL']
4476,WIKIPEDIA,['MEDICAL'],['MEDICAL'],['MEDICAL'],['MEDICAL']
4477,WIKIPEDIA,['MEDICAL'],['MEDICAL'],['MEDICAL'],['MEDICAL']
4478,WIKIPEDIA,['MEDICAL'],['MEDICAL'],"['MEDICAL', 'FOOD']",['MEDICAL']
4479,WIKIPEDIA,['MEDICAL'],['INFO'],['INFO'],['MEDICAL']
4480,WIKIPEDIA,"['MEDICAL', 'FOOD']","['MEDICAL', 'FOOD']","['MEDICAL', 'FOOD']",['MEDICAL']
4481,PUBMED,['MEDICAL'],['MEDICAL'],['MEDICAL'],['MEDICAL']
4482,WIKIPEDIA,['MEDICAL'],['MEDICAL'],['MEDICAL'],['INFO']
4483,WIKIPEDIA,['MEDICAL'],['MEDICAL'],['MEDICAL'],['MEDICAL']
4484,WIKIPEDIA,['MEDICAL'],['MEDICAL'],"['MEDICAL', 'INDUSTRIAL']",['MEDICAL']
4485,WIKIPEDIA,"['MEDICAL', 'INDUSTRIAL']",['INDUSTRIAL'],"['MEDICAL', 'INDUSTRIAL']",['INFO']
4486,WIKIPEDIA,['MEDICAL'],['MEDICAL'],['MEDICAL'],['MEDICAL']
4487,WIKIPEDIA,['MEDICAL'],['INFO'],['MEDICAL'],['MEDICAL']
4488,WIKIPEDIA,['MEDICAL'],['MEDICAL'],['MEDICAL'],['MEDICAL']
4489,WIKIPEDIA,['MEDICAL'],['INFO'],['MEDICAL'],['MEDICAL']
4490,PUBMED,['INFO'],['ENDOGENOUS'],['INFO'],"['ENDOGENOUS', 'FOOD']"
4491,PUBMED,"['MEDICAL', 'INDUSTRIAL', 'ENDOGENOUS']","['ENDOGENOUS', 'FOOD']","['MEDICAL', 'INDUSTRIAL']","['ENDOGENOUS', 'FOOD']"
4492,WIKIPEDIA,['MEDICAL'],['INFO'],['MEDICAL'],['MEDICAL']
4493,WIKIPEDIA,['MEDICAL'],['MEDICAL'],['MEDICAL'],['INFO']
4494,WIKIPEDIA,['MEDICAL'],['MEDICAL'],['MEDICAL'],['MEDICAL']
4495,WIKIPEDIA,"['INDUSTRIAL', 'PERSONAL CARE', 'MEDICAL']","['PERSONAL CARE', 'MEDICAL']","['PERSONAL CARE', 'MEDICAL']","['ENDOGENOUS', 'PERSONAL CARE', 'MEDICAL']"
4496,WIKIPEDIA,['MEDICAL'],['MEDICAL'],"['MEDICAL', 'PERSONAL CARE']",['MEDICAL']
4497,WIKIPEDIA,['MEDICAL'],['MEDICAL'],['MEDICAL'],['INFO']
4498,WIKIPEDIA,['MEDICAL'],['MEDICAL'],['MEDICAL'],['MEDICAL']
4499,WIKIPEDIA,"['MEDICAL', 'ENDOGENOUS']",['INFO'],"['ENDOGENOUS', 'MEDICAL']","['ENDOGENOUS', 'MEDICAL']"
4500,WIKIPEDIA,['INFO'],['INFO'],['INFO'],['MEDICAL']
4501,WIKIPEDIA,['MEDICAL'],['INFO'],['MEDICAL'],['INFO']
4502,WIKIPEDIA,['MEDICAL'],['MEDICAL'],['MEDICAL'],['MEDICAL']
4503,WIKIPEDIA,"['MEDICAL', 'FOOD']",['MEDICAL'],['MEDICAL'],"['MEDICAL', 'PERSONAL CARE']"
4504,WIKIPEDIA,['MEDICAL'],['INFO'],['MEDICAL'],['MEDICAL']
4505,WIKIPEDIA,['MEDICAL'],['INFO'],['MEDICAL'],['MEDICAL']
4506,PUBMED,"['MEDICAL', 'ENDOGENOUS']","['ENDOGENOUS', 'MEDICAL']","['ENDOGENOUS', 'MEDICAL']","['ENDOGENOUS', 'MEDICAL']"
4507,WIKIPEDIA,['MEDICAL'],['MEDICAL'],['MEDICAL'],['MEDICAL']
4508,WIKIPEDIA,['MEDICAL'],['MEDICAL'],['MEDICAL'],['MEDICAL']
4509,WIKIPEDIA,['MEDICAL'],['INFO'],['MEDICAL'],['INFO']
4510,WIKIPEDIA,['MEDICAL'],['MEDICAL'],['MEDICAL'],['MEDICAL']
4511,PUBMED,['MEDICAL'],"['MEDICAL', 'INDUSTRIAL']",['MEDICAL'],['MEDICAL']
4512,WIKIPEDIA,"['MEDICAL', 'FOOD', 'PERSONAL CARE']","['MEDICAL', 'FOOD']","['MEDICAL', 'FOOD', 'PERSONAL CARE']","['MEDICAL', 'PERSONAL CARE']"
4513,WIKIPEDIA,"['MEDICAL', 'INDUSTRIAL']",['INFO'],"['MEDICAL', 'PERSONAL CARE', 'INDUSTRIAL', 'FOOD']",['INFO']
4514,PUBMED,['MEDICAL'],['MEDICAL'],['MEDICAL'],['MEDICAL']
4515,PUBMED,"['INFO', 'INFO', 'INFO', 'INFO']",['MEDICAL'],['INFO'],['INFO']
4516,WIKIPEDIA,['MEDICAL'],['INFO'],['MEDICAL'],['MEDICAL']
4517,WIKIPEDIA,['MEDICAL'],['INFO'],['MEDICAL'],['MEDICAL']
4518,WIKIPEDIA,"['INDUSTRIAL', 'FOOD']","['INDUSTRIAL', 'FOOD', 'PERSONAL CARE']",['INFO'],"['FOOD', 'INDUSTRIAL']"
4519,WIKIPEDIA,['MEDICAL'],['INFO'],['MEDICAL'],['INFO']
4520,PUBMED,['MEDICAL'],['MEDICAL'],['MEDICAL'],['MEDICAL']
4521,WIKIPEDIA,['MEDICAL'],['MEDICAL'],['MEDICAL'],['MEDICAL']
4522,PUBMED,"['FOOD', 'MEDICAL']",['FOOD'],['FOOD'],"['FOOD', 'PERSONAL CARE']"
4523,WIKIPEDIA,"['FOOD', 'ENDOGENOUS']",['FOOD'],['FOOD'],"['FOOD', 'MEDICAL', 'PERSONAL CARE']"
4524,WIKIPEDIA,"['INDUSTRIAL', 'MEDICAL']",['INFO'],"['INDUSTRIAL', 'MEDICAL']",['INFO']
4525,WIKIPEDIA,['MEDICAL'],['MEDICAL'],['MEDICAL'],['MEDICAL']
4526,WIKIPEDIA,['INFO'],['INFO'],['INFO'],['INFO']
4527,WIKIPEDIA,['MEDICAL'],['INFO'],['MEDICAL'],['MEDICAL']
4528,PUBMED,['MEDICAL'],['MEDICAL'],['MEDICAL'],['MEDICAL']
4529,PUBMED,['INFO'],"['MEDICAL', 'FOOD']","['MEDICAL', 'ENDOGENOUS', 'FOOD']","['MEDICAL', 'FOOD']"
4530,WIKIPEDIA,"['MEDICAL', 'ENDOGENOUS', 'FOOD']","['MEDICAL', 'ENDOGENOUS', 'FOOD']","['MEDICAL', 'ENDOGENOUS', 'FOOD', 'INDUSTRIAL']","['MEDICAL', 'FOOD']"
4531,PUBMED,['MEDICAL'],['MEDICAL'],['MEDICAL'],['MEDICAL']
4532,PUBMED,['MEDICAL'],['MEDICAL'],['MEDICAL'],['MEDICAL']
4533,PUBMED,['MEDICAL'],['INFO'],['MEDICAL'],['INFO']
4534,PUBMED,['MEDICAL'],['MEDICAL'],['MEDICAL'],['MEDICAL']
4535,WIKIPEDIA,['MEDICAL'],['INFO'],['MEDICAL'],['MEDICAL']
4536,WIKIPEDIA,"['INDUSTRIAL', 'FOOD']",['FOOD'],"['FOOD', 'INDUSTRIAL']",['FOOD']
4537,PUBMED,['MEDICAL'],['MEDICAL'],['MEDICAL'],['MEDICAL']
4538,WIKIPEDIA,['MEDICAL'],['MEDICAL'],['MEDICAL'],['MEDICAL']
4539,WIKIPEDIA,['MEDICAL'],['INFO'],['MEDICAL'],['INFO']
4540,WIKIPEDIA,['MEDICAL'],['INFO'],['MEDICAL'],['MEDICAL']
4541,PUBMED,"['MEDICAL', 'PERSONAL CARE']",['MEDICAL'],"['MEDICAL', 'PERSONAL CARE']",['MEDICAL']
4542,WIKIPEDIA,['MEDICAL'],['MEDICAL'],['MEDICAL'],['INFO']
4543,WIKIPEDIA,"['ENDOGENOUS', 'FOOD']",['ENDOGENOUS'],"['ENDOGENOUS', 'FOOD']","['ENDOGENOUS', 'FOOD']"
4544,WIKIPEDIA,"['FOOD', 'ENDOGENOUS']",['FOOD'],['FOOD'],['FOOD']
4545,PUBMED,['INFO'],['INFO'],['INFO'],['INFO']
4546,WIKIPEDIA,"['FOOD', 'ENDOGENOUS']",['FOOD'],['FOOD'],['FOOD']
4547,PUBMED,"['INDUSTRIAL', 'FOOD', 'MEDICAL']","['FOOD', 'INDUSTRIAL']","['FOOD', 'INDUSTRIAL', 'MEDICAL']","['FOOD', 'INDUSTRIAL']"
4548,PUBMED,['MEDICAL'],"['MEDICAL', 'INDUSTRIAL']",['MEDICAL'],['INFO']
4549,PUBMED,['MEDICAL'],['MEDICAL'],['MEDICAL'],['MEDICAL']
4550,WIKIPEDIA,"['PERSONAL CARE', 'FOOD', 'MEDICAL']","['FOOD', 'PERSONAL CARE']","['FOOD', 'PERSONAL CARE', 'MEDICAL']","['PERSONAL CARE', 'FOOD']"
4551,WIKIPEDIA,['INDUSTRIAL'],['INFO'],['INDUSTRIAL'],['INFO']
4552,PUBMED,['MEDICAL'],"['MEDICAL', 'ENDOGENOUS']","['MEDICAL', 'ENDOGENOUS']","['MEDICAL', 'ENDOGENOUS']"
4553,WIKIPEDIA,['MEDICAL'],['INFO'],['MEDICAL'],['MEDICAL']
4554,WIKIPEDIA,"['MEDICAL', 'ENDOGENOUS']",['MEDICAL'],['MEDICAL'],['MEDICAL']
4555,PUBMED,['MEDICAL'],"['MEDICAL', 'ENDOGENOUS']",['MEDICAL'],['MEDICAL']
4556,WIKIPEDIA,['MEDICAL'],"['MEDICAL', 'FOOD']","['MEDICAL', 'FOOD']",['MEDICAL']
4557,WIKIPEDIA,['MEDICAL'],['MEDICAL'],['MEDICAL'],['MEDICAL']
4558,WIKIPEDIA,['MEDICAL'],['MEDICAL'],['MEDICAL'],['INFO']
4559,WIKIPEDIA,['INDUSTRIAL'],['INFO'],['INFO'],['INFO']
4560,WIKIPEDIA,['MEDICAL'],['INFO'],['MEDICAL'],['MEDICAL']
4561,WIKIPEDIA,['MEDICAL'],['MEDICAL'],['MEDICAL'],['MEDICAL']
4562,WIKIPEDIA,['MEDICAL'],['MEDICAL'],['MEDICAL'],['INFO']
4563,WIKIPEDIA,['INDUSTRIAL'],['INDUSTRIAL'],['INDUSTRIAL'],['INDUSTRIAL']
4564,WIKIPEDIA,['INFO'],['INFO'],['INFO'],['INFO']
4565,PUBMED,['INFO'],['ENDOGENOUS'],['INFO'],"['ENDOGENOUS', 'MEDICAL']"
4566,PUBMED,"['MEDICAL', 'ENDOGENOUS']",['INFO'],"['MEDICAL', 'ENDOGENOUS']",['INFO']
4567,PUBMED,['INFO'],['INFO'],['INFO'],['INFO']
4568,PUBMED,['INFO'],['INFO'],['ENDOGENOUS'],['ENDOGENOUS']
4569,PUBMED,['INFO'],['INFO'],['INFO'],['INFO']
4570,PUBMED,['INFO'],['FOOD'],['INFO'],['INFO']
4571,PUBMED,['MEDICAL'],['MEDICAL'],['MEDICAL'],['INFO']
4572,WIKIPEDIA,['MEDICAL'],['MEDICAL'],['MEDICAL'],['MEDICAL']
4573,PUBMED,"['ENDOGENOUS', 'MEDICAL']","['ENDOGENOUS', 'MEDICAL', 'FOOD']",['ENDOGENOUS'],"['ENDOGENOUS', 'FOOD', 'PERSONAL CARE']"
4574,WIKIPEDIA,"['ENDOGENOUS', 'FOOD']",['INFO'],"['ENDOGENOUS', 'FOOD', 'INDUSTRIAL']","['ENDOGENOUS', 'MEDICAL']"
4575,PUBMED,['MEDICAL'],['MEDICAL'],['MEDICAL'],['MEDICAL']
4576,WIKIPEDIA,['MEDICAL'],['MEDICAL'],['MEDICAL'],['INFO']
4577,WIKIPEDIA,['MEDICAL'],['INFO'],['MEDICAL'],['INFO']
4578,WIKIPEDIA,['INFO'],['INFO'],"['MEDICAL', 'ENDOGENOUS', 'FOOD']","['MEDICAL', 'FOOD', 'PERSONAL CARE']"
4579,WIKIPEDIA,['MEDICAL'],['MEDICAL'],['MEDICAL'],['MEDICAL']
4580,WIKIPEDIA,['INFO'],['INFO'],['INFO'],['INFO']
4581,WIKIPEDIA,['MEDICAL'],['INFO'],['MEDICAL'],['MEDICAL']
4582,WIKIPEDIA,['MEDICAL'],['MEDICAL'],['MEDICAL'],['MEDICAL']
4583,WIKIPEDIA,['MEDICAL'],['MEDICAL'],['MEDICAL'],['INFO']
4584,WIKIPEDIA,['MEDICAL'],['INFO'],['MEDICAL'],['INFO']
4585,WIKIPEDIA,['MEDICAL'],['MEDICAL'],['MEDICAL'],['MEDICAL']
4586,WIKIPEDIA,['MEDICAL'],['INFO'],['MEDICAL'],['MEDICAL']
4587,WIKIPEDIA,['MEDICAL'],['INFO'],['MEDICAL'],['MEDICAL']
4588,WIKIPEDIA,"['MEDICAL', 'ENDOGENOUS']",['MEDICAL'],['MEDICAL'],['MEDICAL']
4589,PUBMED,['INDUSTRIAL'],['INFO'],['INDUSTRIAL'],['INFO']
4590,WIKIPEDIA,"['MEDICAL', 'ENDOGENOUS', 'FOOD']","['ENDOGENOUS', 'MEDICAL']","['MEDICAL', 'ENDOGENOUS', 'FOOD']","['ENDOGENOUS', 'MEDICAL', 'FOOD']"
4591,WIKIPEDIA,['MEDICAL'],['MEDICAL'],['MEDICAL'],['MEDICAL']
4592,PUBMED,['MEDICAL'],['MEDICAL'],['INFO'],['INFO']
4593,WIKIPEDIA,['INFO'],['INFO'],['INFO'],['MEDICAL']
4594,WIKIPEDIA,['MEDICAL'],['MEDICAL'],['MEDICAL'],['MEDICAL']
4595,WIKIPEDIA,['INFO'],['INFO'],['INFO'],['MEDICAL']
4596,WIKIPEDIA,['MEDICAL'],['MEDICAL'],['MEDICAL'],['MEDICAL']
4597,PUBMED,['MEDICAL'],['MEDICAL'],['MEDICAL'],['MEDICAL']
4598,WIKIPEDIA,['MEDICAL'],['MEDICAL'],['MEDICAL'],['MEDICAL']
4599,WIKIPEDIA,['INFO'],['INFO'],['INFO'],['INFO']
4600,WIKIPEDIA,['MEDICAL'],['MEDICAL'],['MEDICAL'],['MEDICAL']
4601,WIKIPEDIA,['MEDICAL'],['MEDICAL'],['MEDICAL'],['MEDICAL']
4602,WIKIPEDIA,['MEDICAL'],['MEDICAL'],['MEDICAL'],['MEDICAL']
4603,PUBMED,['MEDICAL'],['MEDICAL'],['MEDICAL'],['MEDICAL']
4604,WIKIPEDIA,"['MEDICAL', 'INDUSTRIAL']",['INFO'],['INFO'],['INFO']
4605,WIKIPEDIA,['MEDICAL'],['INFO'],['MEDICAL'],['INFO']
4606,WIKIPEDIA,['MEDICAL'],['MEDICAL'],['MEDICAL'],['MEDICAL']
4607,WIKIPEDIA,['MEDICAL'],['MEDICAL'],['MEDICAL'],['MEDICAL']
4608,WIKIPEDIA,"['FOOD', 'INDUSTRIAL']",['FOOD'],['INFO'],['INFO']
4609,WIKIPEDIA,"['FOOD', 'INDUSTRIAL', 'MEDICAL']",['FOOD'],"['FOOD', 'INDUSTRIAL', 'MEDICAL']","['FOOD', 'PERSONAL CARE', 'INDUSTRIAL']"
4610,WIKIPEDIA,"['ENDOGENOUS', 'FOOD', 'MEDICAL']","['ENDOGENOUS', 'FOOD']","['ENDOGENOUS', 'FOOD', 'MEDICAL']","['ENDOGENOUS', 'FOOD', 'PERSONAL CARE']"
4611,WIKIPEDIA,"['ENDOGENOUS', 'FOOD']","['ENDOGENOUS', 'FOOD']","['ENDOGENOUS', 'FOOD']",['INFO']
4612,WIKIPEDIA,['MEDICAL'],['MEDICAL'],['MEDICAL'],['MEDICAL']
4613,PUBMED,['MEDICAL'],['MEDICAL'],['MEDICAL'],['MEDICAL']
4614,WIKIPEDIA,['MEDICAL'],['MEDICAL'],['MEDICAL'],['MEDICAL']
4615,WIKIPEDIA,['MEDICAL'],['INFO'],['MEDICAL'],['INFO']
4616,WIKIPEDIA,['MEDICAL'],['MEDICAL'],['MEDICAL'],['MEDICAL']
4617,PUBMED,['MEDICAL'],"['MEDICAL', 'FOOD']",['MEDICAL'],['MEDICAL']
4618,WIKIPEDIA,"['MEDICAL', 'INDUSTRIAL']","['MEDICAL', 'INDUSTRIAL']","['MEDICAL', 'INDUSTRIAL']",['INFO']
4619,WIKIPEDIA,"['MEDICAL', 'INDUSTRIAL']",['INFO'],"['MEDICAL', 'INDUSTRIAL']",['INFO']
4620,PUBMED,['MEDICAL'],['MEDICAL'],['MEDICAL'],['MEDICAL']
4621,WIKIPEDIA,['MEDICAL'],['MEDICAL'],['MEDICAL'],['MEDICAL']
4622,PUBMED,['INFO'],['MEDICAL'],['MEDICAL'],['MEDICAL']
4623,WIKIPEDIA,['MEDICAL'],['MEDICAL'],['MEDICAL'],['MEDICAL']
4624,PUBMED,['INFO'],['INFO'],['INFO'],['INFO']
4625,WIKIPEDIA,['MEDICAL'],['MEDICAL'],['MEDICAL'],['MEDICAL']
4626,WIKIPEDIA,['MEDICAL'],['MEDICAL'],['MEDICAL'],['INFO']
4627,PUBMED,['INFO'],['INFO'],['INFO'],['MEDICAL']
4628,WIKIPEDIA,['MEDICAL'],['INFO'],['MEDICAL'],['MEDICAL']
4629,WIKIPEDIA,['MEDICAL'],['INFO'],"['MEDICAL', 'FOOD']",['INFO']
4630,WIKIPEDIA,['MEDICAL'],['INFO'],['MEDICAL'],['MEDICAL']
4631,WIKIPEDIA,['MEDICAL'],['MEDICAL'],['MEDICAL'],['MEDICAL']
4632,WIKIPEDIA,['MEDICAL'],['MEDICAL'],['MEDICAL'],['MEDICAL']
4633,WIKIPEDIA,['MEDICAL'],['MEDICAL'],['MEDICAL'],['MEDICAL']
4634,WIKIPEDIA,['INFO'],['INFO'],['INFO'],['INFO']
4635,WIKIPEDIA,['MEDICAL'],['MEDICAL'],['MEDICAL'],['MEDICAL']
4636,WIKIPEDIA,['MEDICAL'],['MEDICAL'],['MEDICAL'],['MEDICAL']
4637,PUBMED,['MEDICAL'],['MEDICAL'],['MEDICAL'],['INFO']
4638,WIKIPEDIA,['MEDICAL'],['MEDICAL'],['MEDICAL'],['MEDICAL']
4639,WIKIPEDIA,['MEDICAL'],['MEDICAL'],['MEDICAL'],['INFO']
4640,PUBMED,['INFO'],['INFO'],['INFO'],['INFO']
4641,WIKIPEDIA,['MEDICAL'],['MEDICAL'],['MEDICAL'],['INFO']
4642,WIKIPEDIA,['MEDICAL'],['INFO'],['MEDICAL'],['MEDICAL']
4643,PUBMED,['MEDICAL'],['INFO'],['MEDICAL'],['MEDICAL']
4644,WIKIPEDIA,"['MEDICAL', 'INDUSTRIAL']",['MEDICAL'],"['MEDICAL', 'INDUSTRIAL']",['MEDICAL']
4645,WIKIPEDIA,['MEDICAL'],['MEDICAL'],['MEDICAL'],['MEDICAL']
4646,WIKIPEDIA,"['MEDICAL', 'ENDOGENOUS']",['INFO'],"['MEDICAL', 'ENDOGENOUS']",['INFO']
4647,PUBMED,['INFO'],"['ENDOGENOUS', 'FOOD']","['ENDOGENOUS', 'MEDICAL']","['ENDOGENOUS', 'FOOD', 'MEDICAL']"
4648,PUBMED,['MEDICAL'],['MEDICAL'],['MEDICAL'],['MEDICAL']
4649,WIKIPEDIA,['MEDICAL'],['MEDICAL'],['MEDICAL'],['MEDICAL']
4650,WIKIPEDIA,['MEDICAL'],['INFO'],['MEDICAL'],['MEDICAL']
4651,WIKIPEDIA,['INFO'],['MEDICAL'],['INFO'],['INFO']
4652,PUBMED,['INFO'],['INFO'],['INFO'],['INFO']
4653,WIKIPEDIA,['MEDICAL'],['MEDICAL'],['MEDICAL'],['MEDICAL']
4654,WIKIPEDIA,['MEDICAL'],['MEDICAL'],['MEDICAL'],['INFO']
4655,WIKIPEDIA,['MEDICAL'],['MEDICAL'],['MEDICAL'],['MEDICAL']
4656,WIKIPEDIA,['INFO'],['INFO'],['INFO'],['INFO']
4657,WIKIPEDIA,['MEDICAL'],['MEDICAL'],['MEDICAL'],['MEDICAL']
4658,WIKIPEDIA,['INFO'],['INFO'],['INFO'],['MEDICAL']
4659,WIKIPEDIA,['MEDICAL'],['INFO'],['MEDICAL'],['MEDICAL']
4660,WIKIPEDIA,['MEDICAL'],['INFO'],"['MEDICAL', 'INDUSTRIAL']",['INFO']
4661,WIKIPEDIA,['MEDICAL'],['INFO'],['MEDICAL'],['MEDICAL']
4662,WIKIPEDIA,['MEDICAL'],['MEDICAL'],['MEDICAL'],['MEDICAL']
4663,PUBMED,['INFO'],['MEDICAL'],['INFO'],['MEDICAL']
4664,WIKIPEDIA,['MEDICAL'],['INFO'],['MEDICAL'],['INFO']
4665,WIKIPEDIA,['MEDICAL'],['MEDICAL'],['MEDICAL'],['MEDICAL']
4666,PUBMED,['MEDICAL'],['MEDICAL'],['MEDICAL'],['MEDICAL']
4667,WIKIPEDIA,['MEDICAL'],['MEDICAL'],['MEDICAL'],['MEDICAL']
4668,WIKIPEDIA,['MEDICAL'],['INFO'],['MEDICAL'],['INFO']
4669,PUBMED,"['INDUSTRIAL', 'INFO']",['INDUSTRIAL'],['INDUSTRIAL'],['INDUSTRIAL']
4670,WIKIPEDIA,"['MEDICAL', 'INDUSTRIAL']",['INFO'],"['MEDICAL', 'INDUSTRIAL']",['INFO']
4671,WIKIPEDIA,['MEDICAL'],['INFO'],['MEDICAL'],['MEDICAL']
4672,WIKIPEDIA,['MEDICAL'],['MEDICAL'],['MEDICAL'],['INFO']
4673,PUBMED,['MEDICAL'],['MEDICAL'],['MEDICAL'],['MEDICAL']
4674,WIKIPEDIA,['MEDICAL'],['MEDICAL'],['MEDICAL'],['MEDICAL']
4675,WIKIPEDIA,['INDUSTRIAL'],['INFO'],['INFO'],"['ENDOGENOUS', 'FOOD', 'PERSONAL CARE']"
4676,WIKIPEDIA,['MEDICAL'],['INFO'],['MEDICAL'],['INFO']
4677,PUBMED,['MEDICAL'],['MEDICAL'],['MEDICAL'],['MEDICAL']
4678,PUBMED,['MEDICAL'],['MEDICAL'],['MEDICAL'],['MEDICAL']
4679,PUBMED,['INFO'],['MEDICAL'],['INFO'],['INFO']
4680,WIKIPEDIA,['MEDICAL'],['INFO'],['INFO'],['INFO']
4681,WIKIPEDIA,['MEDICAL'],['INFO'],['MEDICAL'],['MEDICAL']
4682,WIKIPEDIA,['MEDICAL'],['MEDICAL'],['MEDICAL'],['MEDICAL']
4683,PUBMED,['MEDICAL'],['MEDICAL'],['MEDICAL'],['INFO']
4684,WIKIPEDIA,['MEDICAL'],['INFO'],['MEDICAL'],['INFO']
4685,PUBMED,['MEDICAL'],['MEDICAL'],"['MEDICAL', 'INDUSTRIAL']",['INFO']
4686,WIKIPEDIA,['MEDICAL'],['MEDICAL'],['MEDICAL'],['MEDICAL']
4687,WIKIPEDIA,['MEDICAL'],['INFO'],['MEDICAL'],['INFO']
4688,WIKIPEDIA,['MEDICAL'],['INFO'],['MEDICAL'],['INFO']
4689,PUBMED,['MEDICAL'],['MEDICAL'],['MEDICAL'],['MEDICAL']
4690,WIKIPEDIA,['MEDICAL'],['INFO'],['MEDICAL'],['MEDICAL']
4691,WIKIPEDIA,"['MEDICAL', 'INDUSTRIAL']","['MEDICAL', 'INDUSTRIAL']","['MEDICAL', 'INDUSTRIAL']","['MEDICAL', 'INDUSTRIAL']"
4692,PUBMED,['MEDICAL'],['MEDICAL'],['MEDICAL'],['MEDICAL']
4693,WIKIPEDIA,['MEDICAL'],['INFO'],"['MEDICAL', 'PERSONAL CARE']",['INFO']
4694,WIKIPEDIA,"['INFO', 'MEDICAL']",['INFO'],['MEDICAL'],['MEDICAL']
4695,WIKIPEDIA,['MEDICAL'],['MEDICAL'],['MEDICAL'],['MEDICAL']
4696,WIKIPEDIA,['MEDICAL'],['MEDICAL'],['MEDICAL'],['INFO']
4697,WIKIPEDIA,['MEDICAL'],['MEDICAL'],['MEDICAL'],['MEDICAL']
4698,,['INFO'],['MEDICAL'],['INFO'],['INFO']
4699,WIKIPEDIA,['MEDICAL'],['MEDICAL'],['MEDICAL'],['INFO']
4700,WIKIPEDIA,['MEDICAL'],['INFO'],['MEDICAL'],['INFO']
4701,WIKIPEDIA,['INFO'],['INFO'],['INFO'],['INFO']
4702,WIKIPEDIA,['INDUSTRIAL'],['MEDICAL'],['INFO'],['INFO']
4703,PUBMED,"['ENDOGENOUS', 'MEDICAL']","['ENDOGENOUS', 'MEDICAL']",['ENDOGENOUS'],"['ENDOGENOUS', 'MEDICAL', 'PERSONAL CARE']"
4704,WIKIPEDIA,['MEDICAL'],['MEDICAL'],['MEDICAL'],['MEDICAL']
4705,WIKIPEDIA,['MEDICAL'],['MEDICAL'],['MEDICAL'],['MEDICAL']
4706,PUBMED,['MEDICAL'],['INFO'],['MEDICAL'],['MEDICAL']
4707,WIKIPEDIA,"['FOOD', 'MEDICAL']",['INFO'],"['MEDICAL', 'FOOD']",['INFO']
4708,WIKIPEDIA,['MEDICAL'],['MEDICAL'],['MEDICAL'],['MEDICAL']
4709,WIKIPEDIA,['MEDICAL'],['INFO'],['MEDICAL'],['MEDICAL']
4710,WIKIPEDIA,['MEDICAL'],['INFO'],['MEDICAL'],['MEDICAL']
4711,WIKIPEDIA,['MEDICAL'],['MEDICAL'],['MEDICAL'],['MEDICAL']
4712,PUBMED,['MEDICAL'],['MEDICAL'],['MEDICAL'],['INFO']
4713,WIKIPEDIA,['MEDICAL'],['MEDICAL'],['MEDICAL'],['INFO']
4714,PUBMED,['MEDICAL'],['MEDICAL'],['MEDICAL'],['MEDICAL']
4715,PUBMED,['MEDICAL'],['INFO'],['MEDICAL'],['INFO']
4716,WIKIPEDIA,['MEDICAL'],['MEDICAL'],['MEDICAL'],['MEDICAL']
4717,WIKIPEDIA,['MEDICAL'],['MEDICAL'],['MEDICAL'],['MEDICAL']
4718,WIKIPEDIA,['MEDICAL'],['MEDICAL'],['MEDICAL'],['MEDICAL']
4719,PUBMED,['MEDICAL'],['MEDICAL'],['MEDICAL'],['INFO']
4720,WIKIPEDIA,['MEDICAL'],['INFO'],['MEDICAL'],['INFO']
4721,WIKIPEDIA,['MEDICAL'],['INFO'],['MEDICAL'],['INFO']
4722,WIKIPEDIA,"['MEDICAL', 'ENDOGENOUS']",['INFO'],"['MEDICAL', 'ENDOGENOUS', 'FOOD']",['INFO']
4723,WIKIPEDIA,"['MEDICAL', 'ENDOGENOUS']",['MEDICAL'],"['MEDICAL', 'ENDOGENOUS']","['MEDICAL', 'ENDOGENOUS']"
4724,WIKIPEDIA,['MEDICAL'],['MEDICAL'],['MEDICAL'],['MEDICAL']
4725,PUBMED,['INFO'],['ENDOGENOUS'],['INFO'],['INFO']
4726,PUBMED,['INFO'],['ENDOGENOUS'],['ENDOGENOUS'],['INFO']
4727,PUBMED,"['MEDICAL', 'ENDOGENOUS']","['ENDOGENOUS', 'MEDICAL']",['MEDICAL'],['ENDOGENOUS']
4728,PUBMED,['INFO'],['ENDOGENOUS'],['INFO'],['INFO']
4729,PUBMED,['MEDICAL'],['MEDICAL'],['MEDICAL'],['INFO']
4730,WIKIPEDIA,['MEDICAL'],['INFO'],['MEDICAL'],['MEDICAL']
4731,PUBMED,['MEDICAL'],['MEDICAL'],['MEDICAL'],['MEDICAL']
4732,WIKIPEDIA,['MEDICAL'],['MEDICAL'],['MEDICAL'],['MEDICAL']
4733,WIKIPEDIA,"['FOOD', 'PERSONAL CARE', 'INDUSTRIAL']","['FOOD', 'PERSONAL CARE']","['FOOD', 'PERSONAL CARE', 'INDUSTRIAL']",['INFO']
4734,PUBMED,['INFO'],['MEDICAL'],['INFO'],['MEDICAL']
4735,WIKIPEDIA,['MEDICAL'],['MEDICAL'],['MEDICAL'],['MEDICAL']
4736,WIKIPEDIA,['MEDICAL'],['MEDICAL'],['MEDICAL'],['MEDICAL']
4737,WIKIPEDIA,['MEDICAL'],['MEDICAL'],['MEDICAL'],['MEDICAL']
4738,WIKIPEDIA,['MEDICAL'],['MEDICAL'],['MEDICAL'],['INFO']
4739,WIKIPEDIA,['MEDICAL'],['MEDICAL'],['MEDICAL'],['MEDICAL']
4740,WIKIPEDIA,['MEDICAL'],['MEDICAL'],['MEDICAL'],['MEDICAL']
4741,PUBMED,['INFO'],['MEDICAL'],['MEDICAL'],['MEDICAL']
4742,WIKIPEDIA,['MEDICAL'],['INFO'],['MEDICAL'],['INFO']
4743,WIKIPEDIA,['INDUSTRIAL'],"['ENDOGENOUS', 'FOOD', 'INDUSTRIAL']",['INFO'],"['ENDOGENOUS', 'FOOD', 'PERSONAL CARE']"
4744,WIKIPEDIA,['FOOD'],['INFO'],['INFO'],['MEDICAL']
4745,WIKIPEDIA,['MEDICAL'],['MEDICAL'],['MEDICAL'],['MEDICAL']
4746,PUBMED,"['MEDICAL', 'INDUSTRIAL']",['INFO'],"['MEDICAL', 'INDUSTRIAL']",['INFO']
4747,WIKIPEDIA,['MEDICAL'],['MEDICAL'],['MEDICAL'],['MEDICAL']
4748,WIKIPEDIA,"['FOOD', 'ENDOGENOUS', 'MEDICAL']",['FOOD'],"['ENDOGENOUS', 'FOOD', 'MEDICAL', 'INDUSTRIAL']",['FOOD']
4749,WIKIPEDIA,"['FOOD', 'ENDOGENOUS', 'MEDICAL']","['ENDOGENOUS', 'FOOD']","['ENDOGENOUS', 'FOOD', 'MEDICAL']",['INFO']
4750,PUBMED,['INFO'],['FOOD'],['FOOD'],['INFO']
4751,WIKIPEDIA,['INFO'],['FOOD'],['INFO'],['INFO']
4752,PUBMED,['INFO'],"['ENDOGENOUS', 'FOOD']",['INFO'],['FOOD']
4753,WIKIPEDIA,"['FOOD', 'ENDOGENOUS']","['ENDOGENOUS', 'FOOD']","['ENDOGENOUS', 'FOOD']","['ENDOGENOUS', 'FOOD']"
4754,WIKIPEDIA,"['FOOD', 'INDUSTRIAL']","['FOOD', 'INDUSTRIAL']","['FOOD', 'INDUSTRIAL']","['FOOD', 'INDUSTRIAL']"
4755,PUBMED,['INFO'],['INFO'],['INFO'],['INFO']
4756,WIKIPEDIA,['MEDICAL'],['MEDICAL'],['MEDICAL'],['INFO']
4757,PUBMED,['MEDICAL'],['MEDICAL'],['MEDICAL'],['INFO']
4758,PUBMED,['MEDICAL'],['MEDICAL'],['MEDICAL'],['MEDICAL']
4759,WIKIPEDIA,['MEDICAL'],['MEDICAL'],['MEDICAL'],['MEDICAL']
4760,PUBMED,['MEDICAL'],['MEDICAL'],['INFO'],['MEDICAL']
4761,WIKIPEDIA,['MEDICAL'],['INFO'],['MEDICAL'],['INFO']
4762,WIKIPEDIA,['MEDICAL'],['MEDICAL'],['MEDICAL'],['MEDICAL']
4763,WIKIPEDIA,"['MEDICAL', 'ENDOGENOUS']","['MEDICAL', 'ENDOGENOUS']","['ENDOGENOUS', 'MEDICAL']","['MEDICAL', 'ENDOGENOUS']"
4764,WIKIPEDIA,['MEDICAL'],['MEDICAL'],['MEDICAL'],['MEDICAL']
4765,WIKIPEDIA,['INFO'],['INFO'],['INFO'],['INFO']
4766,WIKIPEDIA,['MEDICAL'],['INFO'],['MEDICAL'],['MEDICAL']
4767,WIKIPEDIA,['MEDICAL'],['INFO'],['MEDICAL'],['INFO']
4768,PUBMED,['MEDICAL'],['MEDICAL'],['MEDICAL'],['MEDICAL']
4769,WIKIPEDIA,"['MEDICAL', 'INDUSTRIAL']",['INFO'],['INFO'],['INFO']
4770,WIKIPEDIA,['INDUSTRIAL'],['INDUSTRIAL'],['INDUSTRIAL'],"['MEDICAL', 'PERSONAL CARE', 'INDUSTRIAL']"
4771,WIKIPEDIA,['MEDICAL'],['MEDICAL'],['MEDICAL'],['MEDICAL']
4772,WIKIPEDIA,['INDUSTRIAL'],['INFO'],['INDUSTRIAL'],['INFO']
4773,WIKIPEDIA,['MEDICAL'],['MEDICAL'],['MEDICAL'],['MEDICAL']
4774,WIKIPEDIA,['MEDICAL'],['INFO'],['MEDICAL'],['INFO']
4775,WIKIPEDIA,"['PERSONAL CARE', 'INFO']",['PERSONAL CARE'],['PERSONAL CARE'],['PERSONAL CARE']
4776,PUBMED,['INFO'],['INFO'],['INFO'],['INFO']
4777,WIKIPEDIA,['MEDICAL'],['MEDICAL'],['MEDICAL'],['MEDICAL']
4778,PUBMED,['MEDICAL'],['INFO'],['MEDICAL'],['MEDICAL']
4779,WIKIPEDIA,['MEDICAL'],['MEDICAL'],['MEDICAL'],['INFO']
4780,WIKIPEDIA,"['FOOD', 'INDUSTRIAL']",['INFO'],"['FOOD', 'INDUSTRIAL']",['INFO']
4781,WIKIPEDIA,['MEDICAL'],['MEDICAL'],['MEDICAL'],['MEDICAL']
4782,WIKIPEDIA,['MEDICAL'],['MEDICAL'],['MEDICAL'],['MEDICAL']
4783,WIKIPEDIA,['MEDICAL'],['INFO'],['MEDICAL'],"['MEDICAL', 'INDUSTRIAL']"
4784,WIKIPEDIA,['MEDICAL'],['INFO'],['MEDICAL'],['MEDICAL']
4785,PUBMED,['MEDICAL'],['MEDICAL'],['MEDICAL'],['MEDICAL']
4786,PUBMED,['MEDICAL'],['INFO'],['MEDICAL'],['INFO']
4787,WIKIPEDIA,['INFO'],['INFO'],['INFO'],['INFO']
4788,PUBMED,"['MEDICAL', 'ENDOGENOUS']",['INFO'],"['MEDICAL', 'ENDOGENOUS']",['INFO']
4789,WIKIPEDIA,['MEDICAL'],['MEDICAL'],['MEDICAL'],['MEDICAL']
4790,PUBMED,['MEDICAL'],['MEDICAL'],['MEDICAL'],['MEDICAL']
4791,WIKIPEDIA,['MEDICAL'],['MEDICAL'],['MEDICAL'],['MEDICAL']
4792,WIKIPEDIA,['MEDICAL'],['INFO'],['MEDICAL'],['INFO']
4793,WIKIPEDIA,"['FOOD', 'MEDICAL', 'ENDOGENOUS']","['FOOD', 'MEDICAL']","['MEDICAL', 'FOOD', 'INDUSTRIAL']","['FOOD', 'MEDICAL']"
4794,WIKIPEDIA,['MEDICAL'],['MEDICAL'],['MEDICAL'],['MEDICAL']
4795,WIKIPEDIA,['MEDICAL'],['MEDICAL'],['MEDICAL'],['MEDICAL']
4796,PUBMED,['MEDICAL'],['MEDICAL'],['MEDICAL'],['MEDICAL']
4797,WIKIPEDIA,['MEDICAL'],['INFO'],['MEDICAL'],['INFO']
4798,WIKIPEDIA,"['MEDICAL', 'ENDOGENOUS']",['MEDICAL'],"['MEDICAL', 'ENDOGENOUS']",['MEDICAL']
4799,WIKIPEDIA,['MEDICAL'],['INFO'],['MEDICAL'],['INFO']
4800,WIKIPEDIA,['MEDICAL'],['INFO'],['MEDICAL'],['INFO']
4801,PUBMED,"['MEDICAL', 'INDUSTRIAL']",['MEDICAL'],['MEDICAL'],['INFO']
4802,WIKIPEDIA,"['FOOD', 'INDUSTRIAL', 'ENDOGENOUS']",['INFO'],"['ENDOGENOUS', 'FOOD', 'INDUSTRIAL']",['INFO']
4803,WIKIPEDIA,['MEDICAL'],['INFO'],['MEDICAL'],['INFO']
4804,WIKIPEDIA,['MEDICAL'],['INFO'],"['MEDICAL', 'FOOD']",['INFO']
4805,WIKIPEDIA,['MEDICAL'],['INFO'],"['MEDICAL', 'FOOD']",['INFO']
4806,WIKIPEDIA,['MEDICAL'],['MEDICAL'],['MEDICAL'],['MEDICAL']
4807,PUBMED,['MEDICAL'],['MEDICAL'],['MEDICAL'],['MEDICAL']
4808,WIKIPEDIA,['MEDICAL'],['MEDICAL'],['MEDICAL'],['MEDICAL']
4809,WIKIPEDIA,"['ENDOGENOUS', 'MEDICAL']","['MEDICAL', 'ENDOGENOUS']",['ENDOGENOUS'],"['ENDOGENOUS', 'MEDICAL']"
4810,PUBMED,['MEDICAL'],['MEDICAL'],['MEDICAL'],['MEDICAL']
4811,PUBMED,['MEDICAL'],['MEDICAL'],['MEDICAL'],['INFO']
4812,PUBMED,['MEDICAL'],['MEDICAL'],['MEDICAL'],['MEDICAL']
4813,WIKIPEDIA,['MEDICAL'],['MEDICAL'],['MEDICAL'],['INFO']
4814,WIKIPEDIA,['MEDICAL'],['MEDICAL'],['MEDICAL'],['MEDICAL']
4815,WIKIPEDIA,['MEDICAL'],['MEDICAL'],['MEDICAL'],['MEDICAL']
4816,WIKIPEDIA,"['PERSONAL CARE', 'MEDICAL']",['PERSONAL CARE'],['PERSONAL CARE'],['PERSONAL CARE']
4817,WIKIPEDIA,"['PERSONAL CARE', 'MEDICAL']",['PERSONAL CARE'],['PERSONAL CARE'],['PERSONAL CARE']
4818,WIKIPEDIA,['INFO'],"['MEDICAL', 'FOOD']","['MEDICAL', 'FOOD', 'INDUSTRIAL']","['MEDICAL', 'FOOD']"
4819,PUBMED,"['FOOD', 'MEDICAL', 'ENDOGENOUS']","['FOOD', 'MEDICAL']","['FOOD', 'PERSONAL CARE']","['FOOD', 'PERSONAL CARE']"
4820,PUBMED,['INFO'],['INFO'],['INFO'],['INFO']
4821,WIKIPEDIA,['INFO'],['INFO'],['INFO'],['INFO']
4822,WIKIPEDIA,['MEDICAL'],['INFO'],['MEDICAL'],['MEDICAL']
4823,WIKIPEDIA,['MEDICAL'],['INFO'],['MEDICAL'],['INFO']
4824,PUBMED,['INFO'],['MEDICAL'],['INFO'],['INFO']
4825,PUBMED,['INFO'],['INFO'],['INFO'],['INFO']
4826,PUBMED,['INFO'],['INFO'],['INFO'],['INFO']
4827,PUBMED,['MEDICAL'],['MEDICAL'],['MEDICAL'],['MEDICAL']
4828,WIKIPEDIA,['MEDICAL'],['MEDICAL'],['MEDICAL'],['MEDICAL']
4829,WIKIPEDIA,['MEDICAL'],['INFO'],['MEDICAL'],['INFO']
4830,PUBMED,['INFO'],['MEDICAL'],['MEDICAL'],['MEDICAL']
4831,WIKIPEDIA,['MEDICAL'],['MEDICAL'],['MEDICAL'],['MEDICAL']
4832,WIKIPEDIA,['MEDICAL'],['MEDICAL'],['MEDICAL'],['INFO']
4833,WIKIPEDIA,['MEDICAL'],['MEDICAL'],['MEDICAL'],['MEDICAL']
4834,WIKIPEDIA,['MEDICAL'],['MEDICAL'],['MEDICAL'],['MEDICAL']
4835,PUBMED,['INFO'],['ENDOGENOUS'],['INFO'],"['ENDOGENOUS', 'FOOD', 'PERSONAL CARE', 'MEDICAL']"
4836,WIKIPEDIA,['MEDICAL'],['MEDICAL'],['MEDICAL'],['MEDICAL']
4837,PUBMED,['MEDICAL'],['MEDICAL'],['MEDICAL'],['INFO']
4838,WIKIPEDIA,['MEDICAL'],['INFO'],['MEDICAL'],['INFO']
4839,WIKIPEDIA,['MEDICAL'],['INFO'],['MEDICAL'],['MEDICAL']
4840,WIKIPEDIA,['MEDICAL'],['MEDICAL'],['MEDICAL'],['MEDICAL']
4841,WIKIPEDIA,['MEDICAL'],['MEDICAL'],['MEDICAL'],['MEDICAL']
4842,WIKIPEDIA,['INDUSTRIAL'],['INDUSTRIAL'],['INDUSTRIAL'],['INDUSTRIAL']
4843,WIKIPEDIA,['MEDICAL'],['MEDICAL'],['MEDICAL'],['MEDICAL']
4844,WIKIPEDIA,['INFO'],['MEDICAL'],['INFO'],['MEDICAL']
4845,WIKIPEDIA,['MEDICAL'],['MEDICAL'],['MEDICAL'],['MEDICAL']
4846,WIKIPEDIA,['MEDICAL'],['MEDICAL'],['MEDICAL'],['MEDICAL']
4847,WIKIPEDIA,"['PERSONAL CARE', 'FOOD', 'MEDICAL']","['PERSONAL CARE', 'FOOD']","['FOOD', 'PERSONAL CARE', 'INDUSTRIAL']","['PERSONAL CARE', 'FOOD']"
4848,WIKIPEDIA,['MEDICAL'],['MEDICAL'],['MEDICAL'],['MEDICAL']
4849,WIKIPEDIA,['MEDICAL'],['MEDICAL'],['MEDICAL'],['MEDICAL']
4850,WIKIPEDIA,['MEDICAL'],['MEDICAL'],['MEDICAL'],['INFO']
4851,PUBMED,['MEDICAL'],['MEDICAL'],['MEDICAL'],['MEDICAL']
4852,WIKIPEDIA,['MEDICAL'],['MEDICAL'],['MEDICAL'],['MEDICAL']
4853,WIKIPEDIA,['MEDICAL'],['INFO'],['MEDICAL'],['INFO']
4854,WIKIPEDIA,['MEDICAL'],['MEDICAL'],['MEDICAL'],['MEDICAL']
4855,WIKIPEDIA,['MEDICAL'],['MEDICAL'],['MEDICAL'],['INFO']
4856,PUBMED,['MEDICAL'],['INDUSTRIAL'],['MEDICAL'],['INFO']
4857,PUBMED,['MEDICAL'],['MEDICAL'],['MEDICAL'],['MEDICAL']
4858,PUBMED,['MEDICAL'],['MEDICAL'],['MEDICAL'],['MEDICAL']
4859,WIKIPEDIA,['MEDICAL'],['INFO'],['MEDICAL'],['INFO']
4860,WIKIPEDIA,['MEDICAL'],['MEDICAL'],['MEDICAL'],['INFO']
4861,WIKIPEDIA,['MEDICAL'],['MEDICAL'],['MEDICAL'],['MEDICAL']
4862,WIKIPEDIA,['MEDICAL'],['MEDICAL'],['MEDICAL'],['INFO']
4863,WIKIPEDIA,['MEDICAL'],['MEDICAL'],['MEDICAL'],['MEDICAL']
4864,WIKIPEDIA,['MEDICAL'],['INDUSTRIAL'],['INFO'],['INFO']
4865,WIKIPEDIA,"['MEDICAL', 'FOOD']",['INFO'],"['MEDICAL', 'FOOD']",['MEDICAL']
4866,WIKIPEDIA,['MEDICAL'],['MEDICAL'],['MEDICAL'],['MEDICAL']
4867,PUBMED,['MEDICAL'],"['INDUSTRIAL', 'PERSONAL CARE']",['MEDICAL'],['INFO']
4868,WIKIPEDIA,['MEDICAL'],['INFO'],['MEDICAL'],['INFO']
4869,WIKIPEDIA,['MEDICAL'],['MEDICAL'],['MEDICAL'],['MEDICAL']
4870,,['INFO'],['MEDICAL'],['INFO'],['MEDICAL']
4871,WIKIPEDIA,['MEDICAL'],['INFO'],['MEDICAL'],['MEDICAL']
4872,PUBMED,['INDUSTRIAL'],['INFO'],['INFO'],['MEDICAL']
4873,WIKIPEDIA,['MEDICAL'],['INFO'],['MEDICAL'],['INFO']
4874,WIKIPEDIA,['MEDICAL'],['INFO'],['MEDICAL'],['MEDICAL']
4875,WIKIPEDIA,"['MEDICAL', 'INDUSTRIAL']",['MEDICAL'],"['MEDICAL', 'FOOD']",['MEDICAL']
4876,WIKIPEDIA,"['MEDICAL', 'INDUSTRIAL']","['MEDICAL', 'INDUSTRIAL']","['MEDICAL', 'FOOD']",['MEDICAL']
4877,WIKIPEDIA,"['MEDICAL', 'PERSONAL CARE']","['MEDICAL', 'INDUSTRIAL']","['MEDICAL', 'PERSONAL CARE', 'INDUSTRIAL']","['MEDICAL', 'PERSONAL CARE', 'INDUSTRIAL']"
4878,WIKIPEDIA,['MEDICAL'],['INFO'],['MEDICAL'],['INFO']
4879,WIKIPEDIA,['MEDICAL'],['MEDICAL'],['MEDICAL'],['MEDICAL']
4880,WIKIPEDIA,['INFO'],['INFO'],['INFO'],['INFO']
4881,WIKIPEDIA,['MEDICAL'],['MEDICAL'],['MEDICAL'],['MEDICAL']
4882,PUBMED,"['MEDICAL', 'FOOD']","['MEDICAL', 'FOOD']",['FOOD'],"['MEDICAL', 'FOOD']"
4883,PUBMED,['MEDICAL'],['MEDICAL'],['MEDICAL'],['MEDICAL']
4884,WIKIPEDIA,['MEDICAL'],['MEDICAL'],['MEDICAL'],['MEDICAL']
4885,WIKIPEDIA,['MEDICAL'],['MEDICAL'],['MEDICAL'],['MEDICAL']
4886,PUBMED,['MEDICAL'],['MEDICAL'],['MEDICAL'],['INFO']
4887,WIKIPEDIA,['MEDICAL'],['MEDICAL'],['MEDICAL'],['MEDICAL']
4888,WIKIPEDIA,['MEDICAL'],['INFO'],['INFO'],['MEDICAL']
4889,PUBMED,['INFO'],['INFO'],['INFO'],['INFO']
4890,WIKIPEDIA,"['MEDICAL', 'INDUSTRIAL']",['INFO'],"['MEDICAL', 'FOOD', 'INDUSTRIAL', 'PERSONAL CARE']",['INFO']
4891,WIKIPEDIA,['MEDICAL'],['INFO'],['MEDICAL'],['MEDICAL']
4892,PUBMED,"['FOOD', 'MEDICAL']",['FOOD'],['FOOD'],"['FOOD', 'PERSONAL CARE']"
4893,WIKIPEDIA,['INFO'],['INFO'],"['MEDICAL', 'FOOD']",['INFO']
4894,WIKIPEDIA,['MEDICAL'],['INFO'],['MEDICAL'],['INFO']
4895,WIKIPEDIA,"['INDUSTRIAL', 'ENDOGENOUS', 'MEDICAL']",['INFO'],['INFO'],['INFO']
4896,WIKIPEDIA,"['MEDICAL', 'INDUSTRIAL']",['INFO'],['INFO'],['INFO']
4897,WIKIPEDIA,['INDUSTRIAL'],['INFO'],['INDUSTRIAL'],['INFO']
4898,WIKIPEDIA,['MEDICAL'],['MEDICAL'],['INFO'],['INFO']
4899,WIKIPEDIA,['MEDICAL'],['MEDICAL'],['MEDICAL'],['MEDICAL']
4900,WIKIPEDIA,['MEDICAL'],['MEDICAL'],['MEDICAL'],['MEDICAL']
4901,WIKIPEDIA,['MEDICAL'],['MEDICAL'],['MEDICAL'],['MEDICAL']
4902,PUBMED,['MEDICAL'],['INFO'],['MEDICAL'],['INFO']
4903,PUBMED,['INDUSTRIAL'],['INDUSTRIAL'],['INFO'],['INDUSTRIAL']
4904,WIKIPEDIA,"['FOOD', 'INDUSTRIAL']",['FOOD'],"['FOOD', 'INDUSTRIAL']","['FOOD', 'PERSONAL CARE']"
4905,WIKIPEDIA,['MEDICAL'],['MEDICAL'],['MEDICAL'],['INFO']
4906,PUBMED,['MEDICAL'],['MEDICAL'],['MEDICAL'],['MEDICAL']
4907,WIKIPEDIA,"['MEDICAL', 'ENDOGENOUS']","['MEDICAL', 'ENDOGENOUS']","['MEDICAL', 'ENDOGENOUS']",['INFO']
4908,PUBMED,['ENDOGENOUS'],"['ENDOGENOUS', 'MEDICAL']",['ENDOGENOUS'],['INFO']
4909,WIKIPEDIA,['ENDOGENOUS'],['ENDOGENOUS'],['ENDOGENOUS'],['ENDOGENOUS']
4910,WIKIPEDIA,"['MEDICAL', 'INDUSTRIAL']",['INFO'],"['MEDICAL', 'INDUSTRIAL']",['INFO']
4911,WIKIPEDIA,['INFO'],"['MEDICAL', 'FOOD']","['FOOD', 'PERSONAL CARE', 'INDUSTRIAL']",['INFO']
4912,PUBMED,['INFO'],"['ENDOGENOUS', 'FOOD']",['INFO'],"['ENDOGENOUS', 'FOOD']"
4913,WIKIPEDIA,"['FOOD', 'PERSONAL CARE', 'ENDOGENOUS', 'MEDICAL']",['INFO'],"['FOOD', 'PERSONAL CARE', 'ENDOGENOUS', 'MEDICAL']",['INFO']
4914,WIKIPEDIA,"['INDUSTRIAL', 'PERSONAL CARE']",['INDUSTRIAL'],"['INDUSTRIAL', 'PERSONAL CARE']",['INFO']
4915,PUBMED,['MEDICAL'],['INFO'],['MEDICAL'],['MEDICAL']
4916,PUBMED,['INDUSTRIAL'],['INFO'],['INFO'],['INFO']
4917,PUBMED,['MEDICAL'],['MEDICAL'],['MEDICAL'],['INFO']
4918,WIKIPEDIA,['MEDICAL'],['MEDICAL'],['MEDICAL'],['INFO']
4919,WIKIPEDIA,"['ENDOGENOUS', 'FOOD']","['ENDOGENOUS', 'FOOD']",['ENDOGENOUS'],"['ENDOGENOUS', 'FOOD']"
4920,WIKIPEDIA,['INFO'],['INFO'],['INFO'],['INFO']
4921,WIKIPEDIA,"['MEDICAL', 'INDUSTRIAL']",['INFO'],['INFO'],['INFO']
4922,WIKIPEDIA,['MEDICAL'],['MEDICAL'],['INFO'],['INFO']
4923,WIKIPEDIA,"['MEDICAL', 'ENDOGENOUS']",['INFO'],"['MEDICAL', 'ENDOGENOUS']",['INFO']
4924,PUBMED,['MEDICAL'],['MEDICAL'],['INFO'],['MEDICAL']
4925,WIKIPEDIA,"['FOOD', 'ENDOGENOUS']",['FOOD'],['FOOD'],['FOOD']
4926,WIKIPEDIA,"['INDUSTRIAL', 'INFO']",['INFO'],['INDUSTRIAL'],['INFO']
4927,PUBMED,['INFO'],['INFO'],['INFO'],['INFO']
4928,WIKIPEDIA,"['ENDOGENOUS', 'FOOD']","['ENDOGENOUS', 'FOOD']","['ENDOGENOUS', 'FOOD']","['ENDOGENOUS', 'FOOD', 'PERSONAL CARE']"
4929,WIKIPEDIA,"['INDUSTRIAL', 'MEDICAL']",['INDUSTRIAL'],['INDUSTRIAL'],['INDUSTRIAL']
4930,WIKIPEDIA,"['MEDICAL', 'INDUSTRIAL']",['INFO'],['INFO'],['INFO']
4931,WIKIPEDIA,"['INDUSTRIAL', 'PERSONAL CARE']","['PERSONAL CARE', 'INDUSTRIAL']","['INDUSTRIAL', 'PERSONAL CARE']","['PERSONAL CARE', 'INDUSTRIAL']"
4932,WIKIPEDIA,['MEDICAL'],['INFO'],['INFO'],['INFO']
4933,WIKIPEDIA,['MEDICAL'],['MEDICAL'],['INFO'],['INFO']
4934,PUBMED,['MEDICAL'],['MEDICAL'],['MEDICAL'],['MEDICAL']
4935,PUBMED,['INFO'],['INFO'],['INFO'],['INFO']
4936,WIKIPEDIA,"['FOOD', 'INDUSTRIAL']",['INFO'],"['FOOD', 'PERSONAL CARE', 'INDUSTRIAL']","['FOOD', 'PERSONAL CARE', 'INDUSTRIAL']"
4937,WIKIPEDIA,"['FOOD', 'INDUSTRIAL']","['ENDOGENOUS', 'FOOD']",['INFO'],['INFO']
4938,WIKIPEDIA,"['INDUSTRIAL', 'MEDICAL']",['INFO'],['INDUSTRIAL'],['INFO']
4939,PUBMED,['MEDICAL'],['INFO'],['MEDICAL'],['INFO']
4940,WIKIPEDIA,['INFO'],['INFO'],['INFO'],['INFO']
4941,PUBMED,['MEDICAL'],['MEDICAL'],['MEDICAL'],['INFO']
4942,WIKIPEDIA,['ENDOGENOUS'],"['ENDOGENOUS', 'MEDICAL']",['ENDOGENOUS'],['ENDOGENOUS']
4943,WIKIPEDIA,"['MEDICAL', 'FOOD', 'ENDOGENOUS']",['INFO'],"['MEDICAL', 'FOOD']",['INFO']
4944,WIKIPEDIA,['INDUSTRIAL'],['INDUSTRIAL'],['INDUSTRIAL'],"['INDUSTRIAL', 'PERSONAL CARE', 'MEDICAL']"
4945,WIKIPEDIA,"['FOOD', 'INDUSTRIAL', 'PERSONAL CARE']",['FOOD'],"['FOOD', 'PERSONAL CARE', 'INDUSTRIAL']","['FOOD', 'PERSONAL CARE', 'INDUSTRIAL']"
4946,WIKIPEDIA,['INFO'],['FOOD'],['INFO'],['INFO']
4947,PUBMED,['MEDICAL'],['INDUSTRIAL'],['MEDICAL'],['INFO']
4948,WIKIPEDIA,['MEDICAL'],['MEDICAL'],['MEDICAL'],['INFO']
4949,WIKIPEDIA,"['FOOD', 'ENDOGENOUS']","['ENDOGENOUS', 'FOOD']","['ENDOGENOUS', 'FOOD']","['ENDOGENOUS', 'FOOD']"
4950,WIKIPEDIA,"['INDUSTRIAL', 'MEDICAL']",['INDUSTRIAL'],['INDUSTRIAL'],['INDUSTRIAL']
4951,WIKIPEDIA,"['MEDICAL', 'ENDOGENOUS']",['INFO'],['ENDOGENOUS'],['INFO']
4952,WIKIPEDIA,"['MEDICAL', 'FOOD', 'INFO']",['INFO'],"['FOOD', 'INFO']",['INFO']
